Loading plugins phase: Elapsed time ==> 0s.575ms
<CYPRESSTAG name="CyDsfit arguments...">
cydsfit arguments: -.fdsnotice -.fdswarpdepfile=warp_dependencies.txt -.fdselabdepfile=elab_dependencies.txt -.fdsbldfile=generated_files.txt -.fdsreffile=referenced_files.txt -p D:\Uni\Mikokontrollerek\MikroAlk-HF\KartonBalance.cydsn\KartonBalance.cyprj -d CY8C5888LTI-LP097 -s D:\Uni\Mikokontrollerek\MikroAlk-HF\KartonBalance.cydsn\Generated_Source\PSoC5 -- -yv2 -q10 -ygs -o2 -v3 -.fftcfgtype=LE
</CYPRESSTAG>
<CYPRESSTAG name="Design elaboration results...">
</CYPRESSTAG>
Elaboration phase: Elapsed time ==> 2s.373ms
<CYPRESSTAG name="HDL generation results...">
</CYPRESSTAG>
HDL generation phase: Elapsed time ==> 0s.102ms
<CYPRESSTAG name="Synthesis results...">

     | | | | | | |
   _________________
  -|               |-
  -|               |-
  -|               |-
  -|    CYPRESS    |-
  -|               |-
  -|               |-   Warp Verilog Synthesis Compiler: Version 6.3 IR 41
  -|               |-   Copyright (C) 1991-2001 Cypress Semiconductor
   |_______________|
     | | | | | | |

======================================================================
Compiling:  KartonBalance.v
Program  :   E:\Programs\PSoC\PSoC Creator\4.4\PSoC Creator\warp\bin\warp.exe
Options  :    -yv2 -q10 -ygs -o2 -v3 -.fftcfgtype=LE -ya -.fftprj=D:\Uni\Mikokontrollerek\MikroAlk-HF\KartonBalance.cydsn\KartonBalance.cyprj -dcpsoc3 KartonBalance.v -verilog
======================================================================

======================================================================
Compiling:  KartonBalance.v
Program  :   E:\Programs\PSoC\PSoC Creator\4.4\PSoC Creator\warp\bin\warp.exe
Options  :    -yv2 -q10 -ygs -o2 -v3 -.fftcfgtype=LE -ya -.fftprj=D:\Uni\Mikokontrollerek\MikroAlk-HF\KartonBalance.cydsn\KartonBalance.cyprj -dcpsoc3 KartonBalance.v -verilog
======================================================================

======================================================================
Compiling:  KartonBalance.v
Program  :   vlogfe
Options  :    -yv2 -q10 -ygs -o2 -v3 -.fftcfgtype=LE -ya -.fftprj=D:\Uni\Mikokontrollerek\MikroAlk-HF\KartonBalance.cydsn\KartonBalance.cyprj -dcpsoc3 -verilog KartonBalance.v
======================================================================

vlogfe V6.3 IR 41:  Verilog parser
Fri Jul 05 23:27:28 2024


======================================================================
Compiling:  KartonBalance.v
Program  :   vpp
Options  :    -yv2 -q10 KartonBalance.v
======================================================================

vpp V6.3 IR 41:  Verilog Pre-Processor
Fri Jul 05 23:27:28 2024

Flattening file 'E:\Programs\PSoC\PSoC Creator\4.4\PSoC Creator\psoc\content\CyComponentLibrary\CyComponentLibrary.cylib\B_PWM_v3_30\B_PWM_v3_30.v'
Flattening file 'E:\Programs\PSoC\PSoC Creator\4.4\PSoC Creator\warp\lib\common\cypress.v'
Flattening file 'E:\Programs\PSoC\PSoC Creator\4.4\PSoC Creator\warp\lib\common\cy_psoc3_inc.v'
Flattening file 'E:\Programs\PSoC\PSoC Creator\4.4\PSoC Creator\psoc\content\CyPrimitives\cyprimitives.cylib\cy_virtualmux_v1_0\cy_virtualmux_v1_0.v'
Flattening file 'E:\Programs\PSoC\PSoC Creator\4.4\PSoC Creator\psoc\content\CyPrimitives\cyprimitives.cylib\OneTerminal\OneTerminal.v'
Flattening file 'E:\Programs\PSoC\PSoC Creator\4.4\PSoC Creator\psoc\content\CyPrimitives\cyprimitives.cylib\ZeroTerminal\ZeroTerminal.v'
Flattening file 'E:\Programs\PSoC\PSoC Creator\4.4\PSoC Creator\psoc\content\CyPrimitives\cyprimitives.cylib\not_v1_0\not_v1_0.v'
Flattening file 'E:\Programs\PSoC\PSoC Creator\4.4\PSoC Creator\psoc\content\CyPrimitives\cyprimitives.cylib\or_v1_0\or_v1_0.v'
Flattening file 'E:\Programs\PSoC\PSoC Creator\4.4\PSoC Creator\psoc\content\CyPrimitives\cyprimitives.cylib\cy_constant_v1_0\cy_constant_v1_0.v'
Flattening file 'E:\Programs\PSoC\PSoC Creator\4.4\PSoC Creator\psoc\content\CyComponentLibrary\CyComponentLibrary.cylib\B_UART_v2_50\B_UART_v2_50.v'
Flattening file 'E:\Programs\PSoC\PSoC Creator\4.4\PSoC Creator\warp\lib\common\cypress.v'

vpp:  No errors.

Library 'work' => directory 'lcpsoc3'
General_symbol_table
General_symbol_table
Linking 'E:\Programs\PSoC\PSoC Creator\4.4\PSoC Creator\warp\lib\common\std.vhd'.
Linking 'E:\Programs\PSoC\PSoC Creator\4.4\PSoC Creator\warp\lib\common\cypress.vhd'.
Linking 'E:\Programs\PSoC\PSoC Creator\4.4\PSoC Creator\warp\lib\common\work\cypress.vif'.
Linking 'E:\Programs\PSoC\PSoC Creator\4.4\PSoC Creator\warp\lib\ieee\work\stdlogic.vif'.
Linking 'E:\Programs\PSoC\PSoC Creator\4.4\PSoC Creator\warp\lib\common\stdlogic\lpmpkg.vif'.
Linking 'E:\Programs\PSoC\PSoC Creator\4.4\PSoC Creator\warp\lib\common\stdlogic\rtlpkg.vif'.
Linking 'E:\Programs\PSoC\PSoC Creator\4.4\PSoC Creator\warp\lib\common\stdlogic\mod_cnst.vif'.
Linking 'E:\Programs\PSoC\PSoC Creator\4.4\PSoC Creator\warp\lib\common\stdlogic\mod_mthv.vif'.
Linking 'E:\Programs\PSoC\PSoC Creator\4.4\PSoC Creator\warp\lib\common\stdlogic\mod_genv.vif'.
Using control file 'KartonBalance.ctl'.
E:\Programs\PSoC\PSoC Creator\4.4\PSoC Creator\psoc\content\CyComponentLibrary\CyComponentLibrary.cylib\B_PWM_v3_30\B_PWM_v3_30.v (line 947, col 46):  Note: Substituting module 'sub_vi_vv' for '-'.
E:\Programs\PSoC\PSoC Creator\4.4\PSoC Creator\psoc\content\CyComponentLibrary\CyComponentLibrary.cylib\B_PWM_v3_30\B_PWM_v3_30.v (line 977, col 46):  Note: Substituting module 'add_vi_vv' for '+'.
E:\Programs\PSoC\PSoC Creator\4.4\PSoC Creator\psoc\content\CyComponentLibrary\CyComponentLibrary.cylib\B_UART_v2_50\B_UART_v2_50.v (line 1113, col 55):  Note: Substituting module 'add_vv_vv' for '+'.
E:\Programs\PSoC\PSoC Creator\4.4\PSoC Creator\psoc\content\CyComponentLibrary\CyComponentLibrary.cylib\B_UART_v2_50\B_UART_v2_50.v (line 1122, col 48):  Note: Substituting module 'cmp_vv_vv' for '<'.
E:\Programs\PSoC\PSoC Creator\4.4\PSoC Creator\psoc\content\CyComponentLibrary\CyComponentLibrary.cylib\B_UART_v2_50\B_UART_v2_50.v (line 1122, col 77):  Note: Substituting module 'cmp_vv_vv' for '<'.
E:\Programs\PSoC\PSoC Creator\4.4\PSoC Creator\psoc\content\CyComponentLibrary\CyComponentLibrary.cylib\B_UART_v2_50\B_UART_v2_50.v (line 1389, col 59):  Note: Substituting module 'cmp_vv_vv' for '<'.
E:\Programs\PSoC\PSoC Creator\4.4\PSoC Creator\psoc\content\CyComponentLibrary\CyComponentLibrary.cylib\B_UART_v2_50\B_UART_v2_50.v (line 1424, col 61):  Note: Substituting module 'cmp_vv_vv' for '/='.
E:\Programs\PSoC\PSoC Creator\4.4\PSoC Creator\psoc\content\CyComponentLibrary\CyComponentLibrary.cylib\B_UART_v2_50\B_UART_v2_50.v (line 1547, col 106):  Note: Substituting module 'cmp_vv_vv' for '<'.
E:\Programs\PSoC\PSoC Creator\4.4\PSoC Creator\psoc\content\CyComponentLibrary\CyComponentLibrary.cylib\B_UART_v2_50\B_UART_v2_50.v (line 1603, col 68):  Note: Substituting module 'cmp_vv_vv' for '<'.
E:\Programs\PSoC\PSoC Creator\4.4\PSoC Creator\psoc\content\CyComponentLibrary\CyComponentLibrary.cylib\B_UART_v2_50\B_UART_v2_50.v (line 1604, col 68):  Note: Substituting module 'cmp_vv_vv' for '<'.
Linking 'E:\Programs\PSoC\PSoC Creator\4.4\PSoC Creator\warp\lib\common\stdlogic\cy_psoc3pkg.vif'.
Linking 'E:\Programs\PSoC\PSoC Creator\4.4\PSoC Creator\warp\lib\common\stdlogic\cy_psoc3.vif'.

vlogfe:  No errors.


======================================================================
Compiling:  KartonBalance.v
Program  :   tovif
Options  :    -yv2 -q10 -ygs -o2 -v3 -.fftcfgtype=LE -ya -.fftprj=D:\Uni\Mikokontrollerek\MikroAlk-HF\KartonBalance.cydsn\KartonBalance.cyprj -dcpsoc3 -verilog KartonBalance.v
======================================================================

tovif V6.3 IR 41:  High-level synthesis
Fri Jul 05 23:27:29 2024

Linking 'E:\Programs\PSoC\PSoC Creator\4.4\PSoC Creator\warp\lib\common\std.vhd'.
Linking 'E:\Programs\PSoC\PSoC Creator\4.4\PSoC Creator\warp\lib\common\cypress.vhd'.
Linking 'E:\Programs\PSoC\PSoC Creator\4.4\PSoC Creator\warp\lib\common\work\cypress.vif'.
Linking 'E:\Programs\PSoC\PSoC Creator\4.4\PSoC Creator\warp\lib\ieee\work\stdlogic.vif'.
Linking 'E:\Programs\PSoC\PSoC Creator\4.4\PSoC Creator\warp\lib\common\stdlogic\lpmpkg.vif'.
Linking 'E:\Programs\PSoC\PSoC Creator\4.4\PSoC Creator\warp\lib\common\stdlogic\rtlpkg.vif'.
Linking 'E:\Programs\PSoC\PSoC Creator\4.4\PSoC Creator\warp\lib\common\stdlogic\mod_cnst.vif'.
Linking 'E:\Programs\PSoC\PSoC Creator\4.4\PSoC Creator\warp\lib\common\stdlogic\mod_mthv.vif'.
Linking 'E:\Programs\PSoC\PSoC Creator\4.4\PSoC Creator\warp\lib\common\stdlogic\mod_genv.vif'.
Linking 'D:\Uni\Mikokontrollerek\MikroAlk-HF\KartonBalance.cydsn\codegentemp\KartonBalance.ctl'.
Linking 'E:\Programs\PSoC\PSoC Creator\4.4\PSoC Creator\psoc\content\CyComponentLibrary\CyComponentLibrary.cylib\B_PWM_v3_30\B_PWM_v3_30.v'.
Linking 'E:\Programs\PSoC\PSoC Creator\4.4\PSoC Creator\warp\lib\common\cypress.v'.
Linking 'E:\Programs\PSoC\PSoC Creator\4.4\PSoC Creator\warp\lib\common\cy_psoc3_inc.v'.
Linking 'D:\Uni\Mikokontrollerek\MikroAlk-HF\KartonBalance.cydsn\codegentemp\KartonBalance.v'.
Linking 'E:\Programs\PSoC\PSoC Creator\4.4\PSoC Creator\psoc\content\CyPrimitives\cyprimitives.cylib\cy_virtualmux_v1_0\cy_virtualmux_v1_0.v'.
Linking 'E:\Programs\PSoC\PSoC Creator\4.4\PSoC Creator\psoc\content\CyPrimitives\cyprimitives.cylib\OneTerminal\OneTerminal.v'.
Linking 'E:\Programs\PSoC\PSoC Creator\4.4\PSoC Creator\psoc\content\CyPrimitives\cyprimitives.cylib\ZeroTerminal\ZeroTerminal.v'.
Linking 'E:\Programs\PSoC\PSoC Creator\4.4\PSoC Creator\psoc\content\CyPrimitives\cyprimitives.cylib\not_v1_0\not_v1_0.v'.
Linking 'E:\Programs\PSoC\PSoC Creator\4.4\PSoC Creator\psoc\content\CyPrimitives\cyprimitives.cylib\or_v1_0\or_v1_0.v'.
Linking 'E:\Programs\PSoC\PSoC Creator\4.4\PSoC Creator\psoc\content\CyPrimitives\cyprimitives.cylib\cy_constant_v1_0\cy_constant_v1_0.v'.
Linking 'E:\Programs\PSoC\PSoC Creator\4.4\PSoC Creator\psoc\content\CyComponentLibrary\CyComponentLibrary.cylib\B_UART_v2_50\B_UART_v2_50.v'.
Linking 'E:\Programs\PSoC\PSoC Creator\4.4\PSoC Creator\warp\lib\common\stdlogic\cy_psoc3pkg.vif'.
Linking 'E:\Programs\PSoC\PSoC Creator\4.4\PSoC Creator\warp\lib\common\stdlogic\cy_psoc3.vif'.
Linking 'E:\Programs\PSoC\PSoC Creator\4.4\PSoC Creator\warp\lib\lcpsoc3\stdlogic\mod_cnst.vif'.
Linking 'E:\Programs\PSoC\PSoC Creator\4.4\PSoC Creator\warp\lib\common\stdlogic\mcompare.vif'.

tovif:  No errors.


======================================================================
Compiling:  KartonBalance.v
Program  :   topld
Options  :    -yv2 -q10 -ygs -o2 -v3 -.fftcfgtype=LE -ya -.fftprj=D:\Uni\Mikokontrollerek\MikroAlk-HF\KartonBalance.cydsn\KartonBalance.cyprj -dcpsoc3 -verilog KartonBalance.v
======================================================================

topld V6.3 IR 41:  Synthesis and optimization
Fri Jul 05 23:27:30 2024

Linking 'E:\Programs\PSoC\PSoC Creator\4.4\PSoC Creator\warp\lib\common\std.vhd'.
Linking 'E:\Programs\PSoC\PSoC Creator\4.4\PSoC Creator\warp\lib\common\cypress.vhd'.
Linking 'E:\Programs\PSoC\PSoC Creator\4.4\PSoC Creator\warp\lib\common\work\cypress.vif'.
Linking 'E:\Programs\PSoC\PSoC Creator\4.4\PSoC Creator\warp\lib\ieee\work\stdlogic.vif'.
Linking 'E:\Programs\PSoC\PSoC Creator\4.4\PSoC Creator\warp\lib\common\stdlogic\lpmpkg.vif'.
Linking 'E:\Programs\PSoC\PSoC Creator\4.4\PSoC Creator\warp\lib\common\stdlogic\rtlpkg.vif'.
Linking 'E:\Programs\PSoC\PSoC Creator\4.4\PSoC Creator\warp\lib\common\stdlogic\mod_cnst.vif'.
Linking 'E:\Programs\PSoC\PSoC Creator\4.4\PSoC Creator\warp\lib\common\stdlogic\mod_mthv.vif'.
Linking 'E:\Programs\PSoC\PSoC Creator\4.4\PSoC Creator\warp\lib\common\stdlogic\mod_genv.vif'.
Linking 'D:\Uni\Mikokontrollerek\MikroAlk-HF\KartonBalance.cydsn\codegentemp\KartonBalance.ctl'.
Linking 'E:\Programs\PSoC\PSoC Creator\4.4\PSoC Creator\psoc\content\CyComponentLibrary\CyComponentLibrary.cylib\B_PWM_v3_30\B_PWM_v3_30.v'.
Linking 'E:\Programs\PSoC\PSoC Creator\4.4\PSoC Creator\warp\lib\common\cypress.v'.
Linking 'E:\Programs\PSoC\PSoC Creator\4.4\PSoC Creator\warp\lib\common\cy_psoc3_inc.v'.
Linking 'D:\Uni\Mikokontrollerek\MikroAlk-HF\KartonBalance.cydsn\codegentemp\KartonBalance.v'.
Linking 'E:\Programs\PSoC\PSoC Creator\4.4\PSoC Creator\psoc\content\CyPrimitives\cyprimitives.cylib\cy_virtualmux_v1_0\cy_virtualmux_v1_0.v'.
Linking 'E:\Programs\PSoC\PSoC Creator\4.4\PSoC Creator\psoc\content\CyPrimitives\cyprimitives.cylib\OneTerminal\OneTerminal.v'.
Linking 'E:\Programs\PSoC\PSoC Creator\4.4\PSoC Creator\psoc\content\CyPrimitives\cyprimitives.cylib\ZeroTerminal\ZeroTerminal.v'.
Linking 'E:\Programs\PSoC\PSoC Creator\4.4\PSoC Creator\psoc\content\CyPrimitives\cyprimitives.cylib\not_v1_0\not_v1_0.v'.
Linking 'E:\Programs\PSoC\PSoC Creator\4.4\PSoC Creator\psoc\content\CyPrimitives\cyprimitives.cylib\or_v1_0\or_v1_0.v'.
Linking 'E:\Programs\PSoC\PSoC Creator\4.4\PSoC Creator\psoc\content\CyPrimitives\cyprimitives.cylib\cy_constant_v1_0\cy_constant_v1_0.v'.
Linking 'E:\Programs\PSoC\PSoC Creator\4.4\PSoC Creator\psoc\content\CyComponentLibrary\CyComponentLibrary.cylib\B_UART_v2_50\B_UART_v2_50.v'.
Linking 'E:\Programs\PSoC\PSoC Creator\4.4\PSoC Creator\warp\lib\common\stdlogic\cy_psoc3pkg.vif'.
Linking 'E:\Programs\PSoC\PSoC Creator\4.4\PSoC Creator\warp\lib\common\stdlogic\cy_psoc3.vif'.
Linking 'E:\Programs\PSoC\PSoC Creator\4.4\PSoC Creator\warp\lib\lcpsoc3\stdlogic\mod_cnst.vif'.
Linking 'E:\Programs\PSoC\PSoC Creator\4.4\PSoC Creator\warp\lib\common\stdlogic\mcompare.vif'.
Linking 'E:\Programs\PSoC\PSoC Creator\4.4\PSoC Creator\warp\lib\lcpsoc3\stdlogic\cpsoc3.vif'.

----------------------------------------------------------
Detecting unused logic.
----------------------------------------------------------
    User names
	\PWM_Motor:PWMUDB:km_run\
	\PWM_Motor:PWMUDB:ctrl_cmpmode2_2\
	\PWM_Motor:PWMUDB:ctrl_cmpmode2_1\
	\PWM_Motor:PWMUDB:ctrl_cmpmode2_0\
	\PWM_Motor:PWMUDB:ctrl_cmpmode1_2\
	\PWM_Motor:PWMUDB:ctrl_cmpmode1_1\
	\PWM_Motor:PWMUDB:ctrl_cmpmode1_0\
	\PWM_Motor:PWMUDB:capt_rising\
	\PWM_Motor:PWMUDB:capt_falling\
	\PWM_Motor:PWMUDB:trig_rise\
	\PWM_Motor:PWMUDB:trig_fall\
	\PWM_Motor:PWMUDB:sc_kill\
	\PWM_Motor:PWMUDB:min_kill\
	\PWM_Motor:PWMUDB:km_tc\
	\PWM_Motor:PWMUDB:db_tc\
	\PWM_Motor:PWMUDB:dith_sel\
	\PWM_Motor:Net_101\
	\PWM_Motor:Net_96\
	\PWM_Motor:PWMUDB:MODULE_1:b_31\
	\PWM_Motor:PWMUDB:MODULE_1:b_30\
	\PWM_Motor:PWMUDB:MODULE_1:b_29\
	\PWM_Motor:PWMUDB:MODULE_1:b_28\
	\PWM_Motor:PWMUDB:MODULE_1:b_27\
	\PWM_Motor:PWMUDB:MODULE_1:b_26\
	\PWM_Motor:PWMUDB:MODULE_1:b_25\
	\PWM_Motor:PWMUDB:MODULE_1:b_24\
	\PWM_Motor:PWMUDB:MODULE_1:b_23\
	\PWM_Motor:PWMUDB:MODULE_1:b_22\
	\PWM_Motor:PWMUDB:MODULE_1:b_21\
	\PWM_Motor:PWMUDB:MODULE_1:b_20\
	\PWM_Motor:PWMUDB:MODULE_1:b_19\
	\PWM_Motor:PWMUDB:MODULE_1:b_18\
	\PWM_Motor:PWMUDB:MODULE_1:b_17\
	\PWM_Motor:PWMUDB:MODULE_1:b_16\
	\PWM_Motor:PWMUDB:MODULE_1:b_15\
	\PWM_Motor:PWMUDB:MODULE_1:b_14\
	\PWM_Motor:PWMUDB:MODULE_1:b_13\
	\PWM_Motor:PWMUDB:MODULE_1:b_12\
	\PWM_Motor:PWMUDB:MODULE_1:b_11\
	\PWM_Motor:PWMUDB:MODULE_1:b_10\
	\PWM_Motor:PWMUDB:MODULE_1:b_9\
	\PWM_Motor:PWMUDB:MODULE_1:b_8\
	\PWM_Motor:PWMUDB:MODULE_1:b_7\
	\PWM_Motor:PWMUDB:MODULE_1:b_6\
	\PWM_Motor:PWMUDB:MODULE_1:b_5\
	\PWM_Motor:PWMUDB:MODULE_1:b_4\
	\PWM_Motor:PWMUDB:MODULE_1:b_3\
	\PWM_Motor:PWMUDB:MODULE_1:b_2\
	\PWM_Motor:PWMUDB:MODULE_1:b_1\
	\PWM_Motor:PWMUDB:MODULE_1:b_0\
	\PWM_Motor:PWMUDB:MODULE_1:g2:a0:a_31\
	\PWM_Motor:PWMUDB:MODULE_1:g2:a0:a_30\
	\PWM_Motor:PWMUDB:MODULE_1:g2:a0:a_29\
	\PWM_Motor:PWMUDB:MODULE_1:g2:a0:a_28\
	\PWM_Motor:PWMUDB:MODULE_1:g2:a0:a_27\
	\PWM_Motor:PWMUDB:MODULE_1:g2:a0:a_26\
	\PWM_Motor:PWMUDB:MODULE_1:g2:a0:a_25\
	\PWM_Motor:PWMUDB:MODULE_1:g2:a0:a_24\
	\PWM_Motor:PWMUDB:MODULE_1:g2:a0:b_31\
	\PWM_Motor:PWMUDB:MODULE_1:g2:a0:b_30\
	\PWM_Motor:PWMUDB:MODULE_1:g2:a0:b_29\
	\PWM_Motor:PWMUDB:MODULE_1:g2:a0:b_28\
	\PWM_Motor:PWMUDB:MODULE_1:g2:a0:b_27\
	\PWM_Motor:PWMUDB:MODULE_1:g2:a0:b_26\
	\PWM_Motor:PWMUDB:MODULE_1:g2:a0:b_25\
	\PWM_Motor:PWMUDB:MODULE_1:g2:a0:b_24\
	\PWM_Motor:PWMUDB:MODULE_1:g2:a0:b_23\
	\PWM_Motor:PWMUDB:MODULE_1:g2:a0:b_22\
	\PWM_Motor:PWMUDB:MODULE_1:g2:a0:b_21\
	\PWM_Motor:PWMUDB:MODULE_1:g2:a0:b_20\
	\PWM_Motor:PWMUDB:MODULE_1:g2:a0:b_19\
	\PWM_Motor:PWMUDB:MODULE_1:g2:a0:b_18\
	\PWM_Motor:PWMUDB:MODULE_1:g2:a0:b_17\
	\PWM_Motor:PWMUDB:MODULE_1:g2:a0:b_16\
	\PWM_Motor:PWMUDB:MODULE_1:g2:a0:b_15\
	\PWM_Motor:PWMUDB:MODULE_1:g2:a0:b_14\
	\PWM_Motor:PWMUDB:MODULE_1:g2:a0:b_13\
	\PWM_Motor:PWMUDB:MODULE_1:g2:a0:b_12\
	\PWM_Motor:PWMUDB:MODULE_1:g2:a0:b_11\
	\PWM_Motor:PWMUDB:MODULE_1:g2:a0:b_10\
	\PWM_Motor:PWMUDB:MODULE_1:g2:a0:b_9\
	\PWM_Motor:PWMUDB:MODULE_1:g2:a0:b_8\
	\PWM_Motor:PWMUDB:MODULE_1:g2:a0:b_7\
	\PWM_Motor:PWMUDB:MODULE_1:g2:a0:b_6\
	\PWM_Motor:PWMUDB:MODULE_1:g2:a0:b_5\
	\PWM_Motor:PWMUDB:MODULE_1:g2:a0:b_4\
	\PWM_Motor:PWMUDB:MODULE_1:g2:a0:b_3\
	\PWM_Motor:PWMUDB:MODULE_1:g2:a0:b_2\
	\PWM_Motor:PWMUDB:MODULE_1:g2:a0:b_1\
	\PWM_Motor:PWMUDB:MODULE_1:g2:a0:b_0\
	\PWM_Motor:PWMUDB:MODULE_1:g2:a0:s_31\
	\PWM_Motor:PWMUDB:MODULE_1:g2:a0:s_30\
	\PWM_Motor:PWMUDB:MODULE_1:g2:a0:s_29\
	\PWM_Motor:PWMUDB:MODULE_1:g2:a0:s_28\
	\PWM_Motor:PWMUDB:MODULE_1:g2:a0:s_27\
	\PWM_Motor:PWMUDB:MODULE_1:g2:a0:s_26\
	\PWM_Motor:PWMUDB:MODULE_1:g2:a0:s_25\
	\PWM_Motor:PWMUDB:MODULE_1:g2:a0:s_24\
	\PWM_Motor:PWMUDB:MODULE_1:g2:a0:s_23\
	\PWM_Motor:PWMUDB:MODULE_1:g2:a0:s_22\
	\PWM_Motor:PWMUDB:MODULE_1:g2:a0:s_21\
	\PWM_Motor:PWMUDB:MODULE_1:g2:a0:s_20\
	\PWM_Motor:PWMUDB:MODULE_1:g2:a0:s_19\
	\PWM_Motor:PWMUDB:MODULE_1:g2:a0:s_18\
	\PWM_Motor:PWMUDB:MODULE_1:g2:a0:s_17\
	\PWM_Motor:PWMUDB:MODULE_1:g2:a0:s_16\
	\PWM_Motor:PWMUDB:MODULE_1:g2:a0:s_15\
	\PWM_Motor:PWMUDB:MODULE_1:g2:a0:s_14\
	\PWM_Motor:PWMUDB:MODULE_1:g2:a0:s_13\
	\PWM_Motor:PWMUDB:MODULE_1:g2:a0:s_12\
	\PWM_Motor:PWMUDB:MODULE_1:g2:a0:s_11\
	\PWM_Motor:PWMUDB:MODULE_1:g2:a0:s_10\
	\PWM_Motor:PWMUDB:MODULE_1:g2:a0:s_9\
	\PWM_Motor:PWMUDB:MODULE_1:g2:a0:s_8\
	\PWM_Motor:PWMUDB:MODULE_1:g2:a0:s_7\
	\PWM_Motor:PWMUDB:MODULE_1:g2:a0:s_6\
	\PWM_Motor:PWMUDB:MODULE_1:g2:a0:s_5\
	\PWM_Motor:PWMUDB:MODULE_1:g2:a0:s_4\
	\PWM_Motor:PWMUDB:MODULE_1:g2:a0:s_3\
	\PWM_Motor:PWMUDB:MODULE_1:g2:a0:s_2\
	\PWM_Motor:PWMUDB:MODULE_1:g2:a0:g1:z1:s0:g1:u0:c_31\
	\PWM_Motor:PWMUDB:MODULE_1:g2:a0:g1:z1:s0:g1:u0:c_30\
	\PWM_Motor:PWMUDB:MODULE_1:g2:a0:g1:z1:s0:g1:u0:c_29\
	\PWM_Motor:PWMUDB:MODULE_1:g2:a0:g1:z1:s0:g1:u0:c_28\
	\PWM_Motor:PWMUDB:MODULE_1:g2:a0:g1:z1:s0:g1:u0:c_27\
	\PWM_Motor:PWMUDB:MODULE_1:g2:a0:g1:z1:s0:g1:u0:c_26\
	\PWM_Motor:PWMUDB:MODULE_1:g2:a0:g1:z1:s0:g1:u0:c_25\
	Net_170
	Net_166
	Net_174
	\PWM_Motor:Net_113\
	\PWM_Motor:Net_107\
	\PWM_Motor:Net_114\
	\I2C_GY87:udb_clk\
	Net_114
	\I2C_GY87:Net_973\
	Net_116
	\I2C_GY87:Net_974\
	\I2C_GY87:timeout_clk\
	Net_117
	\I2C_GY87:Net_975\
	Net_120
	Net_122
	\UART_USB:BUART:reset_sr\
	Net_552
	\UART_USB:BUART:sRX:s23Poll:MODULE_2:g2:a0:b_1\
	\UART_USB:BUART:sRX:s23Poll:MODULE_2:g2:a0:b_0\
	\UART_USB:BUART:sRX:s23Poll:MODULE_3:g2:a0:gta_0\
	\UART_USB:BUART:sRX:s23Poll:MODULE_4:g2:a0:gta_0\
	Net_543
	\UART_USB:BUART:sRX:MODULE_5:g2:a0:gta_0\
	\UART_USB:BUART:sRX:MODULE_6:g1:a0:gx:u0:albi_1\
	\UART_USB:BUART:sRX:MODULE_6:g1:a0:gx:u0:agbi_1\
	\UART_USB:BUART:sRX:MODULE_6:g1:a0:gx:u0:lt_0\
	\UART_USB:BUART:sRX:MODULE_6:g1:a0:gx:u0:gt_0\
	\UART_USB:BUART:sRX:MODULE_6:g1:a0:gx:u0:lti_0\
	\UART_USB:BUART:sRX:MODULE_6:g1:a0:gx:u0:gti_0\
	\UART_USB:BUART:sRX:MODULE_6:g1:a0:gx:u0:albi_0\
	\UART_USB:BUART:sRX:MODULE_6:g1:a0:gx:u0:agbi_0\
	\UART_USB:BUART:sRX:MODULE_6:g1:a0:xeq\
	\UART_USB:BUART:sRX:MODULE_6:g1:a0:xlt\
	\UART_USB:BUART:sRX:MODULE_6:g1:a0:xlte\
	\UART_USB:BUART:sRX:MODULE_6:g1:a0:xgt\
	\UART_USB:BUART:sRX:MODULE_6:g1:a0:xgte\
	\UART_USB:BUART:sRX:MODULE_6:lt\
	\UART_USB:BUART:sRX:MODULE_6:eq\
	\UART_USB:BUART:sRX:MODULE_6:gt\
	\UART_USB:BUART:sRX:MODULE_6:gte\
	\UART_USB:BUART:sRX:MODULE_6:lte\
	\PWM_LED:PWMUDB:km_run\
	\PWM_LED:PWMUDB:ctrl_cmpmode2_2\
	\PWM_LED:PWMUDB:ctrl_cmpmode2_1\
	\PWM_LED:PWMUDB:ctrl_cmpmode2_0\
	\PWM_LED:PWMUDB:ctrl_cmpmode1_2\
	\PWM_LED:PWMUDB:ctrl_cmpmode1_1\
	\PWM_LED:PWMUDB:ctrl_cmpmode1_0\
	\PWM_LED:PWMUDB:capt_rising\
	\PWM_LED:PWMUDB:capt_falling\
	\PWM_LED:PWMUDB:trig_rise\
	\PWM_LED:PWMUDB:trig_fall\
	\PWM_LED:PWMUDB:sc_kill\
	\PWM_LED:PWMUDB:min_kill\
	\PWM_LED:PWMUDB:km_tc\
	\PWM_LED:PWMUDB:db_tc\
	\PWM_LED:PWMUDB:dith_sel\
	\PWM_LED:PWMUDB:compare2\
	\PWM_LED:Net_101\
	Net_344
	Net_345
	\PWM_LED:PWMUDB:cmp2\
	\PWM_LED:PWMUDB:MODULE_7:b_31\
	\PWM_LED:PWMUDB:MODULE_7:b_30\
	\PWM_LED:PWMUDB:MODULE_7:b_29\
	\PWM_LED:PWMUDB:MODULE_7:b_28\
	\PWM_LED:PWMUDB:MODULE_7:b_27\
	\PWM_LED:PWMUDB:MODULE_7:b_26\
	\PWM_LED:PWMUDB:MODULE_7:b_25\
	\PWM_LED:PWMUDB:MODULE_7:b_24\
	\PWM_LED:PWMUDB:MODULE_7:b_23\
	\PWM_LED:PWMUDB:MODULE_7:b_22\
	\PWM_LED:PWMUDB:MODULE_7:b_21\
	\PWM_LED:PWMUDB:MODULE_7:b_20\
	\PWM_LED:PWMUDB:MODULE_7:b_19\
	\PWM_LED:PWMUDB:MODULE_7:b_18\
	\PWM_LED:PWMUDB:MODULE_7:b_17\
	\PWM_LED:PWMUDB:MODULE_7:b_16\
	\PWM_LED:PWMUDB:MODULE_7:b_15\
	\PWM_LED:PWMUDB:MODULE_7:b_14\
	\PWM_LED:PWMUDB:MODULE_7:b_13\
	\PWM_LED:PWMUDB:MODULE_7:b_12\
	\PWM_LED:PWMUDB:MODULE_7:b_11\
	\PWM_LED:PWMUDB:MODULE_7:b_10\
	\PWM_LED:PWMUDB:MODULE_7:b_9\
	\PWM_LED:PWMUDB:MODULE_7:b_8\
	\PWM_LED:PWMUDB:MODULE_7:b_7\
	\PWM_LED:PWMUDB:MODULE_7:b_6\
	\PWM_LED:PWMUDB:MODULE_7:b_5\
	\PWM_LED:PWMUDB:MODULE_7:b_4\
	\PWM_LED:PWMUDB:MODULE_7:b_3\
	\PWM_LED:PWMUDB:MODULE_7:b_2\
	\PWM_LED:PWMUDB:MODULE_7:b_1\
	\PWM_LED:PWMUDB:MODULE_7:b_0\
	\PWM_LED:PWMUDB:MODULE_7:g2:a0:a_31\
	\PWM_LED:PWMUDB:MODULE_7:g2:a0:a_30\
	\PWM_LED:PWMUDB:MODULE_7:g2:a0:a_29\
	\PWM_LED:PWMUDB:MODULE_7:g2:a0:a_28\
	\PWM_LED:PWMUDB:MODULE_7:g2:a0:a_27\
	\PWM_LED:PWMUDB:MODULE_7:g2:a0:a_26\
	\PWM_LED:PWMUDB:MODULE_7:g2:a0:a_25\
	\PWM_LED:PWMUDB:MODULE_7:g2:a0:a_24\
	\PWM_LED:PWMUDB:MODULE_7:g2:a0:b_31\
	\PWM_LED:PWMUDB:MODULE_7:g2:a0:b_30\
	\PWM_LED:PWMUDB:MODULE_7:g2:a0:b_29\
	\PWM_LED:PWMUDB:MODULE_7:g2:a0:b_28\
	\PWM_LED:PWMUDB:MODULE_7:g2:a0:b_27\
	\PWM_LED:PWMUDB:MODULE_7:g2:a0:b_26\
	\PWM_LED:PWMUDB:MODULE_7:g2:a0:b_25\
	\PWM_LED:PWMUDB:MODULE_7:g2:a0:b_24\
	\PWM_LED:PWMUDB:MODULE_7:g2:a0:b_23\
	\PWM_LED:PWMUDB:MODULE_7:g2:a0:b_22\
	\PWM_LED:PWMUDB:MODULE_7:g2:a0:b_21\
	\PWM_LED:PWMUDB:MODULE_7:g2:a0:b_20\
	\PWM_LED:PWMUDB:MODULE_7:g2:a0:b_19\
	\PWM_LED:PWMUDB:MODULE_7:g2:a0:b_18\
	\PWM_LED:PWMUDB:MODULE_7:g2:a0:b_17\
	\PWM_LED:PWMUDB:MODULE_7:g2:a0:b_16\
	\PWM_LED:PWMUDB:MODULE_7:g2:a0:b_15\
	\PWM_LED:PWMUDB:MODULE_7:g2:a0:b_14\
	\PWM_LED:PWMUDB:MODULE_7:g2:a0:b_13\
	\PWM_LED:PWMUDB:MODULE_7:g2:a0:b_12\
	\PWM_LED:PWMUDB:MODULE_7:g2:a0:b_11\
	\PWM_LED:PWMUDB:MODULE_7:g2:a0:b_10\
	\PWM_LED:PWMUDB:MODULE_7:g2:a0:b_9\
	\PWM_LED:PWMUDB:MODULE_7:g2:a0:b_8\
	\PWM_LED:PWMUDB:MODULE_7:g2:a0:b_7\
	\PWM_LED:PWMUDB:MODULE_7:g2:a0:b_6\
	\PWM_LED:PWMUDB:MODULE_7:g2:a0:b_5\
	\PWM_LED:PWMUDB:MODULE_7:g2:a0:b_4\
	\PWM_LED:PWMUDB:MODULE_7:g2:a0:b_3\
	\PWM_LED:PWMUDB:MODULE_7:g2:a0:b_2\
	\PWM_LED:PWMUDB:MODULE_7:g2:a0:b_1\
	\PWM_LED:PWMUDB:MODULE_7:g2:a0:b_0\
	\PWM_LED:PWMUDB:MODULE_7:g2:a0:s_31\
	\PWM_LED:PWMUDB:MODULE_7:g2:a0:s_30\
	\PWM_LED:PWMUDB:MODULE_7:g2:a0:s_29\
	\PWM_LED:PWMUDB:MODULE_7:g2:a0:s_28\
	\PWM_LED:PWMUDB:MODULE_7:g2:a0:s_27\
	\PWM_LED:PWMUDB:MODULE_7:g2:a0:s_26\
	\PWM_LED:PWMUDB:MODULE_7:g2:a0:s_25\
	\PWM_LED:PWMUDB:MODULE_7:g2:a0:s_24\
	\PWM_LED:PWMUDB:MODULE_7:g2:a0:s_23\
	\PWM_LED:PWMUDB:MODULE_7:g2:a0:s_22\
	\PWM_LED:PWMUDB:MODULE_7:g2:a0:s_21\
	\PWM_LED:PWMUDB:MODULE_7:g2:a0:s_20\
	\PWM_LED:PWMUDB:MODULE_7:g2:a0:s_19\
	\PWM_LED:PWMUDB:MODULE_7:g2:a0:s_18\
	\PWM_LED:PWMUDB:MODULE_7:g2:a0:s_17\
	\PWM_LED:PWMUDB:MODULE_7:g2:a0:s_16\
	\PWM_LED:PWMUDB:MODULE_7:g2:a0:s_15\
	\PWM_LED:PWMUDB:MODULE_7:g2:a0:s_14\
	\PWM_LED:PWMUDB:MODULE_7:g2:a0:s_13\
	\PWM_LED:PWMUDB:MODULE_7:g2:a0:s_12\
	\PWM_LED:PWMUDB:MODULE_7:g2:a0:s_11\
	\PWM_LED:PWMUDB:MODULE_7:g2:a0:s_10\
	\PWM_LED:PWMUDB:MODULE_7:g2:a0:s_9\
	\PWM_LED:PWMUDB:MODULE_7:g2:a0:s_8\
	\PWM_LED:PWMUDB:MODULE_7:g2:a0:s_7\
	\PWM_LED:PWMUDB:MODULE_7:g2:a0:s_6\
	\PWM_LED:PWMUDB:MODULE_7:g2:a0:s_5\
	\PWM_LED:PWMUDB:MODULE_7:g2:a0:s_4\
	\PWM_LED:PWMUDB:MODULE_7:g2:a0:s_3\
	\PWM_LED:PWMUDB:MODULE_7:g2:a0:s_2\
	\PWM_LED:PWMUDB:MODULE_7:g2:a0:g1:z1:s0:g1:u0:c_31\
	\PWM_LED:PWMUDB:MODULE_7:g2:a0:g1:z1:s0:g1:u0:c_30\
	\PWM_LED:PWMUDB:MODULE_7:g2:a0:g1:z1:s0:g1:u0:c_29\
	\PWM_LED:PWMUDB:MODULE_7:g2:a0:g1:z1:s0:g1:u0:c_28\
	\PWM_LED:PWMUDB:MODULE_7:g2:a0:g1:z1:s0:g1:u0:c_27\
	\PWM_LED:PWMUDB:MODULE_7:g2:a0:g1:z1:s0:g1:u0:c_26\
	\PWM_LED:PWMUDB:MODULE_7:g2:a0:g1:z1:s0:g1:u0:c_25\
	Net_339
	Net_346
	\PWM_LED:Net_113\
	\PWM_LED:Net_107\
	\PWM_LED:Net_114\
	\PWM_LED_BRIGHTNESS:PWMUDB:km_run\
	\PWM_LED_BRIGHTNESS:PWMUDB:ctrl_cmpmode2_2\
	\PWM_LED_BRIGHTNESS:PWMUDB:ctrl_cmpmode2_1\
	\PWM_LED_BRIGHTNESS:PWMUDB:ctrl_cmpmode2_0\
	\PWM_LED_BRIGHTNESS:PWMUDB:ctrl_cmpmode1_2\
	\PWM_LED_BRIGHTNESS:PWMUDB:ctrl_cmpmode1_1\
	\PWM_LED_BRIGHTNESS:PWMUDB:ctrl_cmpmode1_0\
	\PWM_LED_BRIGHTNESS:PWMUDB:capt_rising\
	\PWM_LED_BRIGHTNESS:PWMUDB:capt_falling\
	\PWM_LED_BRIGHTNESS:PWMUDB:trig_rise\
	\PWM_LED_BRIGHTNESS:PWMUDB:trig_fall\
	\PWM_LED_BRIGHTNESS:PWMUDB:sc_kill\
	\PWM_LED_BRIGHTNESS:PWMUDB:min_kill\
	\PWM_LED_BRIGHTNESS:PWMUDB:km_tc\
	\PWM_LED_BRIGHTNESS:PWMUDB:db_tc\
	\PWM_LED_BRIGHTNESS:PWMUDB:dith_sel\
	\PWM_LED_BRIGHTNESS:PWMUDB:compare2\
	\PWM_LED_BRIGHTNESS:Net_101\
	Net_529
	Net_530
	\PWM_LED_BRIGHTNESS:PWMUDB:cmp2\
	\PWM_LED_BRIGHTNESS:PWMUDB:MODULE_8:b_31\
	\PWM_LED_BRIGHTNESS:PWMUDB:MODULE_8:b_30\
	\PWM_LED_BRIGHTNESS:PWMUDB:MODULE_8:b_29\
	\PWM_LED_BRIGHTNESS:PWMUDB:MODULE_8:b_28\
	\PWM_LED_BRIGHTNESS:PWMUDB:MODULE_8:b_27\
	\PWM_LED_BRIGHTNESS:PWMUDB:MODULE_8:b_26\
	\PWM_LED_BRIGHTNESS:PWMUDB:MODULE_8:b_25\
	\PWM_LED_BRIGHTNESS:PWMUDB:MODULE_8:b_24\
	\PWM_LED_BRIGHTNESS:PWMUDB:MODULE_8:b_23\
	\PWM_LED_BRIGHTNESS:PWMUDB:MODULE_8:b_22\
	\PWM_LED_BRIGHTNESS:PWMUDB:MODULE_8:b_21\
	\PWM_LED_BRIGHTNESS:PWMUDB:MODULE_8:b_20\
	\PWM_LED_BRIGHTNESS:PWMUDB:MODULE_8:b_19\
	\PWM_LED_BRIGHTNESS:PWMUDB:MODULE_8:b_18\
	\PWM_LED_BRIGHTNESS:PWMUDB:MODULE_8:b_17\
	\PWM_LED_BRIGHTNESS:PWMUDB:MODULE_8:b_16\
	\PWM_LED_BRIGHTNESS:PWMUDB:MODULE_8:b_15\
	\PWM_LED_BRIGHTNESS:PWMUDB:MODULE_8:b_14\
	\PWM_LED_BRIGHTNESS:PWMUDB:MODULE_8:b_13\
	\PWM_LED_BRIGHTNESS:PWMUDB:MODULE_8:b_12\
	\PWM_LED_BRIGHTNESS:PWMUDB:MODULE_8:b_11\
	\PWM_LED_BRIGHTNESS:PWMUDB:MODULE_8:b_10\
	\PWM_LED_BRIGHTNESS:PWMUDB:MODULE_8:b_9\
	\PWM_LED_BRIGHTNESS:PWMUDB:MODULE_8:b_8\
	\PWM_LED_BRIGHTNESS:PWMUDB:MODULE_8:b_7\
	\PWM_LED_BRIGHTNESS:PWMUDB:MODULE_8:b_6\
	\PWM_LED_BRIGHTNESS:PWMUDB:MODULE_8:b_5\
	\PWM_LED_BRIGHTNESS:PWMUDB:MODULE_8:b_4\
	\PWM_LED_BRIGHTNESS:PWMUDB:MODULE_8:b_3\
	\PWM_LED_BRIGHTNESS:PWMUDB:MODULE_8:b_2\
	\PWM_LED_BRIGHTNESS:PWMUDB:MODULE_8:b_1\
	\PWM_LED_BRIGHTNESS:PWMUDB:MODULE_8:b_0\
	\PWM_LED_BRIGHTNESS:PWMUDB:MODULE_8:g2:a0:a_31\
	\PWM_LED_BRIGHTNESS:PWMUDB:MODULE_8:g2:a0:a_30\
	\PWM_LED_BRIGHTNESS:PWMUDB:MODULE_8:g2:a0:a_29\
	\PWM_LED_BRIGHTNESS:PWMUDB:MODULE_8:g2:a0:a_28\
	\PWM_LED_BRIGHTNESS:PWMUDB:MODULE_8:g2:a0:a_27\
	\PWM_LED_BRIGHTNESS:PWMUDB:MODULE_8:g2:a0:a_26\
	\PWM_LED_BRIGHTNESS:PWMUDB:MODULE_8:g2:a0:a_25\
	\PWM_LED_BRIGHTNESS:PWMUDB:MODULE_8:g2:a0:a_24\
	\PWM_LED_BRIGHTNESS:PWMUDB:MODULE_8:g2:a0:b_31\
	\PWM_LED_BRIGHTNESS:PWMUDB:MODULE_8:g2:a0:b_30\
	\PWM_LED_BRIGHTNESS:PWMUDB:MODULE_8:g2:a0:b_29\
	\PWM_LED_BRIGHTNESS:PWMUDB:MODULE_8:g2:a0:b_28\
	\PWM_LED_BRIGHTNESS:PWMUDB:MODULE_8:g2:a0:b_27\
	\PWM_LED_BRIGHTNESS:PWMUDB:MODULE_8:g2:a0:b_26\
	\PWM_LED_BRIGHTNESS:PWMUDB:MODULE_8:g2:a0:b_25\
	\PWM_LED_BRIGHTNESS:PWMUDB:MODULE_8:g2:a0:b_24\
	\PWM_LED_BRIGHTNESS:PWMUDB:MODULE_8:g2:a0:b_23\
	\PWM_LED_BRIGHTNESS:PWMUDB:MODULE_8:g2:a0:b_22\
	\PWM_LED_BRIGHTNESS:PWMUDB:MODULE_8:g2:a0:b_21\
	\PWM_LED_BRIGHTNESS:PWMUDB:MODULE_8:g2:a0:b_20\
	\PWM_LED_BRIGHTNESS:PWMUDB:MODULE_8:g2:a0:b_19\
	\PWM_LED_BRIGHTNESS:PWMUDB:MODULE_8:g2:a0:b_18\
	\PWM_LED_BRIGHTNESS:PWMUDB:MODULE_8:g2:a0:b_17\
	\PWM_LED_BRIGHTNESS:PWMUDB:MODULE_8:g2:a0:b_16\
	\PWM_LED_BRIGHTNESS:PWMUDB:MODULE_8:g2:a0:b_15\
	\PWM_LED_BRIGHTNESS:PWMUDB:MODULE_8:g2:a0:b_14\
	\PWM_LED_BRIGHTNESS:PWMUDB:MODULE_8:g2:a0:b_13\
	\PWM_LED_BRIGHTNESS:PWMUDB:MODULE_8:g2:a0:b_12\
	\PWM_LED_BRIGHTNESS:PWMUDB:MODULE_8:g2:a0:b_11\
	\PWM_LED_BRIGHTNESS:PWMUDB:MODULE_8:g2:a0:b_10\
	\PWM_LED_BRIGHTNESS:PWMUDB:MODULE_8:g2:a0:b_9\
	\PWM_LED_BRIGHTNESS:PWMUDB:MODULE_8:g2:a0:b_8\
	\PWM_LED_BRIGHTNESS:PWMUDB:MODULE_8:g2:a0:b_7\
	\PWM_LED_BRIGHTNESS:PWMUDB:MODULE_8:g2:a0:b_6\
	\PWM_LED_BRIGHTNESS:PWMUDB:MODULE_8:g2:a0:b_5\
	\PWM_LED_BRIGHTNESS:PWMUDB:MODULE_8:g2:a0:b_4\
	\PWM_LED_BRIGHTNESS:PWMUDB:MODULE_8:g2:a0:b_3\
	\PWM_LED_BRIGHTNESS:PWMUDB:MODULE_8:g2:a0:b_2\
	\PWM_LED_BRIGHTNESS:PWMUDB:MODULE_8:g2:a0:b_1\
	\PWM_LED_BRIGHTNESS:PWMUDB:MODULE_8:g2:a0:b_0\
	\PWM_LED_BRIGHTNESS:PWMUDB:MODULE_8:g2:a0:s_31\
	\PWM_LED_BRIGHTNESS:PWMUDB:MODULE_8:g2:a0:s_30\
	\PWM_LED_BRIGHTNESS:PWMUDB:MODULE_8:g2:a0:s_29\
	\PWM_LED_BRIGHTNESS:PWMUDB:MODULE_8:g2:a0:s_28\
	\PWM_LED_BRIGHTNESS:PWMUDB:MODULE_8:g2:a0:s_27\
	\PWM_LED_BRIGHTNESS:PWMUDB:MODULE_8:g2:a0:s_26\
	\PWM_LED_BRIGHTNESS:PWMUDB:MODULE_8:g2:a0:s_25\
	\PWM_LED_BRIGHTNESS:PWMUDB:MODULE_8:g2:a0:s_24\
	\PWM_LED_BRIGHTNESS:PWMUDB:MODULE_8:g2:a0:s_23\
	\PWM_LED_BRIGHTNESS:PWMUDB:MODULE_8:g2:a0:s_22\
	\PWM_LED_BRIGHTNESS:PWMUDB:MODULE_8:g2:a0:s_21\
	\PWM_LED_BRIGHTNESS:PWMUDB:MODULE_8:g2:a0:s_20\
	\PWM_LED_BRIGHTNESS:PWMUDB:MODULE_8:g2:a0:s_19\
	\PWM_LED_BRIGHTNESS:PWMUDB:MODULE_8:g2:a0:s_18\
	\PWM_LED_BRIGHTNESS:PWMUDB:MODULE_8:g2:a0:s_17\
	\PWM_LED_BRIGHTNESS:PWMUDB:MODULE_8:g2:a0:s_16\
	\PWM_LED_BRIGHTNESS:PWMUDB:MODULE_8:g2:a0:s_15\
	\PWM_LED_BRIGHTNESS:PWMUDB:MODULE_8:g2:a0:s_14\
	\PWM_LED_BRIGHTNESS:PWMUDB:MODULE_8:g2:a0:s_13\
	\PWM_LED_BRIGHTNESS:PWMUDB:MODULE_8:g2:a0:s_12\
	\PWM_LED_BRIGHTNESS:PWMUDB:MODULE_8:g2:a0:s_11\
	\PWM_LED_BRIGHTNESS:PWMUDB:MODULE_8:g2:a0:s_10\
	\PWM_LED_BRIGHTNESS:PWMUDB:MODULE_8:g2:a0:s_9\
	\PWM_LED_BRIGHTNESS:PWMUDB:MODULE_8:g2:a0:s_8\
	\PWM_LED_BRIGHTNESS:PWMUDB:MODULE_8:g2:a0:s_7\
	\PWM_LED_BRIGHTNESS:PWMUDB:MODULE_8:g2:a0:s_6\
	\PWM_LED_BRIGHTNESS:PWMUDB:MODULE_8:g2:a0:s_5\
	\PWM_LED_BRIGHTNESS:PWMUDB:MODULE_8:g2:a0:s_4\
	\PWM_LED_BRIGHTNESS:PWMUDB:MODULE_8:g2:a0:s_3\
	\PWM_LED_BRIGHTNESS:PWMUDB:MODULE_8:g2:a0:s_2\
	\PWM_LED_BRIGHTNESS:PWMUDB:MODULE_8:g2:a0:g1:z1:s0:g1:u0:c_31\
	\PWM_LED_BRIGHTNESS:PWMUDB:MODULE_8:g2:a0:g1:z1:s0:g1:u0:c_30\
	\PWM_LED_BRIGHTNESS:PWMUDB:MODULE_8:g2:a0:g1:z1:s0:g1:u0:c_29\
	\PWM_LED_BRIGHTNESS:PWMUDB:MODULE_8:g2:a0:g1:z1:s0:g1:u0:c_28\
	\PWM_LED_BRIGHTNESS:PWMUDB:MODULE_8:g2:a0:g1:z1:s0:g1:u0:c_27\
	\PWM_LED_BRIGHTNESS:PWMUDB:MODULE_8:g2:a0:g1:z1:s0:g1:u0:c_26\
	\PWM_LED_BRIGHTNESS:PWMUDB:MODULE_8:g2:a0:g1:z1:s0:g1:u0:c_25\
	Net_525
	Net_531
	\PWM_LED_BRIGHTNESS:Net_113\
	\PWM_LED_BRIGHTNESS:Net_107\
	\PWM_LED_BRIGHTNESS:Net_114\
	Net_571
	Net_755
	\UART_Bluetooth:BUART:reset_sr\
	Net_817
	\UART_Bluetooth:BUART:sRX:s23Poll:MODULE_9:g2:a0:b_1\
	\UART_Bluetooth:BUART:sRX:s23Poll:MODULE_9:g2:a0:b_0\
	\UART_Bluetooth:BUART:sRX:s23Poll:MODULE_10:g2:a0:gta_0\
	\UART_Bluetooth:BUART:sRX:s23Poll:MODULE_11:g2:a0:gta_0\
	Net_808
	\UART_Bluetooth:BUART:sRX:MODULE_12:g2:a0:gta_0\
	\UART_Bluetooth:BUART:sRX:MODULE_13:g1:a0:gx:u0:albi_1\
	\UART_Bluetooth:BUART:sRX:MODULE_13:g1:a0:gx:u0:agbi_1\
	\UART_Bluetooth:BUART:sRX:MODULE_13:g1:a0:gx:u0:lt_0\
	\UART_Bluetooth:BUART:sRX:MODULE_13:g1:a0:gx:u0:gt_0\
	\UART_Bluetooth:BUART:sRX:MODULE_13:g1:a0:gx:u0:lti_0\
	\UART_Bluetooth:BUART:sRX:MODULE_13:g1:a0:gx:u0:gti_0\
	\UART_Bluetooth:BUART:sRX:MODULE_13:g1:a0:gx:u0:albi_0\
	\UART_Bluetooth:BUART:sRX:MODULE_13:g1:a0:gx:u0:agbi_0\
	\UART_Bluetooth:BUART:sRX:MODULE_13:g1:a0:xeq\
	\UART_Bluetooth:BUART:sRX:MODULE_13:g1:a0:xlt\
	\UART_Bluetooth:BUART:sRX:MODULE_13:g1:a0:xlte\
	\UART_Bluetooth:BUART:sRX:MODULE_13:g1:a0:xgt\
	\UART_Bluetooth:BUART:sRX:MODULE_13:g1:a0:xgte\
	\UART_Bluetooth:BUART:sRX:MODULE_13:lt\
	\UART_Bluetooth:BUART:sRX:MODULE_13:eq\
	\UART_Bluetooth:BUART:sRX:MODULE_13:gt\
	\UART_Bluetooth:BUART:sRX:MODULE_13:gte\
	\UART_Bluetooth:BUART:sRX:MODULE_13:lte\
	Net_916
	Net_894

    Synthesized names
	\PWM_Motor:PWMUDB:add_vi_vv_MODGEN_1_31\
	\PWM_Motor:PWMUDB:add_vi_vv_MODGEN_1_30\
	\PWM_Motor:PWMUDB:add_vi_vv_MODGEN_1_29\
	\PWM_Motor:PWMUDB:add_vi_vv_MODGEN_1_28\
	\PWM_Motor:PWMUDB:add_vi_vv_MODGEN_1_27\
	\PWM_Motor:PWMUDB:add_vi_vv_MODGEN_1_26\
	\PWM_Motor:PWMUDB:add_vi_vv_MODGEN_1_25\
	\PWM_Motor:PWMUDB:add_vi_vv_MODGEN_1_24\
	\PWM_Motor:PWMUDB:add_vi_vv_MODGEN_1_23\
	\PWM_Motor:PWMUDB:add_vi_vv_MODGEN_1_22\
	\PWM_Motor:PWMUDB:add_vi_vv_MODGEN_1_21\
	\PWM_Motor:PWMUDB:add_vi_vv_MODGEN_1_20\
	\PWM_Motor:PWMUDB:add_vi_vv_MODGEN_1_19\
	\PWM_Motor:PWMUDB:add_vi_vv_MODGEN_1_18\
	\PWM_Motor:PWMUDB:add_vi_vv_MODGEN_1_17\
	\PWM_Motor:PWMUDB:add_vi_vv_MODGEN_1_16\
	\PWM_Motor:PWMUDB:add_vi_vv_MODGEN_1_15\
	\PWM_Motor:PWMUDB:add_vi_vv_MODGEN_1_14\
	\PWM_Motor:PWMUDB:add_vi_vv_MODGEN_1_13\
	\PWM_Motor:PWMUDB:add_vi_vv_MODGEN_1_12\
	\PWM_Motor:PWMUDB:add_vi_vv_MODGEN_1_11\
	\PWM_Motor:PWMUDB:add_vi_vv_MODGEN_1_10\
	\PWM_Motor:PWMUDB:add_vi_vv_MODGEN_1_9\
	\PWM_Motor:PWMUDB:add_vi_vv_MODGEN_1_8\
	\PWM_Motor:PWMUDB:add_vi_vv_MODGEN_1_7\
	\PWM_Motor:PWMUDB:add_vi_vv_MODGEN_1_6\
	\PWM_Motor:PWMUDB:add_vi_vv_MODGEN_1_5\
	\PWM_Motor:PWMUDB:add_vi_vv_MODGEN_1_4\
	\PWM_Motor:PWMUDB:add_vi_vv_MODGEN_1_3\
	\PWM_Motor:PWMUDB:add_vi_vv_MODGEN_1_2\
	\PWM_LED:PWMUDB:add_vi_vv_MODGEN_7_31\
	\PWM_LED:PWMUDB:add_vi_vv_MODGEN_7_30\
	\PWM_LED:PWMUDB:add_vi_vv_MODGEN_7_29\
	\PWM_LED:PWMUDB:add_vi_vv_MODGEN_7_28\
	\PWM_LED:PWMUDB:add_vi_vv_MODGEN_7_27\
	\PWM_LED:PWMUDB:add_vi_vv_MODGEN_7_26\
	\PWM_LED:PWMUDB:add_vi_vv_MODGEN_7_25\
	\PWM_LED:PWMUDB:add_vi_vv_MODGEN_7_24\
	\PWM_LED:PWMUDB:add_vi_vv_MODGEN_7_23\
	\PWM_LED:PWMUDB:add_vi_vv_MODGEN_7_22\
	\PWM_LED:PWMUDB:add_vi_vv_MODGEN_7_21\
	\PWM_LED:PWMUDB:add_vi_vv_MODGEN_7_20\
	\PWM_LED:PWMUDB:add_vi_vv_MODGEN_7_19\
	\PWM_LED:PWMUDB:add_vi_vv_MODGEN_7_18\
	\PWM_LED:PWMUDB:add_vi_vv_MODGEN_7_17\
	\PWM_LED:PWMUDB:add_vi_vv_MODGEN_7_16\
	\PWM_LED:PWMUDB:add_vi_vv_MODGEN_7_15\
	\PWM_LED:PWMUDB:add_vi_vv_MODGEN_7_14\
	\PWM_LED:PWMUDB:add_vi_vv_MODGEN_7_13\
	\PWM_LED:PWMUDB:add_vi_vv_MODGEN_7_12\
	\PWM_LED:PWMUDB:add_vi_vv_MODGEN_7_11\
	\PWM_LED:PWMUDB:add_vi_vv_MODGEN_7_10\
	\PWM_LED:PWMUDB:add_vi_vv_MODGEN_7_9\
	\PWM_LED:PWMUDB:add_vi_vv_MODGEN_7_8\
	\PWM_LED:PWMUDB:add_vi_vv_MODGEN_7_7\
	\PWM_LED:PWMUDB:add_vi_vv_MODGEN_7_6\
	\PWM_LED:PWMUDB:add_vi_vv_MODGEN_7_5\
	\PWM_LED:PWMUDB:add_vi_vv_MODGEN_7_4\
	\PWM_LED:PWMUDB:add_vi_vv_MODGEN_7_3\
	\PWM_LED:PWMUDB:add_vi_vv_MODGEN_7_2\
	\PWM_LED_BRIGHTNESS:PWMUDB:add_vi_vv_MODGEN_8_31\
	\PWM_LED_BRIGHTNESS:PWMUDB:add_vi_vv_MODGEN_8_30\
	\PWM_LED_BRIGHTNESS:PWMUDB:add_vi_vv_MODGEN_8_29\
	\PWM_LED_BRIGHTNESS:PWMUDB:add_vi_vv_MODGEN_8_28\
	\PWM_LED_BRIGHTNESS:PWMUDB:add_vi_vv_MODGEN_8_27\
	\PWM_LED_BRIGHTNESS:PWMUDB:add_vi_vv_MODGEN_8_26\
	\PWM_LED_BRIGHTNESS:PWMUDB:add_vi_vv_MODGEN_8_25\
	\PWM_LED_BRIGHTNESS:PWMUDB:add_vi_vv_MODGEN_8_24\
	\PWM_LED_BRIGHTNESS:PWMUDB:add_vi_vv_MODGEN_8_23\
	\PWM_LED_BRIGHTNESS:PWMUDB:add_vi_vv_MODGEN_8_22\
	\PWM_LED_BRIGHTNESS:PWMUDB:add_vi_vv_MODGEN_8_21\
	\PWM_LED_BRIGHTNESS:PWMUDB:add_vi_vv_MODGEN_8_20\
	\PWM_LED_BRIGHTNESS:PWMUDB:add_vi_vv_MODGEN_8_19\
	\PWM_LED_BRIGHTNESS:PWMUDB:add_vi_vv_MODGEN_8_18\
	\PWM_LED_BRIGHTNESS:PWMUDB:add_vi_vv_MODGEN_8_17\
	\PWM_LED_BRIGHTNESS:PWMUDB:add_vi_vv_MODGEN_8_16\
	\PWM_LED_BRIGHTNESS:PWMUDB:add_vi_vv_MODGEN_8_15\
	\PWM_LED_BRIGHTNESS:PWMUDB:add_vi_vv_MODGEN_8_14\
	\PWM_LED_BRIGHTNESS:PWMUDB:add_vi_vv_MODGEN_8_13\
	\PWM_LED_BRIGHTNESS:PWMUDB:add_vi_vv_MODGEN_8_12\
	\PWM_LED_BRIGHTNESS:PWMUDB:add_vi_vv_MODGEN_8_11\
	\PWM_LED_BRIGHTNESS:PWMUDB:add_vi_vv_MODGEN_8_10\
	\PWM_LED_BRIGHTNESS:PWMUDB:add_vi_vv_MODGEN_8_9\
	\PWM_LED_BRIGHTNESS:PWMUDB:add_vi_vv_MODGEN_8_8\
	\PWM_LED_BRIGHTNESS:PWMUDB:add_vi_vv_MODGEN_8_7\
	\PWM_LED_BRIGHTNESS:PWMUDB:add_vi_vv_MODGEN_8_6\
	\PWM_LED_BRIGHTNESS:PWMUDB:add_vi_vv_MODGEN_8_5\
	\PWM_LED_BRIGHTNESS:PWMUDB:add_vi_vv_MODGEN_8_4\
	\PWM_LED_BRIGHTNESS:PWMUDB:add_vi_vv_MODGEN_8_3\
	\PWM_LED_BRIGHTNESS:PWMUDB:add_vi_vv_MODGEN_8_2\

Deleted 469 User equations/components.
Deleted 90 Synthesized equations/components.

------------------------------------------------------
Alias Detection
------------------------------------------------------
Aliasing \PWM_Motor:PWMUDB:hwCapture\ to zero
Aliasing \PWM_Motor:PWMUDB:trig_out\ to one
Aliasing Net_196 to zero
Aliasing \PWM_Motor:PWMUDB:runmode_enable\\S\ to zero
Aliasing \PWM_Motor:PWMUDB:ltch_kill_reg\\R\ to \PWM_Motor:PWMUDB:runmode_enable\\R\
Aliasing \PWM_Motor:PWMUDB:ltch_kill_reg\\S\ to zero
Aliasing \PWM_Motor:PWMUDB:min_kill_reg\\R\ to \PWM_Motor:PWMUDB:runmode_enable\\R\
Aliasing \PWM_Motor:PWMUDB:min_kill_reg\\S\ to zero
Aliasing \PWM_Motor:PWMUDB:final_kill\ to one
Aliasing \PWM_Motor:PWMUDB:dith_count_1\\R\ to \PWM_Motor:PWMUDB:runmode_enable\\R\
Aliasing \PWM_Motor:PWMUDB:dith_count_1\\S\ to zero
Aliasing \PWM_Motor:PWMUDB:dith_count_0\\R\ to \PWM_Motor:PWMUDB:runmode_enable\\R\
Aliasing \PWM_Motor:PWMUDB:dith_count_0\\S\ to zero
Aliasing \PWM_Motor:PWMUDB:cs_addr_0\ to \PWM_Motor:PWMUDB:runmode_enable\\R\
Aliasing \PWM_Motor:PWMUDB:pwm_temp\ to zero
Aliasing \PWM_Motor:PWMUDB:MODULE_1:g2:a0:a_23\ to zero
Aliasing \PWM_Motor:PWMUDB:MODULE_1:g2:a0:a_22\ to zero
Aliasing \PWM_Motor:PWMUDB:MODULE_1:g2:a0:a_21\ to zero
Aliasing \PWM_Motor:PWMUDB:MODULE_1:g2:a0:a_20\ to zero
Aliasing \PWM_Motor:PWMUDB:MODULE_1:g2:a0:a_19\ to zero
Aliasing \PWM_Motor:PWMUDB:MODULE_1:g2:a0:a_18\ to zero
Aliasing \PWM_Motor:PWMUDB:MODULE_1:g2:a0:a_17\ to zero
Aliasing \PWM_Motor:PWMUDB:MODULE_1:g2:a0:a_16\ to zero
Aliasing \PWM_Motor:PWMUDB:MODULE_1:g2:a0:a_15\ to zero
Aliasing \PWM_Motor:PWMUDB:MODULE_1:g2:a0:a_14\ to zero
Aliasing \PWM_Motor:PWMUDB:MODULE_1:g2:a0:a_13\ to zero
Aliasing \PWM_Motor:PWMUDB:MODULE_1:g2:a0:a_12\ to zero
Aliasing \PWM_Motor:PWMUDB:MODULE_1:g2:a0:a_11\ to zero
Aliasing \PWM_Motor:PWMUDB:MODULE_1:g2:a0:a_10\ to zero
Aliasing \PWM_Motor:PWMUDB:MODULE_1:g2:a0:a_9\ to zero
Aliasing \PWM_Motor:PWMUDB:MODULE_1:g2:a0:a_8\ to zero
Aliasing \PWM_Motor:PWMUDB:MODULE_1:g2:a0:a_7\ to zero
Aliasing \PWM_Motor:PWMUDB:MODULE_1:g2:a0:a_6\ to zero
Aliasing \PWM_Motor:PWMUDB:MODULE_1:g2:a0:a_5\ to zero
Aliasing \PWM_Motor:PWMUDB:MODULE_1:g2:a0:a_4\ to zero
Aliasing \PWM_Motor:PWMUDB:MODULE_1:g2:a0:a_3\ to zero
Aliasing \PWM_Motor:PWMUDB:MODULE_1:g2:a0:a_2\ to zero
Aliasing \PWM_Motor:PWMUDB:MODULE_1:g2:a0:g1:z1:s0:g1:u0:b_0\ to one
Aliasing tmpOE__Pin_SW1_net_0 to one
Aliasing tmpOE__Pin_SDA_net_0 to one
Aliasing tmpOE__Pin_SCL_net_0 to one
Aliasing \I2C_GY87:Net_969\ to one
Aliasing \I2C_GY87:Net_968\ to one
Aliasing tmpOE__Pin_Motor_EN_L_net_0 to one
Aliasing tmpOE__Pin_Motor_EN_R_net_0 to one
Aliasing tmpOE__Pin_INTA_net_0 to one
Aliasing tmpOE__Pin_DRDY_net_0 to one
Aliasing Net_553 to zero
Aliasing \UART_USB:BUART:tx_hd_send_break\ to zero
Aliasing \UART_USB:BUART:HalfDuplexSend\ to zero
Aliasing \UART_USB:BUART:FinalParityType_1\ to zero
Aliasing \UART_USB:BUART:FinalParityType_0\ to zero
Aliasing \UART_USB:BUART:FinalAddrMode_2\ to zero
Aliasing \UART_USB:BUART:FinalAddrMode_1\ to zero
Aliasing \UART_USB:BUART:FinalAddrMode_0\ to zero
Aliasing \UART_USB:BUART:tx_ctrl_mark\ to zero
Aliasing \UART_USB:BUART:tx_status_6\ to zero
Aliasing \UART_USB:BUART:tx_status_5\ to zero
Aliasing \UART_USB:BUART:tx_status_4\ to zero
Aliasing \UART_USB:BUART:rx_count7_bit8_wire\ to zero
Aliasing \UART_USB:BUART:sRX:s23Poll:MODULE_2:g2:a0:g1:z1:s0:g1:u0:b_0\ to one
Aliasing MODIN3_1 to MODIN2_1
Aliasing MODIN3_0 to MODIN2_0
Aliasing \UART_USB:BUART:sRX:s23Poll:MODULE_3:g2:a0:newb_1\ to zero
Aliasing \UART_USB:BUART:sRX:s23Poll:MODULE_3:g2:a0:newb_0\ to one
Aliasing MODIN4_1 to MODIN2_1
Aliasing MODIN4_0 to MODIN2_0
Aliasing \UART_USB:BUART:sRX:s23Poll:MODULE_4:g2:a0:newb_1\ to one
Aliasing \UART_USB:BUART:sRX:s23Poll:MODULE_4:g2:a0:newb_0\ to zero
Aliasing \UART_USB:BUART:rx_status_1\ to zero
Aliasing \UART_USB:BUART:sRX:MODULE_5:g2:a0:newa_6\ to zero
Aliasing \UART_USB:BUART:sRX:MODULE_5:g2:a0:newa_5\ to zero
Aliasing \UART_USB:BUART:sRX:MODULE_5:g2:a0:newa_4\ to zero
Aliasing \UART_USB:BUART:sRX:MODULE_5:g2:a0:newb_6\ to zero
Aliasing \UART_USB:BUART:sRX:MODULE_5:g2:a0:newb_5\ to zero
Aliasing \UART_USB:BUART:sRX:MODULE_5:g2:a0:newb_4\ to zero
Aliasing \UART_USB:BUART:sRX:MODULE_5:g2:a0:newb_3\ to zero
Aliasing \UART_USB:BUART:sRX:MODULE_5:g2:a0:newb_2\ to one
Aliasing \UART_USB:BUART:sRX:MODULE_5:g2:a0:newb_1\ to one
Aliasing \UART_USB:BUART:sRX:MODULE_5:g2:a0:newb_0\ to zero
Aliasing \UART_USB:BUART:sRX:MODULE_6:g1:a0:gx:u0:aeqb_0\ to one
Aliasing \PWM_LED:PWMUDB:hwCapture\ to zero
Aliasing \PWM_LED:PWMUDB:trig_out\ to one
Aliasing Net_333 to zero
Aliasing \PWM_LED:PWMUDB:runmode_enable\\S\ to zero
Aliasing \PWM_LED:PWMUDB:ltch_kill_reg\\R\ to \PWM_LED:PWMUDB:runmode_enable\\R\
Aliasing \PWM_LED:PWMUDB:ltch_kill_reg\\S\ to zero
Aliasing \PWM_LED:PWMUDB:min_kill_reg\\R\ to \PWM_LED:PWMUDB:runmode_enable\\R\
Aliasing \PWM_LED:PWMUDB:min_kill_reg\\S\ to zero
Aliasing \PWM_LED:PWMUDB:final_kill\ to one
Aliasing \PWM_LED:PWMUDB:dith_count_1\\R\ to \PWM_LED:PWMUDB:runmode_enable\\R\
Aliasing \PWM_LED:PWMUDB:dith_count_1\\S\ to zero
Aliasing \PWM_LED:PWMUDB:dith_count_0\\R\ to \PWM_LED:PWMUDB:runmode_enable\\R\
Aliasing \PWM_LED:PWMUDB:dith_count_0\\S\ to zero
Aliasing \PWM_LED:PWMUDB:cs_addr_0\ to \PWM_LED:PWMUDB:runmode_enable\\R\
Aliasing \PWM_LED:PWMUDB:pwm1_i\ to zero
Aliasing \PWM_LED:PWMUDB:pwm2_i\ to zero
Aliasing \PWM_LED:PWMUDB:MODULE_7:g2:a0:a_23\ to zero
Aliasing \PWM_LED:PWMUDB:MODULE_7:g2:a0:a_22\ to zero
Aliasing \PWM_LED:PWMUDB:MODULE_7:g2:a0:a_21\ to zero
Aliasing \PWM_LED:PWMUDB:MODULE_7:g2:a0:a_20\ to zero
Aliasing \PWM_LED:PWMUDB:MODULE_7:g2:a0:a_19\ to zero
Aliasing \PWM_LED:PWMUDB:MODULE_7:g2:a0:a_18\ to zero
Aliasing \PWM_LED:PWMUDB:MODULE_7:g2:a0:a_17\ to zero
Aliasing \PWM_LED:PWMUDB:MODULE_7:g2:a0:a_16\ to zero
Aliasing \PWM_LED:PWMUDB:MODULE_7:g2:a0:a_15\ to zero
Aliasing \PWM_LED:PWMUDB:MODULE_7:g2:a0:a_14\ to zero
Aliasing \PWM_LED:PWMUDB:MODULE_7:g2:a0:a_13\ to zero
Aliasing \PWM_LED:PWMUDB:MODULE_7:g2:a0:a_12\ to zero
Aliasing \PWM_LED:PWMUDB:MODULE_7:g2:a0:a_11\ to zero
Aliasing \PWM_LED:PWMUDB:MODULE_7:g2:a0:a_10\ to zero
Aliasing \PWM_LED:PWMUDB:MODULE_7:g2:a0:a_9\ to zero
Aliasing \PWM_LED:PWMUDB:MODULE_7:g2:a0:a_8\ to zero
Aliasing \PWM_LED:PWMUDB:MODULE_7:g2:a0:a_7\ to zero
Aliasing \PWM_LED:PWMUDB:MODULE_7:g2:a0:a_6\ to zero
Aliasing \PWM_LED:PWMUDB:MODULE_7:g2:a0:a_5\ to zero
Aliasing \PWM_LED:PWMUDB:MODULE_7:g2:a0:a_4\ to zero
Aliasing \PWM_LED:PWMUDB:MODULE_7:g2:a0:a_3\ to zero
Aliasing \PWM_LED:PWMUDB:MODULE_7:g2:a0:a_2\ to zero
Aliasing \PWM_LED:PWMUDB:MODULE_7:g2:a0:g1:z1:s0:g1:u0:b_0\ to one
Aliasing tmpOE__Pin_LED_net_0 to one
Aliasing \PWM_LED_BRIGHTNESS:PWMUDB:hwCapture\ to zero
Aliasing \PWM_LED_BRIGHTNESS:PWMUDB:trig_out\ to one
Aliasing Net_519 to zero
Aliasing \PWM_LED_BRIGHTNESS:PWMUDB:runmode_enable\\S\ to zero
Aliasing \PWM_LED_BRIGHTNESS:PWMUDB:ltch_kill_reg\\R\ to \PWM_LED_BRIGHTNESS:PWMUDB:runmode_enable\\R\
Aliasing \PWM_LED_BRIGHTNESS:PWMUDB:ltch_kill_reg\\S\ to zero
Aliasing \PWM_LED_BRIGHTNESS:PWMUDB:min_kill_reg\\R\ to \PWM_LED_BRIGHTNESS:PWMUDB:runmode_enable\\R\
Aliasing \PWM_LED_BRIGHTNESS:PWMUDB:min_kill_reg\\S\ to zero
Aliasing \PWM_LED_BRIGHTNESS:PWMUDB:final_kill\ to one
Aliasing \PWM_LED_BRIGHTNESS:PWMUDB:dith_count_1\\R\ to \PWM_LED_BRIGHTNESS:PWMUDB:runmode_enable\\R\
Aliasing \PWM_LED_BRIGHTNESS:PWMUDB:dith_count_1\\S\ to zero
Aliasing \PWM_LED_BRIGHTNESS:PWMUDB:dith_count_0\\R\ to \PWM_LED_BRIGHTNESS:PWMUDB:runmode_enable\\R\
Aliasing \PWM_LED_BRIGHTNESS:PWMUDB:dith_count_0\\S\ to zero
Aliasing \PWM_LED_BRIGHTNESS:PWMUDB:cs_addr_0\ to \PWM_LED_BRIGHTNESS:PWMUDB:runmode_enable\\R\
Aliasing \PWM_LED_BRIGHTNESS:PWMUDB:pwm1_i\ to zero
Aliasing \PWM_LED_BRIGHTNESS:PWMUDB:pwm2_i\ to zero
Aliasing \PWM_LED_BRIGHTNESS:PWMUDB:MODULE_8:g2:a0:a_23\ to zero
Aliasing \PWM_LED_BRIGHTNESS:PWMUDB:MODULE_8:g2:a0:a_22\ to zero
Aliasing \PWM_LED_BRIGHTNESS:PWMUDB:MODULE_8:g2:a0:a_21\ to zero
Aliasing \PWM_LED_BRIGHTNESS:PWMUDB:MODULE_8:g2:a0:a_20\ to zero
Aliasing \PWM_LED_BRIGHTNESS:PWMUDB:MODULE_8:g2:a0:a_19\ to zero
Aliasing \PWM_LED_BRIGHTNESS:PWMUDB:MODULE_8:g2:a0:a_18\ to zero
Aliasing \PWM_LED_BRIGHTNESS:PWMUDB:MODULE_8:g2:a0:a_17\ to zero
Aliasing \PWM_LED_BRIGHTNESS:PWMUDB:MODULE_8:g2:a0:a_16\ to zero
Aliasing \PWM_LED_BRIGHTNESS:PWMUDB:MODULE_8:g2:a0:a_15\ to zero
Aliasing \PWM_LED_BRIGHTNESS:PWMUDB:MODULE_8:g2:a0:a_14\ to zero
Aliasing \PWM_LED_BRIGHTNESS:PWMUDB:MODULE_8:g2:a0:a_13\ to zero
Aliasing \PWM_LED_BRIGHTNESS:PWMUDB:MODULE_8:g2:a0:a_12\ to zero
Aliasing \PWM_LED_BRIGHTNESS:PWMUDB:MODULE_8:g2:a0:a_11\ to zero
Aliasing \PWM_LED_BRIGHTNESS:PWMUDB:MODULE_8:g2:a0:a_10\ to zero
Aliasing \PWM_LED_BRIGHTNESS:PWMUDB:MODULE_8:g2:a0:a_9\ to zero
Aliasing \PWM_LED_BRIGHTNESS:PWMUDB:MODULE_8:g2:a0:a_8\ to zero
Aliasing \PWM_LED_BRIGHTNESS:PWMUDB:MODULE_8:g2:a0:a_7\ to zero
Aliasing \PWM_LED_BRIGHTNESS:PWMUDB:MODULE_8:g2:a0:a_6\ to zero
Aliasing \PWM_LED_BRIGHTNESS:PWMUDB:MODULE_8:g2:a0:a_5\ to zero
Aliasing \PWM_LED_BRIGHTNESS:PWMUDB:MODULE_8:g2:a0:a_4\ to zero
Aliasing \PWM_LED_BRIGHTNESS:PWMUDB:MODULE_8:g2:a0:a_3\ to zero
Aliasing \PWM_LED_BRIGHTNESS:PWMUDB:MODULE_8:g2:a0:a_2\ to zero
Aliasing \PWM_LED_BRIGHTNESS:PWMUDB:MODULE_8:g2:a0:g1:z1:s0:g1:u0:b_0\ to one
Aliasing tmpOE__Rx_USB_net_0 to one
Aliasing tmpOE__Tx_USB_net_0 to one
Aliasing Net_12 to zero
Aliasing \Timer_GY87_Sample:Net_260\ to zero
Aliasing \Timer_GY87_Sample:Net_102\ to one
Aliasing tmpOE__Pin_Motor_In_1_net_0 to one
Aliasing tmpOE__Pin_Motor_In_2_net_0 to one
Aliasing tmpOE__Pin_Motor_In_3_net_0 to one
Aliasing tmpOE__Pin_Motor_In_4_net_0 to one
Aliasing tmpOE__Pin_Motor_Encoder_L_net_0 to one
Aliasing tmpOE__Pin_Motor_Encoder_R_net_0 to one
Aliasing Net_760 to zero
Aliasing \Timer_Motor_Encoder_Eval:Net_260\ to zero
Aliasing \Timer_Motor_Encoder_Eval:Net_102\ to one
Aliasing \UART_Bluetooth:BUART:tx_hd_send_break\ to zero
Aliasing \UART_Bluetooth:BUART:HalfDuplexSend\ to zero
Aliasing \UART_Bluetooth:BUART:FinalParityType_1\ to zero
Aliasing \UART_Bluetooth:BUART:FinalParityType_0\ to zero
Aliasing \UART_Bluetooth:BUART:FinalAddrMode_2\ to zero
Aliasing \UART_Bluetooth:BUART:FinalAddrMode_1\ to zero
Aliasing \UART_Bluetooth:BUART:FinalAddrMode_0\ to zero
Aliasing \UART_Bluetooth:BUART:tx_ctrl_mark\ to zero
Aliasing \UART_Bluetooth:BUART:tx_status_6\ to zero
Aliasing \UART_Bluetooth:BUART:tx_status_5\ to zero
Aliasing \UART_Bluetooth:BUART:tx_status_4\ to zero
Aliasing \UART_Bluetooth:BUART:rx_count7_bit8_wire\ to zero
Aliasing \UART_Bluetooth:BUART:sRX:s23Poll:MODULE_9:g2:a0:g1:z1:s0:g1:u0:b_0\ to one
Aliasing \UART_Bluetooth:BUART:sRX:s23Poll:MODIN9_1\ to \UART_Bluetooth:BUART:sRX:s23Poll:MODIN8_1\
Aliasing \UART_Bluetooth:BUART:sRX:s23Poll:MODIN9_0\ to \UART_Bluetooth:BUART:sRX:s23Poll:MODIN8_0\
Aliasing \UART_Bluetooth:BUART:sRX:s23Poll:MODULE_10:g2:a0:newb_1\ to zero
Aliasing \UART_Bluetooth:BUART:sRX:s23Poll:MODULE_10:g2:a0:newb_0\ to one
Aliasing \UART_Bluetooth:BUART:sRX:s23Poll:MODIN10_1\ to \UART_Bluetooth:BUART:sRX:s23Poll:MODIN8_1\
Aliasing \UART_Bluetooth:BUART:sRX:s23Poll:MODIN10_0\ to \UART_Bluetooth:BUART:sRX:s23Poll:MODIN8_0\
Aliasing \UART_Bluetooth:BUART:sRX:s23Poll:MODULE_11:g2:a0:newb_1\ to one
Aliasing \UART_Bluetooth:BUART:sRX:s23Poll:MODULE_11:g2:a0:newb_0\ to zero
Aliasing \UART_Bluetooth:BUART:rx_status_1\ to zero
Aliasing \UART_Bluetooth:BUART:sRX:MODULE_12:g2:a0:newa_6\ to zero
Aliasing \UART_Bluetooth:BUART:sRX:MODULE_12:g2:a0:newa_5\ to zero
Aliasing \UART_Bluetooth:BUART:sRX:MODULE_12:g2:a0:newa_4\ to zero
Aliasing \UART_Bluetooth:BUART:sRX:MODULE_12:g2:a0:newb_6\ to zero
Aliasing \UART_Bluetooth:BUART:sRX:MODULE_12:g2:a0:newb_5\ to zero
Aliasing \UART_Bluetooth:BUART:sRX:MODULE_12:g2:a0:newb_4\ to zero
Aliasing \UART_Bluetooth:BUART:sRX:MODULE_12:g2:a0:newb_3\ to zero
Aliasing \UART_Bluetooth:BUART:sRX:MODULE_12:g2:a0:newb_2\ to one
Aliasing \UART_Bluetooth:BUART:sRX:MODULE_12:g2:a0:newb_1\ to one
Aliasing \UART_Bluetooth:BUART:sRX:MODULE_12:g2:a0:newb_0\ to zero
Aliasing \UART_Bluetooth:BUART:sRX:MODULE_13:g1:a0:gx:u0:aeqb_0\ to one
Aliasing tmpOE__Rx_Blu_net_0 to one
Aliasing tmpOE__Tx_Blu_net_0 to one
Aliasing Net_819 to zero
Aliasing \Timer_UART_Eval:Net_260\ to zero
Aliasing \Timer_UART_Eval:Net_102\ to one
Aliasing Net_896 to zero
Aliasing \Timer_UART_Send:Net_260\ to zero
Aliasing \Timer_UART_Send:Net_102\ to one
Aliasing \PWM_Motor:PWMUDB:min_kill_reg\\D\ to one
Aliasing \PWM_Motor:PWMUDB:prevCapture\\D\ to zero
Aliasing \PWM_Motor:PWMUDB:trig_last\\D\ to zero
Aliasing \PWM_Motor:PWMUDB:ltch_kill_reg\\D\ to one
Aliasing \UART_USB:BUART:rx_break_status\\D\ to zero
Aliasing \PWM_LED:PWMUDB:min_kill_reg\\D\ to one
Aliasing \PWM_LED:PWMUDB:prevCapture\\D\ to zero
Aliasing \PWM_LED:PWMUDB:trig_last\\D\ to zero
Aliasing \PWM_LED:PWMUDB:ltch_kill_reg\\D\ to one
Aliasing \PWM_LED_BRIGHTNESS:PWMUDB:min_kill_reg\\D\ to one
Aliasing \PWM_LED_BRIGHTNESS:PWMUDB:prevCapture\\D\ to zero
Aliasing \PWM_LED_BRIGHTNESS:PWMUDB:trig_last\\D\ to zero
Aliasing \PWM_LED_BRIGHTNESS:PWMUDB:ltch_kill_reg\\D\ to one
Aliasing \UART_Bluetooth:BUART:reset_reg\\D\ to zero
Aliasing \UART_Bluetooth:BUART:rx_break_status\\D\ to zero
Removing Lhs of wire \PWM_Motor:PWMUDB:ctrl_enable\[16] = \PWM_Motor:PWMUDB:control_7\[8]
Removing Lhs of wire \PWM_Motor:PWMUDB:hwCapture\[26] = zero[7]
Removing Lhs of wire \PWM_Motor:PWMUDB:hwEnable\[27] = \PWM_Motor:PWMUDB:control_7\[8]
Removing Lhs of wire \PWM_Motor:PWMUDB:trig_out\[31] = one[4]
Removing Lhs of wire \PWM_Motor:PWMUDB:runmode_enable\\R\[33] = zero[7]
Removing Lhs of wire Net_196[34] = zero[7]
Removing Lhs of wire \PWM_Motor:PWMUDB:runmode_enable\\S\[35] = zero[7]
Removing Lhs of wire \PWM_Motor:PWMUDB:final_enable\[36] = \PWM_Motor:PWMUDB:runmode_enable\[32]
Removing Lhs of wire \PWM_Motor:PWMUDB:ltch_kill_reg\\R\[40] = zero[7]
Removing Lhs of wire \PWM_Motor:PWMUDB:ltch_kill_reg\\S\[41] = zero[7]
Removing Lhs of wire \PWM_Motor:PWMUDB:min_kill_reg\\R\[42] = zero[7]
Removing Lhs of wire \PWM_Motor:PWMUDB:min_kill_reg\\S\[43] = zero[7]
Removing Lhs of wire \PWM_Motor:PWMUDB:final_kill\[46] = one[4]
Removing Lhs of wire \PWM_Motor:PWMUDB:add_vi_vv_MODGEN_1_1\[50] = \PWM_Motor:PWMUDB:MODULE_1:g2:a0:s_1\[316]
Removing Lhs of wire \PWM_Motor:PWMUDB:add_vi_vv_MODGEN_1_0\[52] = \PWM_Motor:PWMUDB:MODULE_1:g2:a0:s_0\[317]
Removing Lhs of wire \PWM_Motor:PWMUDB:dith_count_1\\R\[53] = zero[7]
Removing Lhs of wire \PWM_Motor:PWMUDB:dith_count_1\\S\[54] = zero[7]
Removing Lhs of wire \PWM_Motor:PWMUDB:dith_count_0\\R\[55] = zero[7]
Removing Lhs of wire \PWM_Motor:PWMUDB:dith_count_0\\S\[56] = zero[7]
Removing Lhs of wire \PWM_Motor:PWMUDB:cs_addr_2\[58] = \PWM_Motor:PWMUDB:tc_i\[38]
Removing Lhs of wire \PWM_Motor:PWMUDB:cs_addr_1\[59] = \PWM_Motor:PWMUDB:runmode_enable\[32]
Removing Lhs of wire \PWM_Motor:PWMUDB:cs_addr_0\[60] = zero[7]
Removing Lhs of wire \PWM_Motor:PWMUDB:compare1\[142] = \PWM_Motor:PWMUDB:cmp1_less\[112]
Removing Lhs of wire \PWM_Motor:PWMUDB:compare2\[143] = \PWM_Motor:PWMUDB:cmp2_less\[115]
Removing Rhs of wire Net_180[153] = \PWM_Motor:PWMUDB:pwm1_i_reg\[146]
Removing Rhs of wire Net_194[154] = \PWM_Motor:PWMUDB:pwm2_i_reg\[148]
Removing Lhs of wire \PWM_Motor:PWMUDB:pwm_temp\[155] = zero[7]
Removing Lhs of wire \PWM_Motor:PWMUDB:MODULE_1:g2:a0:a_23\[198] = zero[7]
Removing Lhs of wire \PWM_Motor:PWMUDB:MODULE_1:g2:a0:a_22\[199] = zero[7]
Removing Lhs of wire \PWM_Motor:PWMUDB:MODULE_1:g2:a0:a_21\[200] = zero[7]
Removing Lhs of wire \PWM_Motor:PWMUDB:MODULE_1:g2:a0:a_20\[201] = zero[7]
Removing Lhs of wire \PWM_Motor:PWMUDB:MODULE_1:g2:a0:a_19\[202] = zero[7]
Removing Lhs of wire \PWM_Motor:PWMUDB:MODULE_1:g2:a0:a_18\[203] = zero[7]
Removing Lhs of wire \PWM_Motor:PWMUDB:MODULE_1:g2:a0:a_17\[204] = zero[7]
Removing Lhs of wire \PWM_Motor:PWMUDB:MODULE_1:g2:a0:a_16\[205] = zero[7]
Removing Lhs of wire \PWM_Motor:PWMUDB:MODULE_1:g2:a0:a_15\[206] = zero[7]
Removing Lhs of wire \PWM_Motor:PWMUDB:MODULE_1:g2:a0:a_14\[207] = zero[7]
Removing Lhs of wire \PWM_Motor:PWMUDB:MODULE_1:g2:a0:a_13\[208] = zero[7]
Removing Lhs of wire \PWM_Motor:PWMUDB:MODULE_1:g2:a0:a_12\[209] = zero[7]
Removing Lhs of wire \PWM_Motor:PWMUDB:MODULE_1:g2:a0:a_11\[210] = zero[7]
Removing Lhs of wire \PWM_Motor:PWMUDB:MODULE_1:g2:a0:a_10\[211] = zero[7]
Removing Lhs of wire \PWM_Motor:PWMUDB:MODULE_1:g2:a0:a_9\[212] = zero[7]
Removing Lhs of wire \PWM_Motor:PWMUDB:MODULE_1:g2:a0:a_8\[213] = zero[7]
Removing Lhs of wire \PWM_Motor:PWMUDB:MODULE_1:g2:a0:a_7\[214] = zero[7]
Removing Lhs of wire \PWM_Motor:PWMUDB:MODULE_1:g2:a0:a_6\[215] = zero[7]
Removing Lhs of wire \PWM_Motor:PWMUDB:MODULE_1:g2:a0:a_5\[216] = zero[7]
Removing Lhs of wire \PWM_Motor:PWMUDB:MODULE_1:g2:a0:a_4\[217] = zero[7]
Removing Lhs of wire \PWM_Motor:PWMUDB:MODULE_1:g2:a0:a_3\[218] = zero[7]
Removing Lhs of wire \PWM_Motor:PWMUDB:MODULE_1:g2:a0:a_2\[219] = zero[7]
Removing Lhs of wire \PWM_Motor:PWMUDB:MODULE_1:g2:a0:a_1\[220] = \PWM_Motor:PWMUDB:MODIN1_1\[221]
Removing Lhs of wire \PWM_Motor:PWMUDB:MODIN1_1\[221] = \PWM_Motor:PWMUDB:dith_count_1\[49]
Removing Lhs of wire \PWM_Motor:PWMUDB:MODULE_1:g2:a0:a_0\[222] = \PWM_Motor:PWMUDB:MODIN1_0\[223]
Removing Lhs of wire \PWM_Motor:PWMUDB:MODIN1_0\[223] = \PWM_Motor:PWMUDB:dith_count_0\[51]
Removing Lhs of wire \PWM_Motor:PWMUDB:MODULE_1:g2:a0:g1:z1:s0:g1:u0:c_0\[355] = one[4]
Removing Lhs of wire \PWM_Motor:PWMUDB:MODULE_1:g2:a0:g1:z1:s0:g1:u0:b_0\[356] = one[4]
Removing Lhs of wire tmpOE__Pin_SW1_net_0[368] = one[4]
Removing Lhs of wire tmpOE__Pin_SDA_net_0[374] = one[4]
Removing Lhs of wire tmpOE__Pin_SCL_net_0[380] = one[4]
Removing Rhs of wire \I2C_GY87:sda_x_wire\[385] = \I2C_GY87:Net_643_1\[386]
Removing Rhs of wire \I2C_GY87:Net_697\[388] = \I2C_GY87:Net_643_2\[394]
Removing Rhs of wire \I2C_GY87:Net_1109_0\[391] = \I2C_GY87:scl_yfb\[404]
Removing Rhs of wire \I2C_GY87:Net_1109_1\[392] = \I2C_GY87:sda_yfb\[405]
Removing Lhs of wire \I2C_GY87:scl_x_wire\[395] = \I2C_GY87:Net_643_0\[393]
Removing Lhs of wire \I2C_GY87:Net_969\[396] = one[4]
Removing Lhs of wire \I2C_GY87:Net_968\[397] = one[4]
Removing Lhs of wire \I2C_GY87:tmpOE__Bufoe_scl_net_0\[407] = one[4]
Removing Lhs of wire \I2C_GY87:tmpOE__Bufoe_sda_net_0\[409] = one[4]
Removing Lhs of wire tmpOE__Pin_Motor_EN_L_net_0[416] = one[4]
Removing Lhs of wire tmpOE__Pin_Motor_EN_R_net_0[422] = one[4]
Removing Lhs of wire tmpOE__Pin_INTA_net_0[428] = one[4]
Removing Lhs of wire tmpOE__Pin_DRDY_net_0[434] = one[4]
Removing Rhs of wire Net_547[442] = \UART_USB:BUART:rx_interrupt_out\[462]
Removing Lhs of wire \UART_USB:Net_61\[443] = \UART_USB:Net_9\[440]
Removing Lhs of wire Net_553[447] = zero[7]
Removing Lhs of wire \UART_USB:BUART:tx_hd_send_break\[448] = zero[7]
Removing Lhs of wire \UART_USB:BUART:HalfDuplexSend\[449] = zero[7]
Removing Lhs of wire \UART_USB:BUART:FinalParityType_1\[450] = zero[7]
Removing Lhs of wire \UART_USB:BUART:FinalParityType_0\[451] = zero[7]
Removing Lhs of wire \UART_USB:BUART:FinalAddrMode_2\[452] = zero[7]
Removing Lhs of wire \UART_USB:BUART:FinalAddrMode_1\[453] = zero[7]
Removing Lhs of wire \UART_USB:BUART:FinalAddrMode_0\[454] = zero[7]
Removing Lhs of wire \UART_USB:BUART:tx_ctrl_mark\[455] = zero[7]
Removing Rhs of wire \UART_USB:BUART:tx_bitclk_enable_pre\[466] = \UART_USB:BUART:tx_bitclk_dp\[502]
Removing Lhs of wire \UART_USB:BUART:tx_counter_tc\[512] = \UART_USB:BUART:tx_counter_dp\[503]
Removing Lhs of wire \UART_USB:BUART:tx_status_6\[513] = zero[7]
Removing Lhs of wire \UART_USB:BUART:tx_status_5\[514] = zero[7]
Removing Lhs of wire \UART_USB:BUART:tx_status_4\[515] = zero[7]
Removing Lhs of wire \UART_USB:BUART:tx_status_1\[517] = \UART_USB:BUART:tx_fifo_empty\[480]
Removing Lhs of wire \UART_USB:BUART:tx_status_3\[519] = \UART_USB:BUART:tx_fifo_notfull\[479]
Removing Lhs of wire \UART_USB:BUART:rx_count7_bit8_wire\[579] = zero[7]
Removing Rhs of wire add_vv_vv_MODGEN_2_1[587] = \UART_USB:BUART:sRX:s23Poll:MODULE_2:g2:a0:s_1\[598]
Removing Rhs of wire add_vv_vv_MODGEN_2_0[589] = \UART_USB:BUART:sRX:s23Poll:MODULE_2:g2:a0:s_0\[599]
Removing Lhs of wire cmp_vv_vv_MODGEN_3[590] = \UART_USB:BUART:sRX:s23Poll:MODULE_3:g2:a0:lta_0\[615]
Removing Lhs of wire cmp_vv_vv_MODGEN_4[591] = \UART_USB:BUART:sRX:s23Poll:MODULE_4:g2:a0:lta_0\[629]
Removing Lhs of wire \UART_USB:BUART:sRX:s23Poll:MODULE_2:g2:a0:a_1\[592] = MODIN2_1[593]
Removing Rhs of wire MODIN2_1[593] = \UART_USB:BUART:pollcount_1\[585]
Removing Lhs of wire \UART_USB:BUART:sRX:s23Poll:MODULE_2:g2:a0:a_0\[594] = MODIN2_0[595]
Removing Rhs of wire MODIN2_0[595] = \UART_USB:BUART:pollcount_0\[588]
Removing Lhs of wire \UART_USB:BUART:sRX:s23Poll:MODULE_2:g2:a0:g1:z1:s0:g1:u0:c_0\[601] = one[4]
Removing Lhs of wire \UART_USB:BUART:sRX:s23Poll:MODULE_2:g2:a0:g1:z1:s0:g1:u0:b_0\[602] = one[4]
Removing Lhs of wire \UART_USB:BUART:sRX:s23Poll:MODULE_3:g2:a0:newa_1\[603] = MODIN2_1[593]
Removing Lhs of wire MODIN3_1[604] = MODIN2_1[593]
Removing Lhs of wire \UART_USB:BUART:sRX:s23Poll:MODULE_3:g2:a0:newa_0\[605] = MODIN2_0[595]
Removing Lhs of wire MODIN3_0[606] = MODIN2_0[595]
Removing Lhs of wire \UART_USB:BUART:sRX:s23Poll:MODULE_3:g2:a0:newb_1\[607] = zero[7]
Removing Lhs of wire \UART_USB:BUART:sRX:s23Poll:MODULE_3:g2:a0:newb_0\[608] = one[4]
Removing Lhs of wire \UART_USB:BUART:sRX:s23Poll:MODULE_3:g2:a0:dataa_1\[609] = MODIN2_1[593]
Removing Lhs of wire \UART_USB:BUART:sRX:s23Poll:MODULE_3:g2:a0:dataa_0\[610] = MODIN2_0[595]
Removing Lhs of wire \UART_USB:BUART:sRX:s23Poll:MODULE_3:g2:a0:datab_1\[611] = zero[7]
Removing Lhs of wire \UART_USB:BUART:sRX:s23Poll:MODULE_3:g2:a0:datab_0\[612] = one[4]
Removing Lhs of wire \UART_USB:BUART:sRX:s23Poll:MODULE_4:g2:a0:newa_1\[617] = MODIN2_1[593]
Removing Lhs of wire MODIN4_1[618] = MODIN2_1[593]
Removing Lhs of wire \UART_USB:BUART:sRX:s23Poll:MODULE_4:g2:a0:newa_0\[619] = MODIN2_0[595]
Removing Lhs of wire MODIN4_0[620] = MODIN2_0[595]
Removing Lhs of wire \UART_USB:BUART:sRX:s23Poll:MODULE_4:g2:a0:newb_1\[621] = one[4]
Removing Lhs of wire \UART_USB:BUART:sRX:s23Poll:MODULE_4:g2:a0:newb_0\[622] = zero[7]
Removing Lhs of wire \UART_USB:BUART:sRX:s23Poll:MODULE_4:g2:a0:dataa_1\[623] = MODIN2_1[593]
Removing Lhs of wire \UART_USB:BUART:sRX:s23Poll:MODULE_4:g2:a0:dataa_0\[624] = MODIN2_0[595]
Removing Lhs of wire \UART_USB:BUART:sRX:s23Poll:MODULE_4:g2:a0:datab_1\[625] = one[4]
Removing Lhs of wire \UART_USB:BUART:sRX:s23Poll:MODULE_4:g2:a0:datab_0\[626] = zero[7]
Removing Lhs of wire \UART_USB:BUART:rx_status_1\[633] = zero[7]
Removing Rhs of wire \UART_USB:BUART:rx_status_2\[634] = \UART_USB:BUART:rx_parity_error_status\[635]
Removing Rhs of wire \UART_USB:BUART:rx_status_3\[636] = \UART_USB:BUART:rx_stop_bit_error\[637]
Removing Lhs of wire cmp_vv_vv_MODGEN_5[647] = \UART_USB:BUART:sRX:MODULE_5:g2:a0:lta_0\[696]
Removing Lhs of wire cmp_vv_vv_MODGEN_6[651] = \UART_USB:BUART:sRX:MODULE_6:g1:a0:xneq\[718]
Removing Lhs of wire \UART_USB:BUART:sRX:MODULE_5:g2:a0:newa_6\[652] = zero[7]
Removing Lhs of wire \UART_USB:BUART:sRX:MODULE_5:g2:a0:newa_5\[653] = zero[7]
Removing Lhs of wire \UART_USB:BUART:sRX:MODULE_5:g2:a0:newa_4\[654] = zero[7]
Removing Lhs of wire \UART_USB:BUART:sRX:MODULE_5:g2:a0:newa_3\[655] = MODIN5_6[656]
Removing Rhs of wire MODIN5_6[656] = \UART_USB:BUART:rx_count_6\[574]
Removing Lhs of wire \UART_USB:BUART:sRX:MODULE_5:g2:a0:newa_2\[657] = MODIN5_5[658]
Removing Rhs of wire MODIN5_5[658] = \UART_USB:BUART:rx_count_5\[575]
Removing Lhs of wire \UART_USB:BUART:sRX:MODULE_5:g2:a0:newa_1\[659] = MODIN5_4[660]
Removing Rhs of wire MODIN5_4[660] = \UART_USB:BUART:rx_count_4\[576]
Removing Lhs of wire \UART_USB:BUART:sRX:MODULE_5:g2:a0:newa_0\[661] = MODIN5_3[662]
Removing Rhs of wire MODIN5_3[662] = \UART_USB:BUART:rx_count_3\[577]
Removing Lhs of wire \UART_USB:BUART:sRX:MODULE_5:g2:a0:newb_6\[663] = zero[7]
Removing Lhs of wire \UART_USB:BUART:sRX:MODULE_5:g2:a0:newb_5\[664] = zero[7]
Removing Lhs of wire \UART_USB:BUART:sRX:MODULE_5:g2:a0:newb_4\[665] = zero[7]
Removing Lhs of wire \UART_USB:BUART:sRX:MODULE_5:g2:a0:newb_3\[666] = zero[7]
Removing Lhs of wire \UART_USB:BUART:sRX:MODULE_5:g2:a0:newb_2\[667] = one[4]
Removing Lhs of wire \UART_USB:BUART:sRX:MODULE_5:g2:a0:newb_1\[668] = one[4]
Removing Lhs of wire \UART_USB:BUART:sRX:MODULE_5:g2:a0:newb_0\[669] = zero[7]
Removing Lhs of wire \UART_USB:BUART:sRX:MODULE_5:g2:a0:dataa_6\[670] = zero[7]
Removing Lhs of wire \UART_USB:BUART:sRX:MODULE_5:g2:a0:dataa_5\[671] = zero[7]
Removing Lhs of wire \UART_USB:BUART:sRX:MODULE_5:g2:a0:dataa_4\[672] = zero[7]
Removing Lhs of wire \UART_USB:BUART:sRX:MODULE_5:g2:a0:dataa_3\[673] = MODIN5_6[656]
Removing Lhs of wire \UART_USB:BUART:sRX:MODULE_5:g2:a0:dataa_2\[674] = MODIN5_5[658]
Removing Lhs of wire \UART_USB:BUART:sRX:MODULE_5:g2:a0:dataa_1\[675] = MODIN5_4[660]
Removing Lhs of wire \UART_USB:BUART:sRX:MODULE_5:g2:a0:dataa_0\[676] = MODIN5_3[662]
Removing Lhs of wire \UART_USB:BUART:sRX:MODULE_5:g2:a0:datab_6\[677] = zero[7]
Removing Lhs of wire \UART_USB:BUART:sRX:MODULE_5:g2:a0:datab_5\[678] = zero[7]
Removing Lhs of wire \UART_USB:BUART:sRX:MODULE_5:g2:a0:datab_4\[679] = zero[7]
Removing Lhs of wire \UART_USB:BUART:sRX:MODULE_5:g2:a0:datab_3\[680] = zero[7]
Removing Lhs of wire \UART_USB:BUART:sRX:MODULE_5:g2:a0:datab_2\[681] = one[4]
Removing Lhs of wire \UART_USB:BUART:sRX:MODULE_5:g2:a0:datab_1\[682] = one[4]
Removing Lhs of wire \UART_USB:BUART:sRX:MODULE_5:g2:a0:datab_0\[683] = zero[7]
Removing Lhs of wire \UART_USB:BUART:sRX:MODULE_6:g1:a0:newa_0\[698] = \UART_USB:BUART:rx_postpoll\[533]
Removing Lhs of wire \UART_USB:BUART:sRX:MODULE_6:g1:a0:newb_0\[699] = \UART_USB:BUART:rx_parity_bit\[650]
Removing Lhs of wire \UART_USB:BUART:sRX:MODULE_6:g1:a0:dataa_0\[700] = \UART_USB:BUART:rx_postpoll\[533]
Removing Lhs of wire \UART_USB:BUART:sRX:MODULE_6:g1:a0:datab_0\[701] = \UART_USB:BUART:rx_parity_bit\[650]
Removing Lhs of wire \UART_USB:BUART:sRX:MODULE_6:g1:a0:gx:u0:a_0\[702] = \UART_USB:BUART:rx_postpoll\[533]
Removing Lhs of wire \UART_USB:BUART:sRX:MODULE_6:g1:a0:gx:u0:b_0\[703] = \UART_USB:BUART:rx_parity_bit\[650]
Removing Lhs of wire \UART_USB:BUART:sRX:MODULE_6:g1:a0:gx:u0:aeqb_0\[705] = one[4]
Removing Lhs of wire \UART_USB:BUART:sRX:MODULE_6:g1:a0:gx:u0:eq_0\[706] = \UART_USB:BUART:sRX:MODULE_6:g1:a0:gx:u0:xnor_array_0\[704]
Removing Lhs of wire \UART_USB:BUART:sRX:MODULE_6:g1:a0:gx:u0:eqi_0\[707] = \UART_USB:BUART:sRX:MODULE_6:g1:a0:gx:u0:xnor_array_0\[704]
Removing Lhs of wire \PWM_LED:PWMUDB:ctrl_enable\[742] = \PWM_LED:PWMUDB:control_7\[734]
Removing Lhs of wire \PWM_LED:PWMUDB:hwCapture\[752] = zero[7]
Removing Lhs of wire \PWM_LED:PWMUDB:hwEnable\[753] = \PWM_LED:PWMUDB:control_7\[734]
Removing Lhs of wire \PWM_LED:PWMUDB:trig_out\[757] = one[4]
Removing Lhs of wire \PWM_LED:PWMUDB:runmode_enable\\R\[759] = zero[7]
Removing Lhs of wire Net_333[760] = zero[7]
Removing Lhs of wire \PWM_LED:PWMUDB:runmode_enable\\S\[761] = zero[7]
Removing Lhs of wire \PWM_LED:PWMUDB:final_enable\[762] = \PWM_LED:PWMUDB:runmode_enable\[758]
Removing Lhs of wire \PWM_LED:PWMUDB:ltch_kill_reg\\R\[766] = zero[7]
Removing Lhs of wire \PWM_LED:PWMUDB:ltch_kill_reg\\S\[767] = zero[7]
Removing Lhs of wire \PWM_LED:PWMUDB:min_kill_reg\\R\[768] = zero[7]
Removing Lhs of wire \PWM_LED:PWMUDB:min_kill_reg\\S\[769] = zero[7]
Removing Lhs of wire \PWM_LED:PWMUDB:final_kill\[772] = one[4]
Removing Lhs of wire \PWM_LED:PWMUDB:add_vi_vv_MODGEN_7_1\[776] = \PWM_LED:PWMUDB:MODULE_7:g2:a0:s_1\[1042]
Removing Lhs of wire \PWM_LED:PWMUDB:add_vi_vv_MODGEN_7_0\[778] = \PWM_LED:PWMUDB:MODULE_7:g2:a0:s_0\[1043]
Removing Lhs of wire \PWM_LED:PWMUDB:dith_count_1\\R\[779] = zero[7]
Removing Lhs of wire \PWM_LED:PWMUDB:dith_count_1\\S\[780] = zero[7]
Removing Lhs of wire \PWM_LED:PWMUDB:dith_count_0\\R\[781] = zero[7]
Removing Lhs of wire \PWM_LED:PWMUDB:dith_count_0\\S\[782] = zero[7]
Removing Lhs of wire \PWM_LED:PWMUDB:cs_addr_2\[784] = \PWM_LED:PWMUDB:tc_i\[764]
Removing Lhs of wire \PWM_LED:PWMUDB:cs_addr_1\[785] = \PWM_LED:PWMUDB:runmode_enable\[758]
Removing Lhs of wire \PWM_LED:PWMUDB:cs_addr_0\[786] = zero[7]
Removing Lhs of wire \PWM_LED:PWMUDB:compare1\[868] = \PWM_LED:PWMUDB:cmp1_less\[838]
Removing Lhs of wire \PWM_LED:PWMUDB:pwm1_i\[873] = zero[7]
Removing Lhs of wire \PWM_LED:PWMUDB:pwm2_i\[875] = zero[7]
Removing Rhs of wire \PWM_LED:Net_96\[878] = \PWM_LED:PWMUDB:pwm_i_reg\[870]
Removing Rhs of wire \PWM_LED:PWMUDB:pwm_temp\[881] = \PWM_LED:PWMUDB:cmp1\[882]
Removing Lhs of wire \PWM_LED:PWMUDB:MODULE_7:g2:a0:a_23\[924] = zero[7]
Removing Lhs of wire \PWM_LED:PWMUDB:MODULE_7:g2:a0:a_22\[925] = zero[7]
Removing Lhs of wire \PWM_LED:PWMUDB:MODULE_7:g2:a0:a_21\[926] = zero[7]
Removing Lhs of wire \PWM_LED:PWMUDB:MODULE_7:g2:a0:a_20\[927] = zero[7]
Removing Lhs of wire \PWM_LED:PWMUDB:MODULE_7:g2:a0:a_19\[928] = zero[7]
Removing Lhs of wire \PWM_LED:PWMUDB:MODULE_7:g2:a0:a_18\[929] = zero[7]
Removing Lhs of wire \PWM_LED:PWMUDB:MODULE_7:g2:a0:a_17\[930] = zero[7]
Removing Lhs of wire \PWM_LED:PWMUDB:MODULE_7:g2:a0:a_16\[931] = zero[7]
Removing Lhs of wire \PWM_LED:PWMUDB:MODULE_7:g2:a0:a_15\[932] = zero[7]
Removing Lhs of wire \PWM_LED:PWMUDB:MODULE_7:g2:a0:a_14\[933] = zero[7]
Removing Lhs of wire \PWM_LED:PWMUDB:MODULE_7:g2:a0:a_13\[934] = zero[7]
Removing Lhs of wire \PWM_LED:PWMUDB:MODULE_7:g2:a0:a_12\[935] = zero[7]
Removing Lhs of wire \PWM_LED:PWMUDB:MODULE_7:g2:a0:a_11\[936] = zero[7]
Removing Lhs of wire \PWM_LED:PWMUDB:MODULE_7:g2:a0:a_10\[937] = zero[7]
Removing Lhs of wire \PWM_LED:PWMUDB:MODULE_7:g2:a0:a_9\[938] = zero[7]
Removing Lhs of wire \PWM_LED:PWMUDB:MODULE_7:g2:a0:a_8\[939] = zero[7]
Removing Lhs of wire \PWM_LED:PWMUDB:MODULE_7:g2:a0:a_7\[940] = zero[7]
Removing Lhs of wire \PWM_LED:PWMUDB:MODULE_7:g2:a0:a_6\[941] = zero[7]
Removing Lhs of wire \PWM_LED:PWMUDB:MODULE_7:g2:a0:a_5\[942] = zero[7]
Removing Lhs of wire \PWM_LED:PWMUDB:MODULE_7:g2:a0:a_4\[943] = zero[7]
Removing Lhs of wire \PWM_LED:PWMUDB:MODULE_7:g2:a0:a_3\[944] = zero[7]
Removing Lhs of wire \PWM_LED:PWMUDB:MODULE_7:g2:a0:a_2\[945] = zero[7]
Removing Lhs of wire \PWM_LED:PWMUDB:MODULE_7:g2:a0:a_1\[946] = \PWM_LED:PWMUDB:MODIN6_1\[947]
Removing Lhs of wire \PWM_LED:PWMUDB:MODIN6_1\[947] = \PWM_LED:PWMUDB:dith_count_1\[775]
Removing Lhs of wire \PWM_LED:PWMUDB:MODULE_7:g2:a0:a_0\[948] = \PWM_LED:PWMUDB:MODIN6_0\[949]
Removing Lhs of wire \PWM_LED:PWMUDB:MODIN6_0\[949] = \PWM_LED:PWMUDB:dith_count_0\[777]
Removing Lhs of wire \PWM_LED:PWMUDB:MODULE_7:g2:a0:g1:z1:s0:g1:u0:c_0\[1081] = one[4]
Removing Lhs of wire \PWM_LED:PWMUDB:MODULE_7:g2:a0:g1:z1:s0:g1:u0:b_0\[1082] = one[4]
Removing Rhs of wire Net_538[1083] = \PWM_LED:Net_96\[878]
Removing Lhs of wire tmpOE__Pin_LED_net_0[1092] = one[4]
Removing Rhs of wire Net_537[1093] = \PWM_LED_BRIGHTNESS:Net_96\[1199]
Removing Rhs of wire Net_537[1093] = \PWM_LED_BRIGHTNESS:PWMUDB:pwm_i_reg\[1191]
Removing Lhs of wire \PWM_LED_BRIGHTNESS:PWMUDB:ctrl_enable\[1111] = \PWM_LED_BRIGHTNESS:PWMUDB:control_7\[1103]
Removing Lhs of wire \PWM_LED_BRIGHTNESS:PWMUDB:hwCapture\[1121] = zero[7]
Removing Lhs of wire \PWM_LED_BRIGHTNESS:PWMUDB:trig_out\[1126] = one[4]
Removing Lhs of wire \PWM_LED_BRIGHTNESS:PWMUDB:runmode_enable\\R\[1128] = zero[7]
Removing Lhs of wire Net_519[1129] = zero[7]
Removing Lhs of wire \PWM_LED_BRIGHTNESS:PWMUDB:runmode_enable\\S\[1130] = zero[7]
Removing Lhs of wire \PWM_LED_BRIGHTNESS:PWMUDB:final_enable\[1131] = \PWM_LED_BRIGHTNESS:PWMUDB:runmode_enable\[1127]
Removing Lhs of wire \PWM_LED_BRIGHTNESS:PWMUDB:ltch_kill_reg\\R\[1135] = zero[7]
Removing Lhs of wire \PWM_LED_BRIGHTNESS:PWMUDB:ltch_kill_reg\\S\[1136] = zero[7]
Removing Lhs of wire \PWM_LED_BRIGHTNESS:PWMUDB:min_kill_reg\\R\[1137] = zero[7]
Removing Lhs of wire \PWM_LED_BRIGHTNESS:PWMUDB:min_kill_reg\\S\[1138] = zero[7]
Removing Lhs of wire \PWM_LED_BRIGHTNESS:PWMUDB:final_kill\[1141] = one[4]
Removing Lhs of wire \PWM_LED_BRIGHTNESS:PWMUDB:add_vi_vv_MODGEN_8_1\[1145] = \PWM_LED_BRIGHTNESS:PWMUDB:MODULE_8:g2:a0:s_1\[1363]
Removing Lhs of wire \PWM_LED_BRIGHTNESS:PWMUDB:add_vi_vv_MODGEN_8_0\[1147] = \PWM_LED_BRIGHTNESS:PWMUDB:MODULE_8:g2:a0:s_0\[1364]
Removing Lhs of wire \PWM_LED_BRIGHTNESS:PWMUDB:dith_count_1\\R\[1148] = zero[7]
Removing Lhs of wire \PWM_LED_BRIGHTNESS:PWMUDB:dith_count_1\\S\[1149] = zero[7]
Removing Lhs of wire \PWM_LED_BRIGHTNESS:PWMUDB:dith_count_0\\R\[1150] = zero[7]
Removing Lhs of wire \PWM_LED_BRIGHTNESS:PWMUDB:dith_count_0\\S\[1151] = zero[7]
Removing Lhs of wire \PWM_LED_BRIGHTNESS:PWMUDB:cs_addr_2\[1153] = \PWM_LED_BRIGHTNESS:PWMUDB:tc_i\[1133]
Removing Lhs of wire \PWM_LED_BRIGHTNESS:PWMUDB:cs_addr_1\[1154] = \PWM_LED_BRIGHTNESS:PWMUDB:runmode_enable\[1127]
Removing Lhs of wire \PWM_LED_BRIGHTNESS:PWMUDB:cs_addr_0\[1155] = zero[7]
Removing Lhs of wire \PWM_LED_BRIGHTNESS:PWMUDB:compare1\[1189] = \PWM_LED_BRIGHTNESS:PWMUDB:cmp1_less\[1159]
Removing Lhs of wire \PWM_LED_BRIGHTNESS:PWMUDB:pwm1_i\[1194] = zero[7]
Removing Lhs of wire \PWM_LED_BRIGHTNESS:PWMUDB:pwm2_i\[1196] = zero[7]
Removing Rhs of wire \PWM_LED_BRIGHTNESS:PWMUDB:pwm_temp\[1202] = \PWM_LED_BRIGHTNESS:PWMUDB:cmp1\[1203]
Removing Lhs of wire \PWM_LED_BRIGHTNESS:PWMUDB:MODULE_8:g2:a0:a_23\[1245] = zero[7]
Removing Lhs of wire \PWM_LED_BRIGHTNESS:PWMUDB:MODULE_8:g2:a0:a_22\[1246] = zero[7]
Removing Lhs of wire \PWM_LED_BRIGHTNESS:PWMUDB:MODULE_8:g2:a0:a_21\[1247] = zero[7]
Removing Lhs of wire \PWM_LED_BRIGHTNESS:PWMUDB:MODULE_8:g2:a0:a_20\[1248] = zero[7]
Removing Lhs of wire \PWM_LED_BRIGHTNESS:PWMUDB:MODULE_8:g2:a0:a_19\[1249] = zero[7]
Removing Lhs of wire \PWM_LED_BRIGHTNESS:PWMUDB:MODULE_8:g2:a0:a_18\[1250] = zero[7]
Removing Lhs of wire \PWM_LED_BRIGHTNESS:PWMUDB:MODULE_8:g2:a0:a_17\[1251] = zero[7]
Removing Lhs of wire \PWM_LED_BRIGHTNESS:PWMUDB:MODULE_8:g2:a0:a_16\[1252] = zero[7]
Removing Lhs of wire \PWM_LED_BRIGHTNESS:PWMUDB:MODULE_8:g2:a0:a_15\[1253] = zero[7]
Removing Lhs of wire \PWM_LED_BRIGHTNESS:PWMUDB:MODULE_8:g2:a0:a_14\[1254] = zero[7]
Removing Lhs of wire \PWM_LED_BRIGHTNESS:PWMUDB:MODULE_8:g2:a0:a_13\[1255] = zero[7]
Removing Lhs of wire \PWM_LED_BRIGHTNESS:PWMUDB:MODULE_8:g2:a0:a_12\[1256] = zero[7]
Removing Lhs of wire \PWM_LED_BRIGHTNESS:PWMUDB:MODULE_8:g2:a0:a_11\[1257] = zero[7]
Removing Lhs of wire \PWM_LED_BRIGHTNESS:PWMUDB:MODULE_8:g2:a0:a_10\[1258] = zero[7]
Removing Lhs of wire \PWM_LED_BRIGHTNESS:PWMUDB:MODULE_8:g2:a0:a_9\[1259] = zero[7]
Removing Lhs of wire \PWM_LED_BRIGHTNESS:PWMUDB:MODULE_8:g2:a0:a_8\[1260] = zero[7]
Removing Lhs of wire \PWM_LED_BRIGHTNESS:PWMUDB:MODULE_8:g2:a0:a_7\[1261] = zero[7]
Removing Lhs of wire \PWM_LED_BRIGHTNESS:PWMUDB:MODULE_8:g2:a0:a_6\[1262] = zero[7]
Removing Lhs of wire \PWM_LED_BRIGHTNESS:PWMUDB:MODULE_8:g2:a0:a_5\[1263] = zero[7]
Removing Lhs of wire \PWM_LED_BRIGHTNESS:PWMUDB:MODULE_8:g2:a0:a_4\[1264] = zero[7]
Removing Lhs of wire \PWM_LED_BRIGHTNESS:PWMUDB:MODULE_8:g2:a0:a_3\[1265] = zero[7]
Removing Lhs of wire \PWM_LED_BRIGHTNESS:PWMUDB:MODULE_8:g2:a0:a_2\[1266] = zero[7]
Removing Lhs of wire \PWM_LED_BRIGHTNESS:PWMUDB:MODULE_8:g2:a0:a_1\[1267] = \PWM_LED_BRIGHTNESS:PWMUDB:MODIN7_1\[1268]
Removing Lhs of wire \PWM_LED_BRIGHTNESS:PWMUDB:MODIN7_1\[1268] = \PWM_LED_BRIGHTNESS:PWMUDB:dith_count_1\[1144]
Removing Lhs of wire \PWM_LED_BRIGHTNESS:PWMUDB:MODULE_8:g2:a0:a_0\[1269] = \PWM_LED_BRIGHTNESS:PWMUDB:MODIN7_0\[1270]
Removing Lhs of wire \PWM_LED_BRIGHTNESS:PWMUDB:MODIN7_0\[1270] = \PWM_LED_BRIGHTNESS:PWMUDB:dith_count_0\[1146]
Removing Lhs of wire \PWM_LED_BRIGHTNESS:PWMUDB:MODULE_8:g2:a0:g1:z1:s0:g1:u0:c_0\[1402] = one[4]
Removing Lhs of wire \PWM_LED_BRIGHTNESS:PWMUDB:MODULE_8:g2:a0:g1:z1:s0:g1:u0:b_0\[1403] = one[4]
Removing Lhs of wire tmpOE__Rx_USB_net_0[1411] = one[4]
Removing Lhs of wire tmpOE__Tx_USB_net_0[1416] = one[4]
Removing Lhs of wire Net_12[1423] = zero[7]
Removing Lhs of wire \Timer_GY87_Sample:Net_260\[1425] = zero[7]
Removing Lhs of wire \Timer_GY87_Sample:Net_266\[1426] = one[4]
Removing Rhs of wire Net_621[1430] = \Timer_GY87_Sample:Net_57\[1429]
Removing Lhs of wire \Timer_GY87_Sample:Net_102\[1432] = one[4]
Removing Lhs of wire tmpOE__Pin_Motor_In_1_net_0[1435] = one[4]
Removing Lhs of wire tmpOE__Pin_Motor_In_2_net_0[1441] = one[4]
Removing Lhs of wire tmpOE__Pin_Motor_In_3_net_0[1447] = one[4]
Removing Lhs of wire tmpOE__Pin_Motor_In_4_net_0[1453] = one[4]
Removing Lhs of wire tmpOE__Pin_Motor_Encoder_L_net_0[1459] = one[4]
Removing Lhs of wire tmpOE__Pin_Motor_Encoder_R_net_0[1465] = one[4]
Removing Rhs of wire Net_750[1471] = \Timer_Motor_Encoder_Eval:Net_57\[1483]
Removing Lhs of wire Net_760[1476] = zero[7]
Removing Lhs of wire \Timer_Motor_Encoder_Eval:Net_260\[1479] = zero[7]
Removing Lhs of wire \Timer_Motor_Encoder_Eval:Net_266\[1480] = one[4]
Removing Lhs of wire \Timer_Motor_Encoder_Eval:Net_102\[1485] = one[4]
Removing Rhs of wire Net_812[1490] = \UART_Bluetooth:BUART:rx_interrupt_out\[1509]
Removing Lhs of wire \UART_Bluetooth:Net_61\[1491] = \UART_Bluetooth:Net_9\[1488]
Removing Lhs of wire \UART_Bluetooth:BUART:tx_hd_send_break\[1495] = zero[7]
Removing Lhs of wire \UART_Bluetooth:BUART:HalfDuplexSend\[1496] = zero[7]
Removing Lhs of wire \UART_Bluetooth:BUART:FinalParityType_1\[1497] = zero[7]
Removing Lhs of wire \UART_Bluetooth:BUART:FinalParityType_0\[1498] = zero[7]
Removing Lhs of wire \UART_Bluetooth:BUART:FinalAddrMode_2\[1499] = zero[7]
Removing Lhs of wire \UART_Bluetooth:BUART:FinalAddrMode_1\[1500] = zero[7]
Removing Lhs of wire \UART_Bluetooth:BUART:FinalAddrMode_0\[1501] = zero[7]
Removing Lhs of wire \UART_Bluetooth:BUART:tx_ctrl_mark\[1502] = zero[7]
Removing Rhs of wire \UART_Bluetooth:BUART:tx_bitclk_enable_pre\[1513] = \UART_Bluetooth:BUART:tx_bitclk_dp\[1549]
Removing Lhs of wire \UART_Bluetooth:BUART:tx_counter_tc\[1559] = \UART_Bluetooth:BUART:tx_counter_dp\[1550]
Removing Lhs of wire \UART_Bluetooth:BUART:tx_status_6\[1560] = zero[7]
Removing Lhs of wire \UART_Bluetooth:BUART:tx_status_5\[1561] = zero[7]
Removing Lhs of wire \UART_Bluetooth:BUART:tx_status_4\[1562] = zero[7]
Removing Lhs of wire \UART_Bluetooth:BUART:tx_status_1\[1564] = \UART_Bluetooth:BUART:tx_fifo_empty\[1527]
Removing Lhs of wire \UART_Bluetooth:BUART:tx_status_3\[1566] = \UART_Bluetooth:BUART:tx_fifo_notfull\[1526]
Removing Lhs of wire \UART_Bluetooth:BUART:rx_count7_bit8_wire\[1626] = zero[7]
Removing Lhs of wire \UART_Bluetooth:BUART:sRX:s23Poll:add_vv_vv_MODGEN_9_1\[1634] = \UART_Bluetooth:BUART:sRX:s23Poll:MODULE_9:g2:a0:s_1\[1645]
Removing Lhs of wire \UART_Bluetooth:BUART:sRX:s23Poll:add_vv_vv_MODGEN_9_0\[1636] = \UART_Bluetooth:BUART:sRX:s23Poll:MODULE_9:g2:a0:s_0\[1646]
Removing Lhs of wire \UART_Bluetooth:BUART:sRX:s23Poll:cmp_vv_vv_MODGEN_10\[1637] = \UART_Bluetooth:BUART:sRX:s23Poll:MODULE_10:g2:a0:lta_0\[1662]
Removing Lhs of wire \UART_Bluetooth:BUART:sRX:s23Poll:cmp_vv_vv_MODGEN_11\[1638] = \UART_Bluetooth:BUART:sRX:s23Poll:MODULE_11:g2:a0:lta_0\[1676]
Removing Lhs of wire \UART_Bluetooth:BUART:sRX:s23Poll:MODULE_9:g2:a0:a_1\[1639] = \UART_Bluetooth:BUART:sRX:s23Poll:MODIN8_1\[1640]
Removing Lhs of wire \UART_Bluetooth:BUART:sRX:s23Poll:MODIN8_1\[1640] = \UART_Bluetooth:BUART:pollcount_1\[1632]
Removing Lhs of wire \UART_Bluetooth:BUART:sRX:s23Poll:MODULE_9:g2:a0:a_0\[1641] = \UART_Bluetooth:BUART:sRX:s23Poll:MODIN8_0\[1642]
Removing Lhs of wire \UART_Bluetooth:BUART:sRX:s23Poll:MODIN8_0\[1642] = \UART_Bluetooth:BUART:pollcount_0\[1635]
Removing Lhs of wire \UART_Bluetooth:BUART:sRX:s23Poll:MODULE_9:g2:a0:g1:z1:s0:g1:u0:c_0\[1648] = one[4]
Removing Lhs of wire \UART_Bluetooth:BUART:sRX:s23Poll:MODULE_9:g2:a0:g1:z1:s0:g1:u0:b_0\[1649] = one[4]
Removing Lhs of wire \UART_Bluetooth:BUART:sRX:s23Poll:MODULE_10:g2:a0:newa_1\[1650] = \UART_Bluetooth:BUART:pollcount_1\[1632]
Removing Lhs of wire \UART_Bluetooth:BUART:sRX:s23Poll:MODIN9_1\[1651] = \UART_Bluetooth:BUART:pollcount_1\[1632]
Removing Lhs of wire \UART_Bluetooth:BUART:sRX:s23Poll:MODULE_10:g2:a0:newa_0\[1652] = \UART_Bluetooth:BUART:pollcount_0\[1635]
Removing Lhs of wire \UART_Bluetooth:BUART:sRX:s23Poll:MODIN9_0\[1653] = \UART_Bluetooth:BUART:pollcount_0\[1635]
Removing Lhs of wire \UART_Bluetooth:BUART:sRX:s23Poll:MODULE_10:g2:a0:newb_1\[1654] = zero[7]
Removing Lhs of wire \UART_Bluetooth:BUART:sRX:s23Poll:MODULE_10:g2:a0:newb_0\[1655] = one[4]
Removing Lhs of wire \UART_Bluetooth:BUART:sRX:s23Poll:MODULE_10:g2:a0:dataa_1\[1656] = \UART_Bluetooth:BUART:pollcount_1\[1632]
Removing Lhs of wire \UART_Bluetooth:BUART:sRX:s23Poll:MODULE_10:g2:a0:dataa_0\[1657] = \UART_Bluetooth:BUART:pollcount_0\[1635]
Removing Lhs of wire \UART_Bluetooth:BUART:sRX:s23Poll:MODULE_10:g2:a0:datab_1\[1658] = zero[7]
Removing Lhs of wire \UART_Bluetooth:BUART:sRX:s23Poll:MODULE_10:g2:a0:datab_0\[1659] = one[4]
Removing Lhs of wire \UART_Bluetooth:BUART:sRX:s23Poll:MODULE_11:g2:a0:newa_1\[1664] = \UART_Bluetooth:BUART:pollcount_1\[1632]
Removing Lhs of wire \UART_Bluetooth:BUART:sRX:s23Poll:MODIN10_1\[1665] = \UART_Bluetooth:BUART:pollcount_1\[1632]
Removing Lhs of wire \UART_Bluetooth:BUART:sRX:s23Poll:MODULE_11:g2:a0:newa_0\[1666] = \UART_Bluetooth:BUART:pollcount_0\[1635]
Removing Lhs of wire \UART_Bluetooth:BUART:sRX:s23Poll:MODIN10_0\[1667] = \UART_Bluetooth:BUART:pollcount_0\[1635]
Removing Lhs of wire \UART_Bluetooth:BUART:sRX:s23Poll:MODULE_11:g2:a0:newb_1\[1668] = one[4]
Removing Lhs of wire \UART_Bluetooth:BUART:sRX:s23Poll:MODULE_11:g2:a0:newb_0\[1669] = zero[7]
Removing Lhs of wire \UART_Bluetooth:BUART:sRX:s23Poll:MODULE_11:g2:a0:dataa_1\[1670] = \UART_Bluetooth:BUART:pollcount_1\[1632]
Removing Lhs of wire \UART_Bluetooth:BUART:sRX:s23Poll:MODULE_11:g2:a0:dataa_0\[1671] = \UART_Bluetooth:BUART:pollcount_0\[1635]
Removing Lhs of wire \UART_Bluetooth:BUART:sRX:s23Poll:MODULE_11:g2:a0:datab_1\[1672] = one[4]
Removing Lhs of wire \UART_Bluetooth:BUART:sRX:s23Poll:MODULE_11:g2:a0:datab_0\[1673] = zero[7]
Removing Lhs of wire \UART_Bluetooth:BUART:rx_status_1\[1680] = zero[7]
Removing Rhs of wire \UART_Bluetooth:BUART:rx_status_2\[1681] = \UART_Bluetooth:BUART:rx_parity_error_status\[1682]
Removing Rhs of wire \UART_Bluetooth:BUART:rx_status_3\[1683] = \UART_Bluetooth:BUART:rx_stop_bit_error\[1684]
Removing Lhs of wire \UART_Bluetooth:BUART:sRX:cmp_vv_vv_MODGEN_12\[1694] = \UART_Bluetooth:BUART:sRX:MODULE_12:g2:a0:lta_0\[1743]
Removing Lhs of wire \UART_Bluetooth:BUART:sRX:cmp_vv_vv_MODGEN_13\[1698] = \UART_Bluetooth:BUART:sRX:MODULE_13:g1:a0:xneq\[1765]
Removing Lhs of wire \UART_Bluetooth:BUART:sRX:MODULE_12:g2:a0:newa_6\[1699] = zero[7]
Removing Lhs of wire \UART_Bluetooth:BUART:sRX:MODULE_12:g2:a0:newa_5\[1700] = zero[7]
Removing Lhs of wire \UART_Bluetooth:BUART:sRX:MODULE_12:g2:a0:newa_4\[1701] = zero[7]
Removing Lhs of wire \UART_Bluetooth:BUART:sRX:MODULE_12:g2:a0:newa_3\[1702] = \UART_Bluetooth:BUART:sRX:MODIN11_6\[1703]
Removing Lhs of wire \UART_Bluetooth:BUART:sRX:MODIN11_6\[1703] = \UART_Bluetooth:BUART:rx_count_6\[1621]
Removing Lhs of wire \UART_Bluetooth:BUART:sRX:MODULE_12:g2:a0:newa_2\[1704] = \UART_Bluetooth:BUART:sRX:MODIN11_5\[1705]
Removing Lhs of wire \UART_Bluetooth:BUART:sRX:MODIN11_5\[1705] = \UART_Bluetooth:BUART:rx_count_5\[1622]
Removing Lhs of wire \UART_Bluetooth:BUART:sRX:MODULE_12:g2:a0:newa_1\[1706] = \UART_Bluetooth:BUART:sRX:MODIN11_4\[1707]
Removing Lhs of wire \UART_Bluetooth:BUART:sRX:MODIN11_4\[1707] = \UART_Bluetooth:BUART:rx_count_4\[1623]
Removing Lhs of wire \UART_Bluetooth:BUART:sRX:MODULE_12:g2:a0:newa_0\[1708] = \UART_Bluetooth:BUART:sRX:MODIN11_3\[1709]
Removing Lhs of wire \UART_Bluetooth:BUART:sRX:MODIN11_3\[1709] = \UART_Bluetooth:BUART:rx_count_3\[1624]
Removing Lhs of wire \UART_Bluetooth:BUART:sRX:MODULE_12:g2:a0:newb_6\[1710] = zero[7]
Removing Lhs of wire \UART_Bluetooth:BUART:sRX:MODULE_12:g2:a0:newb_5\[1711] = zero[7]
Removing Lhs of wire \UART_Bluetooth:BUART:sRX:MODULE_12:g2:a0:newb_4\[1712] = zero[7]
Removing Lhs of wire \UART_Bluetooth:BUART:sRX:MODULE_12:g2:a0:newb_3\[1713] = zero[7]
Removing Lhs of wire \UART_Bluetooth:BUART:sRX:MODULE_12:g2:a0:newb_2\[1714] = one[4]
Removing Lhs of wire \UART_Bluetooth:BUART:sRX:MODULE_12:g2:a0:newb_1\[1715] = one[4]
Removing Lhs of wire \UART_Bluetooth:BUART:sRX:MODULE_12:g2:a0:newb_0\[1716] = zero[7]
Removing Lhs of wire \UART_Bluetooth:BUART:sRX:MODULE_12:g2:a0:dataa_6\[1717] = zero[7]
Removing Lhs of wire \UART_Bluetooth:BUART:sRX:MODULE_12:g2:a0:dataa_5\[1718] = zero[7]
Removing Lhs of wire \UART_Bluetooth:BUART:sRX:MODULE_12:g2:a0:dataa_4\[1719] = zero[7]
Removing Lhs of wire \UART_Bluetooth:BUART:sRX:MODULE_12:g2:a0:dataa_3\[1720] = \UART_Bluetooth:BUART:rx_count_6\[1621]
Removing Lhs of wire \UART_Bluetooth:BUART:sRX:MODULE_12:g2:a0:dataa_2\[1721] = \UART_Bluetooth:BUART:rx_count_5\[1622]
Removing Lhs of wire \UART_Bluetooth:BUART:sRX:MODULE_12:g2:a0:dataa_1\[1722] = \UART_Bluetooth:BUART:rx_count_4\[1623]
Removing Lhs of wire \UART_Bluetooth:BUART:sRX:MODULE_12:g2:a0:dataa_0\[1723] = \UART_Bluetooth:BUART:rx_count_3\[1624]
Removing Lhs of wire \UART_Bluetooth:BUART:sRX:MODULE_12:g2:a0:datab_6\[1724] = zero[7]
Removing Lhs of wire \UART_Bluetooth:BUART:sRX:MODULE_12:g2:a0:datab_5\[1725] = zero[7]
Removing Lhs of wire \UART_Bluetooth:BUART:sRX:MODULE_12:g2:a0:datab_4\[1726] = zero[7]
Removing Lhs of wire \UART_Bluetooth:BUART:sRX:MODULE_12:g2:a0:datab_3\[1727] = zero[7]
Removing Lhs of wire \UART_Bluetooth:BUART:sRX:MODULE_12:g2:a0:datab_2\[1728] = one[4]
Removing Lhs of wire \UART_Bluetooth:BUART:sRX:MODULE_12:g2:a0:datab_1\[1729] = one[4]
Removing Lhs of wire \UART_Bluetooth:BUART:sRX:MODULE_12:g2:a0:datab_0\[1730] = zero[7]
Removing Lhs of wire \UART_Bluetooth:BUART:sRX:MODULE_13:g1:a0:newa_0\[1745] = \UART_Bluetooth:BUART:rx_postpoll\[1580]
Removing Lhs of wire \UART_Bluetooth:BUART:sRX:MODULE_13:g1:a0:newb_0\[1746] = \UART_Bluetooth:BUART:rx_parity_bit\[1697]
Removing Lhs of wire \UART_Bluetooth:BUART:sRX:MODULE_13:g1:a0:dataa_0\[1747] = \UART_Bluetooth:BUART:rx_postpoll\[1580]
Removing Lhs of wire \UART_Bluetooth:BUART:sRX:MODULE_13:g1:a0:datab_0\[1748] = \UART_Bluetooth:BUART:rx_parity_bit\[1697]
Removing Lhs of wire \UART_Bluetooth:BUART:sRX:MODULE_13:g1:a0:gx:u0:a_0\[1749] = \UART_Bluetooth:BUART:rx_postpoll\[1580]
Removing Lhs of wire \UART_Bluetooth:BUART:sRX:MODULE_13:g1:a0:gx:u0:b_0\[1750] = \UART_Bluetooth:BUART:rx_parity_bit\[1697]
Removing Lhs of wire \UART_Bluetooth:BUART:sRX:MODULE_13:g1:a0:gx:u0:aeqb_0\[1752] = one[4]
Removing Lhs of wire \UART_Bluetooth:BUART:sRX:MODULE_13:g1:a0:gx:u0:eq_0\[1753] = \UART_Bluetooth:BUART:sRX:MODULE_13:g1:a0:gx:u0:xnor_array_0\[1751]
Removing Lhs of wire \UART_Bluetooth:BUART:sRX:MODULE_13:g1:a0:gx:u0:eqi_0\[1754] = \UART_Bluetooth:BUART:sRX:MODULE_13:g1:a0:gx:u0:xnor_array_0\[1751]
Removing Lhs of wire tmpOE__Rx_Blu_net_0[1776] = one[4]
Removing Lhs of wire tmpOE__Tx_Blu_net_0[1781] = one[4]
Removing Rhs of wire Net_818[1787] = \Timer_UART_Eval:Net_57\[1795]
Removing Lhs of wire Net_819[1788] = zero[7]
Removing Lhs of wire \Timer_UART_Eval:Net_260\[1791] = zero[7]
Removing Lhs of wire \Timer_UART_Eval:Net_266\[1792] = one[4]
Removing Lhs of wire \Timer_UART_Eval:Net_102\[1797] = one[4]
Removing Rhs of wire Net_830[1800] = \Timer_UART_Send:Net_57\[1807]
Removing Lhs of wire Net_896[1801] = zero[7]
Removing Lhs of wire \Timer_UART_Send:Net_260\[1803] = zero[7]
Removing Lhs of wire \Timer_UART_Send:Net_266\[1804] = one[4]
Removing Lhs of wire \Timer_UART_Send:Net_102\[1809] = one[4]
Removing Lhs of wire \PWM_Motor:PWMUDB:min_kill_reg\\D\[1810] = one[4]
Removing Lhs of wire \PWM_Motor:PWMUDB:prevCapture\\D\[1811] = zero[7]
Removing Lhs of wire \PWM_Motor:PWMUDB:trig_last\\D\[1812] = zero[7]
Removing Lhs of wire \PWM_Motor:PWMUDB:ltch_kill_reg\\D\[1815] = one[4]
Removing Lhs of wire \PWM_Motor:PWMUDB:pwm_i_reg\\D\[1818] = \PWM_Motor:PWMUDB:pwm_i\[145]
Removing Lhs of wire \PWM_Motor:PWMUDB:pwm1_i_reg\\D\[1819] = \PWM_Motor:PWMUDB:pwm1_i\[147]
Removing Lhs of wire \PWM_Motor:PWMUDB:pwm2_i_reg\\D\[1820] = \PWM_Motor:PWMUDB:pwm2_i\[149]
Removing Lhs of wire \UART_USB:BUART:reset_reg\\D\[1822] = zero[7]
Removing Lhs of wire \UART_USB:BUART:rx_bitclk\\D\[1837] = \UART_USB:BUART:rx_bitclk_pre\[568]
Removing Lhs of wire \UART_USB:BUART:rx_parity_error_pre\\D\[1846] = \UART_USB:BUART:rx_parity_error_pre\[645]
Removing Lhs of wire \UART_USB:BUART:rx_break_status\\D\[1847] = zero[7]
Removing Lhs of wire \PWM_LED:PWMUDB:min_kill_reg\\D\[1851] = one[4]
Removing Lhs of wire \PWM_LED:PWMUDB:prevCapture\\D\[1852] = zero[7]
Removing Lhs of wire \PWM_LED:PWMUDB:trig_last\\D\[1853] = zero[7]
Removing Lhs of wire \PWM_LED:PWMUDB:ltch_kill_reg\\D\[1856] = one[4]
Removing Lhs of wire \PWM_LED:PWMUDB:pwm_i_reg\\D\[1859] = \PWM_LED:PWMUDB:pwm_i\[871]
Removing Lhs of wire \PWM_LED:PWMUDB:pwm1_i_reg\\D\[1860] = zero[7]
Removing Lhs of wire \PWM_LED:PWMUDB:pwm2_i_reg\\D\[1861] = zero[7]
Removing Lhs of wire \PWM_LED_BRIGHTNESS:PWMUDB:min_kill_reg\\D\[1863] = one[4]
Removing Lhs of wire \PWM_LED_BRIGHTNESS:PWMUDB:prevCapture\\D\[1864] = zero[7]
Removing Lhs of wire \PWM_LED_BRIGHTNESS:PWMUDB:trig_last\\D\[1865] = zero[7]
Removing Lhs of wire \PWM_LED_BRIGHTNESS:PWMUDB:ltch_kill_reg\\D\[1868] = one[4]
Removing Lhs of wire \PWM_LED_BRIGHTNESS:PWMUDB:pwm_i_reg\\D\[1871] = \PWM_LED_BRIGHTNESS:PWMUDB:pwm_i\[1192]
Removing Lhs of wire \PWM_LED_BRIGHTNESS:PWMUDB:pwm1_i_reg\\D\[1872] = zero[7]
Removing Lhs of wire \PWM_LED_BRIGHTNESS:PWMUDB:pwm2_i_reg\\D\[1873] = zero[7]
Removing Lhs of wire \UART_Bluetooth:BUART:reset_reg\\D\[1875] = zero[7]
Removing Lhs of wire \UART_Bluetooth:BUART:rx_bitclk\\D\[1890] = \UART_Bluetooth:BUART:rx_bitclk_pre\[1615]
Removing Lhs of wire \UART_Bluetooth:BUART:rx_parity_error_pre\\D\[1899] = \UART_Bluetooth:BUART:rx_parity_error_pre\[1692]
Removing Lhs of wire \UART_Bluetooth:BUART:rx_break_status\\D\[1900] = zero[7]

------------------------------------------------------
Aliased 0 equations, 431 wires.
------------------------------------------------------

----------------------------------------------------------
Circuit simplification
----------------------------------------------------------

Substituting virtuals - pass 1:

Note:  Expanding virtual equation for 'one' (cost = 0):
one <=  ('1') ;

Note:  Expanding virtual equation for 'zero' (cost = 0):
zero <=  ('0') ;

Note:  Expanding virtual equation for '\PWM_Motor:PWMUDB:cmp1\' (cost = 0):
\PWM_Motor:PWMUDB:cmp1\ <= (\PWM_Motor:PWMUDB:cmp1_less\);

Note:  Expanding virtual equation for '\PWM_Motor:PWMUDB:cmp2\' (cost = 0):
\PWM_Motor:PWMUDB:cmp2\ <= (\PWM_Motor:PWMUDB:cmp2_less\);

Note:  Expanding virtual equation for '\PWM_Motor:PWMUDB:MODULE_1:g2:a0:g1:z1:s0:g1:u0:c_1\' (cost = 0):
\PWM_Motor:PWMUDB:MODULE_1:g2:a0:g1:z1:s0:g1:u0:c_1\ <= (\PWM_Motor:PWMUDB:dith_count_0\);

Note:  Expanding virtual equation for '\PWM_Motor:PWMUDB:MODULE_1:g2:a0:s_0\' (cost = 0):
\PWM_Motor:PWMUDB:MODULE_1:g2:a0:s_0\ <= (not \PWM_Motor:PWMUDB:dith_count_0\);

Note:  Expanding virtual equation for '\PWM_Motor:PWMUDB:MODULE_1:g2:a0:g1:z1:s0:g1:u0:c_17\' (cost = 0):
\PWM_Motor:PWMUDB:MODULE_1:g2:a0:g1:z1:s0:g1:u0:c_17\ <=  ('0') ;

Note:  Expanding virtual equation for '\PWM_Motor:PWMUDB:MODULE_1:g2:a0:g1:z1:s0:g1:u0:c_9\' (cost = 0):
\PWM_Motor:PWMUDB:MODULE_1:g2:a0:g1:z1:s0:g1:u0:c_9\ <=  ('0') ;

Note:  Expanding virtual equation for '\PWM_Motor:PWMUDB:MODULE_1:g2:a0:g1:z1:s0:g1:u0:c_2\' (cost = 0):
\PWM_Motor:PWMUDB:MODULE_1:g2:a0:g1:z1:s0:g1:u0:c_2\ <= ((\PWM_Motor:PWMUDB:dith_count_1\ and \PWM_Motor:PWMUDB:dith_count_0\));

Note:  Expanding virtual equation for '\UART_USB:BUART:rx_addressmatch\' (cost = 0):
\UART_USB:BUART:rx_addressmatch\ <= (\UART_USB:BUART:rx_addressmatch2\
	OR \UART_USB:BUART:rx_addressmatch1\);

Note:  Expanding virtual equation for '\UART_USB:BUART:rx_bitclk_pre\' (cost = 1):
\UART_USB:BUART:rx_bitclk_pre\ <= ((not \UART_USB:BUART:rx_count_2\ and not \UART_USB:BUART:rx_count_1\ and not \UART_USB:BUART:rx_count_0\));

Note:  Expanding virtual equation for '\UART_USB:BUART:rx_bitclk_pre16x\' (cost = 0):
\UART_USB:BUART:rx_bitclk_pre16x\ <= ((not \UART_USB:BUART:rx_count_2\ and \UART_USB:BUART:rx_count_1\ and \UART_USB:BUART:rx_count_0\));

Note:  Expanding virtual equation for '\UART_USB:BUART:rx_poll_bit1\' (cost = 1):
\UART_USB:BUART:rx_poll_bit1\ <= ((not \UART_USB:BUART:rx_count_2\ and not \UART_USB:BUART:rx_count_1\ and \UART_USB:BUART:rx_count_0\));

Note:  Expanding virtual equation for '\UART_USB:BUART:rx_poll_bit2\' (cost = 1):
\UART_USB:BUART:rx_poll_bit2\ <= ((not \UART_USB:BUART:rx_count_2\ and not \UART_USB:BUART:rx_count_1\ and not \UART_USB:BUART:rx_count_0\));

Note:  Expanding virtual equation for '\UART_USB:BUART:pollingrange\' (cost = 4):
\UART_USB:BUART:pollingrange\ <= ((not \UART_USB:BUART:rx_count_2\ and not \UART_USB:BUART:rx_count_1\));

Note:  Expanding virtual equation for '\UART_USB:BUART:sRX:s23Poll:MODULE_2:g2:a0:g1:z1:s0:g1:u0:c_1\' (cost = 0):
\UART_USB:BUART:sRX:s23Poll:MODULE_2:g2:a0:g1:z1:s0:g1:u0:c_1\ <= (MODIN2_0);

Note:  Expanding virtual equation for 'add_vv_vv_MODGEN_2_0' (cost = 0):
add_vv_vv_MODGEN_2_0 <= (not MODIN2_0);

Note:  Expanding virtual equation for '\UART_USB:BUART:sRX:s23Poll:MODULE_3:g2:a0:lta_1\' (cost = 0):
\UART_USB:BUART:sRX:s23Poll:MODULE_3:g2:a0:lta_1\ <=  ('0') ;

Note:  Expanding virtual equation for '\UART_USB:BUART:sRX:s23Poll:MODULE_3:g2:a0:gta_1\' (cost = 0):
\UART_USB:BUART:sRX:s23Poll:MODULE_3:g2:a0:gta_1\ <= (MODIN2_1);

Note:  Expanding virtual equation for '\UART_USB:BUART:sRX:s23Poll:MODULE_4:g2:a0:lta_1\' (cost = 0):
\UART_USB:BUART:sRX:s23Poll:MODULE_4:g2:a0:lta_1\ <= (not MODIN2_1);

Note:  Expanding virtual equation for '\UART_USB:BUART:sRX:s23Poll:MODULE_4:g2:a0:gta_1\' (cost = 0):
\UART_USB:BUART:sRX:s23Poll:MODULE_4:g2:a0:gta_1\ <=  ('0') ;

Note:  Expanding virtual equation for '\UART_USB:BUART:sRX:MODULE_5:g2:a0:lta_6\' (cost = 0):
\UART_USB:BUART:sRX:MODULE_5:g2:a0:lta_6\ <=  ('0') ;

Note:  Expanding virtual equation for '\UART_USB:BUART:sRX:MODULE_5:g2:a0:gta_6\' (cost = 0):
\UART_USB:BUART:sRX:MODULE_5:g2:a0:gta_6\ <=  ('0') ;

Note:  Expanding virtual equation for '\UART_USB:BUART:sRX:MODULE_5:g2:a0:lta_5\' (cost = 0):
\UART_USB:BUART:sRX:MODULE_5:g2:a0:lta_5\ <=  ('0') ;

Note:  Expanding virtual equation for '\UART_USB:BUART:sRX:MODULE_5:g2:a0:gta_5\' (cost = 0):
\UART_USB:BUART:sRX:MODULE_5:g2:a0:gta_5\ <=  ('0') ;

Note:  Expanding virtual equation for '\UART_USB:BUART:sRX:MODULE_5:g2:a0:lta_4\' (cost = 0):
\UART_USB:BUART:sRX:MODULE_5:g2:a0:lta_4\ <=  ('0') ;

Note:  Expanding virtual equation for '\UART_USB:BUART:sRX:MODULE_5:g2:a0:gta_4\' (cost = 0):
\UART_USB:BUART:sRX:MODULE_5:g2:a0:gta_4\ <=  ('0') ;

Note:  Expanding virtual equation for '\UART_USB:BUART:sRX:MODULE_5:g2:a0:lta_3\' (cost = 0):
\UART_USB:BUART:sRX:MODULE_5:g2:a0:lta_3\ <=  ('0') ;

Note:  Expanding virtual equation for '\UART_USB:BUART:sRX:MODULE_5:g2:a0:gta_3\' (cost = 0):
\UART_USB:BUART:sRX:MODULE_5:g2:a0:gta_3\ <= (MODIN5_6);

Note:  Expanding virtual equation for '\UART_USB:BUART:sRX:MODULE_5:g2:a0:lta_2\' (cost = 1):
\UART_USB:BUART:sRX:MODULE_5:g2:a0:lta_2\ <= ((not MODIN5_6 and not MODIN5_5));

Note:  Expanding virtual equation for '\UART_USB:BUART:sRX:MODULE_5:g2:a0:gta_2\' (cost = 0):
\UART_USB:BUART:sRX:MODULE_5:g2:a0:gta_2\ <= (MODIN5_6);

Note:  Expanding virtual equation for '\UART_USB:BUART:sRX:MODULE_5:g2:a0:lta_1\' (cost = 2):
\UART_USB:BUART:sRX:MODULE_5:g2:a0:lta_1\ <= ((not MODIN5_6 and not MODIN5_4)
	OR (not MODIN5_6 and not MODIN5_5));

Note:  Expanding virtual equation for '\UART_USB:BUART:sRX:MODULE_5:g2:a0:gta_1\' (cost = 0):
\UART_USB:BUART:sRX:MODULE_5:g2:a0:gta_1\ <= (MODIN5_6);

Note:  Expanding virtual equation for '\UART_USB:BUART:sRX:MODULE_5:g2:a0:lta_0\' (cost = 8):
\UART_USB:BUART:sRX:MODULE_5:g2:a0:lta_0\ <= ((not MODIN5_6 and not MODIN5_4)
	OR (not MODIN5_6 and not MODIN5_5));

Note:  Expanding virtual equation for '\PWM_LED:PWMUDB:pwm_temp\' (cost = 0):
\PWM_LED:PWMUDB:pwm_temp\ <= (\PWM_LED:PWMUDB:cmp1_less\);

Note:  Expanding virtual equation for '\PWM_LED:PWMUDB:MODULE_7:g2:a0:g1:z1:s0:g1:u0:c_1\' (cost = 0):
\PWM_LED:PWMUDB:MODULE_7:g2:a0:g1:z1:s0:g1:u0:c_1\ <= (\PWM_LED:PWMUDB:dith_count_0\);

Note:  Expanding virtual equation for '\PWM_LED:PWMUDB:MODULE_7:g2:a0:s_0\' (cost = 0):
\PWM_LED:PWMUDB:MODULE_7:g2:a0:s_0\ <= (not \PWM_LED:PWMUDB:dith_count_0\);

Note:  Expanding virtual equation for '\PWM_LED:PWMUDB:MODULE_7:g2:a0:g1:z1:s0:g1:u0:c_17\' (cost = 0):
\PWM_LED:PWMUDB:MODULE_7:g2:a0:g1:z1:s0:g1:u0:c_17\ <=  ('0') ;

Note:  Expanding virtual equation for '\PWM_LED:PWMUDB:MODULE_7:g2:a0:g1:z1:s0:g1:u0:c_9\' (cost = 0):
\PWM_LED:PWMUDB:MODULE_7:g2:a0:g1:z1:s0:g1:u0:c_9\ <=  ('0') ;

Note:  Expanding virtual equation for '\PWM_LED:PWMUDB:MODULE_7:g2:a0:g1:z1:s0:g1:u0:c_2\' (cost = 0):
\PWM_LED:PWMUDB:MODULE_7:g2:a0:g1:z1:s0:g1:u0:c_2\ <= ((\PWM_LED:PWMUDB:dith_count_1\ and \PWM_LED:PWMUDB:dith_count_0\));

Note:  Expanding virtual equation for '\PWM_LED_BRIGHTNESS:PWMUDB:hwEnable\' (cost = 1):
\PWM_LED_BRIGHTNESS:PWMUDB:hwEnable\ <= ((Net_538 and \PWM_LED_BRIGHTNESS:PWMUDB:control_7\));

Note:  Expanding virtual equation for '\PWM_LED_BRIGHTNESS:PWMUDB:pwm_temp\' (cost = 0):
\PWM_LED_BRIGHTNESS:PWMUDB:pwm_temp\ <= (\PWM_LED_BRIGHTNESS:PWMUDB:cmp1_less\);

Note:  Expanding virtual equation for '\PWM_LED_BRIGHTNESS:PWMUDB:MODULE_8:g2:a0:g1:z1:s0:g1:u0:c_1\' (cost = 0):
\PWM_LED_BRIGHTNESS:PWMUDB:MODULE_8:g2:a0:g1:z1:s0:g1:u0:c_1\ <= (\PWM_LED_BRIGHTNESS:PWMUDB:dith_count_0\);

Note:  Expanding virtual equation for '\PWM_LED_BRIGHTNESS:PWMUDB:MODULE_8:g2:a0:s_0\' (cost = 0):
\PWM_LED_BRIGHTNESS:PWMUDB:MODULE_8:g2:a0:s_0\ <= (not \PWM_LED_BRIGHTNESS:PWMUDB:dith_count_0\);

Note:  Expanding virtual equation for '\PWM_LED_BRIGHTNESS:PWMUDB:MODULE_8:g2:a0:g1:z1:s0:g1:u0:c_17\' (cost = 0):
\PWM_LED_BRIGHTNESS:PWMUDB:MODULE_8:g2:a0:g1:z1:s0:g1:u0:c_17\ <=  ('0') ;

Note:  Expanding virtual equation for '\PWM_LED_BRIGHTNESS:PWMUDB:MODULE_8:g2:a0:g1:z1:s0:g1:u0:c_9\' (cost = 0):
\PWM_LED_BRIGHTNESS:PWMUDB:MODULE_8:g2:a0:g1:z1:s0:g1:u0:c_9\ <=  ('0') ;

Note:  Expanding virtual equation for '\PWM_LED_BRIGHTNESS:PWMUDB:MODULE_8:g2:a0:g1:z1:s0:g1:u0:c_2\' (cost = 0):
\PWM_LED_BRIGHTNESS:PWMUDB:MODULE_8:g2:a0:g1:z1:s0:g1:u0:c_2\ <= ((\PWM_LED_BRIGHTNESS:PWMUDB:dith_count_1\ and \PWM_LED_BRIGHTNESS:PWMUDB:dith_count_0\));

Note:  Expanding virtual equation for '\UART_Bluetooth:BUART:rx_addressmatch\' (cost = 0):
\UART_Bluetooth:BUART:rx_addressmatch\ <= (\UART_Bluetooth:BUART:rx_addressmatch2\
	OR \UART_Bluetooth:BUART:rx_addressmatch1\);

Note:  Expanding virtual equation for '\UART_Bluetooth:BUART:rx_bitclk_pre\' (cost = 1):
\UART_Bluetooth:BUART:rx_bitclk_pre\ <= ((not \UART_Bluetooth:BUART:rx_count_2\ and not \UART_Bluetooth:BUART:rx_count_1\ and not \UART_Bluetooth:BUART:rx_count_0\));

Note:  Expanding virtual equation for '\UART_Bluetooth:BUART:rx_bitclk_pre16x\' (cost = 0):
\UART_Bluetooth:BUART:rx_bitclk_pre16x\ <= ((not \UART_Bluetooth:BUART:rx_count_2\ and \UART_Bluetooth:BUART:rx_count_1\ and \UART_Bluetooth:BUART:rx_count_0\));

Note:  Expanding virtual equation for '\UART_Bluetooth:BUART:rx_poll_bit1\' (cost = 1):
\UART_Bluetooth:BUART:rx_poll_bit1\ <= ((not \UART_Bluetooth:BUART:rx_count_2\ and not \UART_Bluetooth:BUART:rx_count_1\ and \UART_Bluetooth:BUART:rx_count_0\));

Note:  Expanding virtual equation for '\UART_Bluetooth:BUART:rx_poll_bit2\' (cost = 1):
\UART_Bluetooth:BUART:rx_poll_bit2\ <= ((not \UART_Bluetooth:BUART:rx_count_2\ and not \UART_Bluetooth:BUART:rx_count_1\ and not \UART_Bluetooth:BUART:rx_count_0\));

Note:  Expanding virtual equation for '\UART_Bluetooth:BUART:pollingrange\' (cost = 4):
\UART_Bluetooth:BUART:pollingrange\ <= ((not \UART_Bluetooth:BUART:rx_count_2\ and not \UART_Bluetooth:BUART:rx_count_1\));

Note:  Expanding virtual equation for '\UART_Bluetooth:BUART:sRX:s23Poll:MODULE_9:g2:a0:g1:z1:s0:g1:u0:c_1\' (cost = 0):
\UART_Bluetooth:BUART:sRX:s23Poll:MODULE_9:g2:a0:g1:z1:s0:g1:u0:c_1\ <= (\UART_Bluetooth:BUART:pollcount_0\);

Note:  Expanding virtual equation for '\UART_Bluetooth:BUART:sRX:s23Poll:MODULE_9:g2:a0:s_0\' (cost = 0):
\UART_Bluetooth:BUART:sRX:s23Poll:MODULE_9:g2:a0:s_0\ <= (not \UART_Bluetooth:BUART:pollcount_0\);

Note:  Expanding virtual equation for '\UART_Bluetooth:BUART:sRX:s23Poll:MODULE_10:g2:a0:lta_1\' (cost = 0):
\UART_Bluetooth:BUART:sRX:s23Poll:MODULE_10:g2:a0:lta_1\ <=  ('0') ;

Note:  Expanding virtual equation for '\UART_Bluetooth:BUART:sRX:s23Poll:MODULE_10:g2:a0:gta_1\' (cost = 0):
\UART_Bluetooth:BUART:sRX:s23Poll:MODULE_10:g2:a0:gta_1\ <= (\UART_Bluetooth:BUART:pollcount_1\);

Note:  Expanding virtual equation for '\UART_Bluetooth:BUART:sRX:s23Poll:MODULE_11:g2:a0:lta_1\' (cost = 0):
\UART_Bluetooth:BUART:sRX:s23Poll:MODULE_11:g2:a0:lta_1\ <= (not \UART_Bluetooth:BUART:pollcount_1\);

Note:  Expanding virtual equation for '\UART_Bluetooth:BUART:sRX:s23Poll:MODULE_11:g2:a0:gta_1\' (cost = 0):
\UART_Bluetooth:BUART:sRX:s23Poll:MODULE_11:g2:a0:gta_1\ <=  ('0') ;

Note:  Expanding virtual equation for '\UART_Bluetooth:BUART:sRX:MODULE_12:g2:a0:lta_6\' (cost = 0):
\UART_Bluetooth:BUART:sRX:MODULE_12:g2:a0:lta_6\ <=  ('0') ;

Note:  Expanding virtual equation for '\UART_Bluetooth:BUART:sRX:MODULE_12:g2:a0:gta_6\' (cost = 0):
\UART_Bluetooth:BUART:sRX:MODULE_12:g2:a0:gta_6\ <=  ('0') ;

Note:  Expanding virtual equation for '\UART_Bluetooth:BUART:sRX:MODULE_12:g2:a0:lta_5\' (cost = 0):
\UART_Bluetooth:BUART:sRX:MODULE_12:g2:a0:lta_5\ <=  ('0') ;

Note:  Expanding virtual equation for '\UART_Bluetooth:BUART:sRX:MODULE_12:g2:a0:gta_5\' (cost = 0):
\UART_Bluetooth:BUART:sRX:MODULE_12:g2:a0:gta_5\ <=  ('0') ;

Note:  Expanding virtual equation for '\UART_Bluetooth:BUART:sRX:MODULE_12:g2:a0:lta_4\' (cost = 0):
\UART_Bluetooth:BUART:sRX:MODULE_12:g2:a0:lta_4\ <=  ('0') ;

Note:  Expanding virtual equation for '\UART_Bluetooth:BUART:sRX:MODULE_12:g2:a0:gta_4\' (cost = 0):
\UART_Bluetooth:BUART:sRX:MODULE_12:g2:a0:gta_4\ <=  ('0') ;

Note:  Expanding virtual equation for '\UART_Bluetooth:BUART:sRX:MODULE_12:g2:a0:lta_3\' (cost = 0):
\UART_Bluetooth:BUART:sRX:MODULE_12:g2:a0:lta_3\ <=  ('0') ;

Note:  Expanding virtual equation for '\UART_Bluetooth:BUART:sRX:MODULE_12:g2:a0:gta_3\' (cost = 0):
\UART_Bluetooth:BUART:sRX:MODULE_12:g2:a0:gta_3\ <= (\UART_Bluetooth:BUART:rx_count_6\);

Note:  Expanding virtual equation for '\UART_Bluetooth:BUART:sRX:MODULE_12:g2:a0:lta_2\' (cost = 1):
\UART_Bluetooth:BUART:sRX:MODULE_12:g2:a0:lta_2\ <= ((not \UART_Bluetooth:BUART:rx_count_6\ and not \UART_Bluetooth:BUART:rx_count_5\));

Note:  Expanding virtual equation for '\UART_Bluetooth:BUART:sRX:MODULE_12:g2:a0:gta_2\' (cost = 0):
\UART_Bluetooth:BUART:sRX:MODULE_12:g2:a0:gta_2\ <= (\UART_Bluetooth:BUART:rx_count_6\);

Note:  Expanding virtual equation for '\UART_Bluetooth:BUART:sRX:MODULE_12:g2:a0:lta_1\' (cost = 2):
\UART_Bluetooth:BUART:sRX:MODULE_12:g2:a0:lta_1\ <= ((not \UART_Bluetooth:BUART:rx_count_6\ and not \UART_Bluetooth:BUART:rx_count_4\)
	OR (not \UART_Bluetooth:BUART:rx_count_6\ and not \UART_Bluetooth:BUART:rx_count_5\));

Note:  Expanding virtual equation for '\UART_Bluetooth:BUART:sRX:MODULE_12:g2:a0:gta_1\' (cost = 0):
\UART_Bluetooth:BUART:sRX:MODULE_12:g2:a0:gta_1\ <= (\UART_Bluetooth:BUART:rx_count_6\);

Note:  Expanding virtual equation for '\UART_Bluetooth:BUART:sRX:MODULE_12:g2:a0:lta_0\' (cost = 8):
\UART_Bluetooth:BUART:sRX:MODULE_12:g2:a0:lta_0\ <= ((not \UART_Bluetooth:BUART:rx_count_6\ and not \UART_Bluetooth:BUART:rx_count_4\)
	OR (not \UART_Bluetooth:BUART:rx_count_6\ and not \UART_Bluetooth:BUART:rx_count_5\));


Substituting virtuals - pass 2:

Note:  Expanding virtual equation for '\PWM_Motor:PWMUDB:MODULE_1:g2:a0:s_1\' (cost = 2):
\PWM_Motor:PWMUDB:MODULE_1:g2:a0:s_1\ <= ((not \PWM_Motor:PWMUDB:dith_count_0\ and \PWM_Motor:PWMUDB:dith_count_1\)
	OR (not \PWM_Motor:PWMUDB:dith_count_1\ and \PWM_Motor:PWMUDB:dith_count_0\));

Note:  Expanding virtual equation for '\PWM_Motor:PWMUDB:MODULE_1:g2:a0:g1:z1:s0:g1:u0:c_18\' (cost = 0):
\PWM_Motor:PWMUDB:MODULE_1:g2:a0:g1:z1:s0:g1:u0:c_18\ <=  ('0') ;

Note:  Expanding virtual equation for '\PWM_Motor:PWMUDB:MODULE_1:g2:a0:g1:z1:s0:g1:u0:c_10\' (cost = 0):
\PWM_Motor:PWMUDB:MODULE_1:g2:a0:g1:z1:s0:g1:u0:c_10\ <=  ('0') ;

Note:  Expanding virtual equation for '\PWM_Motor:PWMUDB:MODULE_1:g2:a0:g1:z1:s0:g1:u0:c_3\' (cost = 0):
\PWM_Motor:PWMUDB:MODULE_1:g2:a0:g1:z1:s0:g1:u0:c_3\ <=  ('0') ;

Note:  Expanding virtual equation for '\UART_USB:BUART:sRX:s23Poll:MODULE_3:g2:a0:lta_0\' (cost = 4):
\UART_USB:BUART:sRX:s23Poll:MODULE_3:g2:a0:lta_0\ <= ((not MODIN2_1 and not MODIN2_0));

Note:  Expanding virtual equation for '\UART_USB:BUART:sRX:s23Poll:MODULE_4:g2:a0:lta_0\' (cost = 0):
\UART_USB:BUART:sRX:s23Poll:MODULE_4:g2:a0:lta_0\ <= (not MODIN2_1);

Note:  Expanding virtual equation for 'add_vv_vv_MODGEN_2_1' (cost = 2):
add_vv_vv_MODGEN_2_1 <= ((not MODIN2_0 and MODIN2_1)
	OR (not MODIN2_1 and MODIN2_0));

Note:  Expanding virtual equation for '\PWM_LED:PWMUDB:MODULE_7:g2:a0:s_1\' (cost = 2):
\PWM_LED:PWMUDB:MODULE_7:g2:a0:s_1\ <= ((not \PWM_LED:PWMUDB:dith_count_0\ and \PWM_LED:PWMUDB:dith_count_1\)
	OR (not \PWM_LED:PWMUDB:dith_count_1\ and \PWM_LED:PWMUDB:dith_count_0\));

Note:  Expanding virtual equation for '\PWM_LED:PWMUDB:MODULE_7:g2:a0:g1:z1:s0:g1:u0:c_18\' (cost = 0):
\PWM_LED:PWMUDB:MODULE_7:g2:a0:g1:z1:s0:g1:u0:c_18\ <=  ('0') ;

Note:  Expanding virtual equation for '\PWM_LED:PWMUDB:MODULE_7:g2:a0:g1:z1:s0:g1:u0:c_10\' (cost = 0):
\PWM_LED:PWMUDB:MODULE_7:g2:a0:g1:z1:s0:g1:u0:c_10\ <=  ('0') ;

Note:  Expanding virtual equation for '\PWM_LED:PWMUDB:MODULE_7:g2:a0:g1:z1:s0:g1:u0:c_3\' (cost = 0):
\PWM_LED:PWMUDB:MODULE_7:g2:a0:g1:z1:s0:g1:u0:c_3\ <=  ('0') ;

Note:  Expanding virtual equation for '\PWM_LED_BRIGHTNESS:PWMUDB:MODULE_8:g2:a0:s_1\' (cost = 2):
\PWM_LED_BRIGHTNESS:PWMUDB:MODULE_8:g2:a0:s_1\ <= ((not \PWM_LED_BRIGHTNESS:PWMUDB:dith_count_0\ and \PWM_LED_BRIGHTNESS:PWMUDB:dith_count_1\)
	OR (not \PWM_LED_BRIGHTNESS:PWMUDB:dith_count_1\ and \PWM_LED_BRIGHTNESS:PWMUDB:dith_count_0\));

Note:  Expanding virtual equation for '\PWM_LED_BRIGHTNESS:PWMUDB:MODULE_8:g2:a0:g1:z1:s0:g1:u0:c_18\' (cost = 0):
\PWM_LED_BRIGHTNESS:PWMUDB:MODULE_8:g2:a0:g1:z1:s0:g1:u0:c_18\ <=  ('0') ;

Note:  Expanding virtual equation for '\PWM_LED_BRIGHTNESS:PWMUDB:MODULE_8:g2:a0:g1:z1:s0:g1:u0:c_10\' (cost = 0):
\PWM_LED_BRIGHTNESS:PWMUDB:MODULE_8:g2:a0:g1:z1:s0:g1:u0:c_10\ <=  ('0') ;

Note:  Expanding virtual equation for '\PWM_LED_BRIGHTNESS:PWMUDB:MODULE_8:g2:a0:g1:z1:s0:g1:u0:c_3\' (cost = 0):
\PWM_LED_BRIGHTNESS:PWMUDB:MODULE_8:g2:a0:g1:z1:s0:g1:u0:c_3\ <=  ('0') ;

Note:  Expanding virtual equation for '\UART_Bluetooth:BUART:sRX:s23Poll:MODULE_10:g2:a0:lta_0\' (cost = 4):
\UART_Bluetooth:BUART:sRX:s23Poll:MODULE_10:g2:a0:lta_0\ <= ((not \UART_Bluetooth:BUART:pollcount_1\ and not \UART_Bluetooth:BUART:pollcount_0\));

Note:  Expanding virtual equation for '\UART_Bluetooth:BUART:sRX:s23Poll:MODULE_11:g2:a0:lta_0\' (cost = 0):
\UART_Bluetooth:BUART:sRX:s23Poll:MODULE_11:g2:a0:lta_0\ <= (not \UART_Bluetooth:BUART:pollcount_1\);

Note:  Expanding virtual equation for '\UART_Bluetooth:BUART:sRX:s23Poll:MODULE_9:g2:a0:s_1\' (cost = 2):
\UART_Bluetooth:BUART:sRX:s23Poll:MODULE_9:g2:a0:s_1\ <= ((not \UART_Bluetooth:BUART:pollcount_0\ and \UART_Bluetooth:BUART:pollcount_1\)
	OR (not \UART_Bluetooth:BUART:pollcount_1\ and \UART_Bluetooth:BUART:pollcount_0\));


Substituting virtuals - pass 3:

Note:  Expanding virtual equation for '\PWM_Motor:PWMUDB:MODULE_1:g2:a0:g1:z1:s0:g1:u0:c_19\' (cost = 0):
\PWM_Motor:PWMUDB:MODULE_1:g2:a0:g1:z1:s0:g1:u0:c_19\ <=  ('0') ;

Note:  Expanding virtual equation for '\PWM_Motor:PWMUDB:MODULE_1:g2:a0:g1:z1:s0:g1:u0:c_11\' (cost = 0):
\PWM_Motor:PWMUDB:MODULE_1:g2:a0:g1:z1:s0:g1:u0:c_11\ <=  ('0') ;

Note:  Expanding virtual equation for '\PWM_Motor:PWMUDB:MODULE_1:g2:a0:g1:z1:s0:g1:u0:c_4\' (cost = 0):
\PWM_Motor:PWMUDB:MODULE_1:g2:a0:g1:z1:s0:g1:u0:c_4\ <=  ('0') ;

Note:  Expanding virtual equation for '\UART_USB:BUART:rx_postpoll\' (cost = 72):
\UART_USB:BUART:rx_postpoll\ <= (MODIN2_1
	OR (Net_544 and MODIN2_0));

Note:  Expanding virtual equation for '\UART_USB:BUART:sRX:MODULE_6:g1:a0:gx:u0:xnor_array_0\' (cost = 4):
\UART_USB:BUART:sRX:MODULE_6:g1:a0:gx:u0:xnor_array_0\ <= ((not Net_544 and not MODIN2_1 and not \UART_USB:BUART:rx_parity_bit\)
	OR (not MODIN2_1 and not MODIN2_0 and not \UART_USB:BUART:rx_parity_bit\)
	OR (MODIN2_1 and \UART_USB:BUART:rx_parity_bit\)
	OR (Net_544 and MODIN2_0 and \UART_USB:BUART:rx_parity_bit\));

Note:  Expanding virtual equation for '\UART_USB:BUART:sRX:MODULE_6:g1:a0:gx:u0:aeqb_1\' (cost = 4):
\UART_USB:BUART:sRX:MODULE_6:g1:a0:gx:u0:aeqb_1\ <= ((not Net_544 and not MODIN2_1 and not \UART_USB:BUART:rx_parity_bit\)
	OR (not MODIN2_1 and not MODIN2_0 and not \UART_USB:BUART:rx_parity_bit\)
	OR (MODIN2_1 and \UART_USB:BUART:rx_parity_bit\)
	OR (Net_544 and MODIN2_0 and \UART_USB:BUART:rx_parity_bit\));

Note:  Expanding virtual equation for '\PWM_LED:PWMUDB:MODULE_7:g2:a0:g1:z1:s0:g1:u0:c_19\' (cost = 0):
\PWM_LED:PWMUDB:MODULE_7:g2:a0:g1:z1:s0:g1:u0:c_19\ <=  ('0') ;

Note:  Expanding virtual equation for '\PWM_LED:PWMUDB:MODULE_7:g2:a0:g1:z1:s0:g1:u0:c_11\' (cost = 0):
\PWM_LED:PWMUDB:MODULE_7:g2:a0:g1:z1:s0:g1:u0:c_11\ <=  ('0') ;

Note:  Expanding virtual equation for '\PWM_LED:PWMUDB:MODULE_7:g2:a0:g1:z1:s0:g1:u0:c_4\' (cost = 0):
\PWM_LED:PWMUDB:MODULE_7:g2:a0:g1:z1:s0:g1:u0:c_4\ <=  ('0') ;

Note:  Expanding virtual equation for '\PWM_LED_BRIGHTNESS:PWMUDB:MODULE_8:g2:a0:g1:z1:s0:g1:u0:c_19\' (cost = 0):
\PWM_LED_BRIGHTNESS:PWMUDB:MODULE_8:g2:a0:g1:z1:s0:g1:u0:c_19\ <=  ('0') ;

Note:  Expanding virtual equation for '\PWM_LED_BRIGHTNESS:PWMUDB:MODULE_8:g2:a0:g1:z1:s0:g1:u0:c_11\' (cost = 0):
\PWM_LED_BRIGHTNESS:PWMUDB:MODULE_8:g2:a0:g1:z1:s0:g1:u0:c_11\ <=  ('0') ;

Note:  Expanding virtual equation for '\PWM_LED_BRIGHTNESS:PWMUDB:MODULE_8:g2:a0:g1:z1:s0:g1:u0:c_4\' (cost = 0):
\PWM_LED_BRIGHTNESS:PWMUDB:MODULE_8:g2:a0:g1:z1:s0:g1:u0:c_4\ <=  ('0') ;

Note:  Expanding virtual equation for '\UART_Bluetooth:BUART:rx_postpoll\' (cost = 72):
\UART_Bluetooth:BUART:rx_postpoll\ <= (\UART_Bluetooth:BUART:pollcount_1\
	OR (Net_809 and \UART_Bluetooth:BUART:pollcount_0\));

Note:  Expanding virtual equation for '\UART_Bluetooth:BUART:sRX:MODULE_13:g1:a0:gx:u0:xnor_array_0\' (cost = 4):
\UART_Bluetooth:BUART:sRX:MODULE_13:g1:a0:gx:u0:xnor_array_0\ <= ((not \UART_Bluetooth:BUART:pollcount_1\ and not Net_809 and not \UART_Bluetooth:BUART:rx_parity_bit\)
	OR (not \UART_Bluetooth:BUART:pollcount_1\ and not \UART_Bluetooth:BUART:pollcount_0\ and not \UART_Bluetooth:BUART:rx_parity_bit\)
	OR (\UART_Bluetooth:BUART:pollcount_1\ and \UART_Bluetooth:BUART:rx_parity_bit\)
	OR (Net_809 and \UART_Bluetooth:BUART:pollcount_0\ and \UART_Bluetooth:BUART:rx_parity_bit\));

Note:  Expanding virtual equation for '\UART_Bluetooth:BUART:sRX:MODULE_13:g1:a0:gx:u0:aeqb_1\' (cost = 4):
\UART_Bluetooth:BUART:sRX:MODULE_13:g1:a0:gx:u0:aeqb_1\ <= ((not \UART_Bluetooth:BUART:pollcount_1\ and not Net_809 and not \UART_Bluetooth:BUART:rx_parity_bit\)
	OR (not \UART_Bluetooth:BUART:pollcount_1\ and not \UART_Bluetooth:BUART:pollcount_0\ and not \UART_Bluetooth:BUART:rx_parity_bit\)
	OR (\UART_Bluetooth:BUART:pollcount_1\ and \UART_Bluetooth:BUART:rx_parity_bit\)
	OR (Net_809 and \UART_Bluetooth:BUART:pollcount_0\ and \UART_Bluetooth:BUART:rx_parity_bit\));


Substituting virtuals - pass 4:

Note:  Expanding virtual equation for '\PWM_Motor:PWMUDB:MODULE_1:g2:a0:g1:z1:s0:g1:u0:c_20\' (cost = 0):
\PWM_Motor:PWMUDB:MODULE_1:g2:a0:g1:z1:s0:g1:u0:c_20\ <=  ('0') ;

Note:  Expanding virtual equation for '\PWM_Motor:PWMUDB:MODULE_1:g2:a0:g1:z1:s0:g1:u0:c_12\' (cost = 0):
\PWM_Motor:PWMUDB:MODULE_1:g2:a0:g1:z1:s0:g1:u0:c_12\ <=  ('0') ;

Note:  Expanding virtual equation for '\PWM_Motor:PWMUDB:MODULE_1:g2:a0:g1:z1:s0:g1:u0:c_5\' (cost = 0):
\PWM_Motor:PWMUDB:MODULE_1:g2:a0:g1:z1:s0:g1:u0:c_5\ <=  ('0') ;

Note:  Expanding virtual equation for '\PWM_LED:PWMUDB:MODULE_7:g2:a0:g1:z1:s0:g1:u0:c_20\' (cost = 0):
\PWM_LED:PWMUDB:MODULE_7:g2:a0:g1:z1:s0:g1:u0:c_20\ <=  ('0') ;

Note:  Expanding virtual equation for '\PWM_LED:PWMUDB:MODULE_7:g2:a0:g1:z1:s0:g1:u0:c_12\' (cost = 0):
\PWM_LED:PWMUDB:MODULE_7:g2:a0:g1:z1:s0:g1:u0:c_12\ <=  ('0') ;

Note:  Expanding virtual equation for '\PWM_LED:PWMUDB:MODULE_7:g2:a0:g1:z1:s0:g1:u0:c_5\' (cost = 0):
\PWM_LED:PWMUDB:MODULE_7:g2:a0:g1:z1:s0:g1:u0:c_5\ <=  ('0') ;

Note:  Expanding virtual equation for '\PWM_LED_BRIGHTNESS:PWMUDB:MODULE_8:g2:a0:g1:z1:s0:g1:u0:c_20\' (cost = 0):
\PWM_LED_BRIGHTNESS:PWMUDB:MODULE_8:g2:a0:g1:z1:s0:g1:u0:c_20\ <=  ('0') ;

Note:  Expanding virtual equation for '\PWM_LED_BRIGHTNESS:PWMUDB:MODULE_8:g2:a0:g1:z1:s0:g1:u0:c_12\' (cost = 0):
\PWM_LED_BRIGHTNESS:PWMUDB:MODULE_8:g2:a0:g1:z1:s0:g1:u0:c_12\ <=  ('0') ;

Note:  Expanding virtual equation for '\PWM_LED_BRIGHTNESS:PWMUDB:MODULE_8:g2:a0:g1:z1:s0:g1:u0:c_5\' (cost = 0):
\PWM_LED_BRIGHTNESS:PWMUDB:MODULE_8:g2:a0:g1:z1:s0:g1:u0:c_5\ <=  ('0') ;


Substituting virtuals - pass 5:

Note:  Expanding virtual equation for '\PWM_Motor:PWMUDB:MODULE_1:g2:a0:g1:z1:s0:g1:u0:c_21\' (cost = 0):
\PWM_Motor:PWMUDB:MODULE_1:g2:a0:g1:z1:s0:g1:u0:c_21\ <=  ('0') ;

Note:  Expanding virtual equation for '\PWM_Motor:PWMUDB:MODULE_1:g2:a0:g1:z1:s0:g1:u0:c_13\' (cost = 0):
\PWM_Motor:PWMUDB:MODULE_1:g2:a0:g1:z1:s0:g1:u0:c_13\ <=  ('0') ;

Note:  Expanding virtual equation for '\PWM_Motor:PWMUDB:MODULE_1:g2:a0:g1:z1:s0:g1:u0:c_6\' (cost = 0):
\PWM_Motor:PWMUDB:MODULE_1:g2:a0:g1:z1:s0:g1:u0:c_6\ <=  ('0') ;

Note:  Expanding virtual equation for '\PWM_LED:PWMUDB:MODULE_7:g2:a0:g1:z1:s0:g1:u0:c_21\' (cost = 0):
\PWM_LED:PWMUDB:MODULE_7:g2:a0:g1:z1:s0:g1:u0:c_21\ <=  ('0') ;

Note:  Expanding virtual equation for '\PWM_LED:PWMUDB:MODULE_7:g2:a0:g1:z1:s0:g1:u0:c_13\' (cost = 0):
\PWM_LED:PWMUDB:MODULE_7:g2:a0:g1:z1:s0:g1:u0:c_13\ <=  ('0') ;

Note:  Expanding virtual equation for '\PWM_LED:PWMUDB:MODULE_7:g2:a0:g1:z1:s0:g1:u0:c_6\' (cost = 0):
\PWM_LED:PWMUDB:MODULE_7:g2:a0:g1:z1:s0:g1:u0:c_6\ <=  ('0') ;

Note:  Expanding virtual equation for '\PWM_LED_BRIGHTNESS:PWMUDB:MODULE_8:g2:a0:g1:z1:s0:g1:u0:c_21\' (cost = 0):
\PWM_LED_BRIGHTNESS:PWMUDB:MODULE_8:g2:a0:g1:z1:s0:g1:u0:c_21\ <=  ('0') ;

Note:  Expanding virtual equation for '\PWM_LED_BRIGHTNESS:PWMUDB:MODULE_8:g2:a0:g1:z1:s0:g1:u0:c_13\' (cost = 0):
\PWM_LED_BRIGHTNESS:PWMUDB:MODULE_8:g2:a0:g1:z1:s0:g1:u0:c_13\ <=  ('0') ;

Note:  Expanding virtual equation for '\PWM_LED_BRIGHTNESS:PWMUDB:MODULE_8:g2:a0:g1:z1:s0:g1:u0:c_6\' (cost = 0):
\PWM_LED_BRIGHTNESS:PWMUDB:MODULE_8:g2:a0:g1:z1:s0:g1:u0:c_6\ <=  ('0') ;


Substituting virtuals - pass 6:

Note:  Expanding virtual equation for '\PWM_Motor:PWMUDB:MODULE_1:g2:a0:g1:z1:s0:g1:u0:c_22\' (cost = 0):
\PWM_Motor:PWMUDB:MODULE_1:g2:a0:g1:z1:s0:g1:u0:c_22\ <=  ('0') ;

Note:  Expanding virtual equation for '\PWM_Motor:PWMUDB:MODULE_1:g2:a0:g1:z1:s0:g1:u0:c_14\' (cost = 0):
\PWM_Motor:PWMUDB:MODULE_1:g2:a0:g1:z1:s0:g1:u0:c_14\ <=  ('0') ;

Note:  Expanding virtual equation for '\PWM_Motor:PWMUDB:MODULE_1:g2:a0:g1:z1:s0:g1:u0:c_7\' (cost = 0):
\PWM_Motor:PWMUDB:MODULE_1:g2:a0:g1:z1:s0:g1:u0:c_7\ <=  ('0') ;

Note:  Expanding virtual equation for '\PWM_LED:PWMUDB:MODULE_7:g2:a0:g1:z1:s0:g1:u0:c_22\' (cost = 0):
\PWM_LED:PWMUDB:MODULE_7:g2:a0:g1:z1:s0:g1:u0:c_22\ <=  ('0') ;

Note:  Expanding virtual equation for '\PWM_LED:PWMUDB:MODULE_7:g2:a0:g1:z1:s0:g1:u0:c_14\' (cost = 0):
\PWM_LED:PWMUDB:MODULE_7:g2:a0:g1:z1:s0:g1:u0:c_14\ <=  ('0') ;

Note:  Expanding virtual equation for '\PWM_LED:PWMUDB:MODULE_7:g2:a0:g1:z1:s0:g1:u0:c_7\' (cost = 0):
\PWM_LED:PWMUDB:MODULE_7:g2:a0:g1:z1:s0:g1:u0:c_7\ <=  ('0') ;

Note:  Expanding virtual equation for '\PWM_LED_BRIGHTNESS:PWMUDB:MODULE_8:g2:a0:g1:z1:s0:g1:u0:c_22\' (cost = 0):
\PWM_LED_BRIGHTNESS:PWMUDB:MODULE_8:g2:a0:g1:z1:s0:g1:u0:c_22\ <=  ('0') ;

Note:  Expanding virtual equation for '\PWM_LED_BRIGHTNESS:PWMUDB:MODULE_8:g2:a0:g1:z1:s0:g1:u0:c_14\' (cost = 0):
\PWM_LED_BRIGHTNESS:PWMUDB:MODULE_8:g2:a0:g1:z1:s0:g1:u0:c_14\ <=  ('0') ;

Note:  Expanding virtual equation for '\PWM_LED_BRIGHTNESS:PWMUDB:MODULE_8:g2:a0:g1:z1:s0:g1:u0:c_7\' (cost = 0):
\PWM_LED_BRIGHTNESS:PWMUDB:MODULE_8:g2:a0:g1:z1:s0:g1:u0:c_7\ <=  ('0') ;


Substituting virtuals - pass 7:

Note:  Expanding virtual equation for '\PWM_Motor:PWMUDB:MODULE_1:g2:a0:g1:z1:s0:g1:u0:c_23\' (cost = 0):
\PWM_Motor:PWMUDB:MODULE_1:g2:a0:g1:z1:s0:g1:u0:c_23\ <=  ('0') ;

Note:  Expanding virtual equation for '\PWM_Motor:PWMUDB:MODULE_1:g2:a0:g1:z1:s0:g1:u0:c_15\' (cost = 0):
\PWM_Motor:PWMUDB:MODULE_1:g2:a0:g1:z1:s0:g1:u0:c_15\ <=  ('0') ;

Note:  Expanding virtual equation for '\PWM_LED:PWMUDB:MODULE_7:g2:a0:g1:z1:s0:g1:u0:c_23\' (cost = 0):
\PWM_LED:PWMUDB:MODULE_7:g2:a0:g1:z1:s0:g1:u0:c_23\ <=  ('0') ;

Note:  Expanding virtual equation for '\PWM_LED:PWMUDB:MODULE_7:g2:a0:g1:z1:s0:g1:u0:c_15\' (cost = 0):
\PWM_LED:PWMUDB:MODULE_7:g2:a0:g1:z1:s0:g1:u0:c_15\ <=  ('0') ;

Note:  Expanding virtual equation for '\PWM_LED_BRIGHTNESS:PWMUDB:MODULE_8:g2:a0:g1:z1:s0:g1:u0:c_23\' (cost = 0):
\PWM_LED_BRIGHTNESS:PWMUDB:MODULE_8:g2:a0:g1:z1:s0:g1:u0:c_23\ <=  ('0') ;

Note:  Expanding virtual equation for '\PWM_LED_BRIGHTNESS:PWMUDB:MODULE_8:g2:a0:g1:z1:s0:g1:u0:c_15\' (cost = 0):
\PWM_LED_BRIGHTNESS:PWMUDB:MODULE_8:g2:a0:g1:z1:s0:g1:u0:c_15\ <=  ('0') ;


Substituting virtuals - pass 8:


----------------------------------------------------------
Circuit simplification results:

	Expanded 138 signals.
	Turned 0 signals into soft nodes.
	Maximum default expansion cost was set at 3.
----------------------------------------------------------

------------------------------------------------------
Alias Detection
------------------------------------------------------
Aliasing \PWM_Motor:PWMUDB:final_capture\ to zero
Aliasing \PWM_Motor:PWMUDB:pwm_i\ to zero
Aliasing \PWM_Motor:PWMUDB:MODULE_1:g2:a0:g1:z1:s0:g1:u0:b_24\ to zero
Aliasing \PWM_Motor:PWMUDB:MODULE_1:g2:a0:g1:z1:s0:g1:u0:b_16\ to zero
Aliasing \PWM_Motor:PWMUDB:MODULE_1:g2:a0:g1:z1:s0:g1:u0:b_8\ to zero
Aliasing \UART_USB:BUART:rx_status_0\ to zero
Aliasing \UART_USB:BUART:rx_status_6\ to zero
Aliasing \PWM_LED:PWMUDB:final_capture\ to zero
Aliasing \PWM_LED:PWMUDB:MODULE_7:g2:a0:g1:z1:s0:g1:u0:b_24\ to zero
Aliasing \PWM_LED:PWMUDB:MODULE_7:g2:a0:g1:z1:s0:g1:u0:b_16\ to zero
Aliasing \PWM_LED:PWMUDB:MODULE_7:g2:a0:g1:z1:s0:g1:u0:b_8\ to zero
Aliasing \PWM_LED_BRIGHTNESS:PWMUDB:final_capture\ to zero
Aliasing \PWM_LED_BRIGHTNESS:PWMUDB:MODULE_8:g2:a0:g1:z1:s0:g1:u0:b_24\ to zero
Aliasing \PWM_LED_BRIGHTNESS:PWMUDB:MODULE_8:g2:a0:g1:z1:s0:g1:u0:b_16\ to zero
Aliasing \PWM_LED_BRIGHTNESS:PWMUDB:MODULE_8:g2:a0:g1:z1:s0:g1:u0:b_8\ to zero
Aliasing \UART_Bluetooth:BUART:rx_status_0\ to zero
Aliasing \UART_Bluetooth:BUART:rx_status_6\ to zero
Aliasing \UART_USB:BUART:rx_markspace_status\\D\ to zero
Aliasing \UART_USB:BUART:rx_parity_error_status\\D\ to zero
Aliasing \UART_USB:BUART:rx_addr_match_status\\D\ to zero
Aliasing \UART_Bluetooth:BUART:rx_markspace_status\\D\ to zero
Aliasing \UART_Bluetooth:BUART:rx_parity_error_status\\D\ to zero
Aliasing \UART_Bluetooth:BUART:rx_addr_match_status\\D\ to zero
Removing Lhs of wire \PWM_Motor:PWMUDB:final_capture\[62] = zero[7]
Removing Lhs of wire \PWM_Motor:PWMUDB:pwm_i\[145] = zero[7]
Removing Lhs of wire \PWM_Motor:PWMUDB:MODULE_1:g2:a0:g1:z1:s0:g1:u0:b_24\[326] = zero[7]
Removing Lhs of wire \PWM_Motor:PWMUDB:MODULE_1:g2:a0:g1:z1:s0:g1:u0:b_16\[336] = zero[7]
Removing Lhs of wire \PWM_Motor:PWMUDB:MODULE_1:g2:a0:g1:z1:s0:g1:u0:b_8\[346] = zero[7]
Removing Rhs of wire \UART_USB:BUART:rx_bitclk_enable\[532] = \UART_USB:BUART:rx_bitclk\[580]
Removing Lhs of wire \UART_USB:BUART:rx_status_0\[631] = zero[7]
Removing Lhs of wire \UART_USB:BUART:rx_status_6\[640] = zero[7]
Removing Lhs of wire \PWM_LED:PWMUDB:final_capture\[788] = zero[7]
Removing Lhs of wire \PWM_LED:PWMUDB:MODULE_7:g2:a0:g1:z1:s0:g1:u0:b_24\[1052] = zero[7]
Removing Lhs of wire \PWM_LED:PWMUDB:MODULE_7:g2:a0:g1:z1:s0:g1:u0:b_16\[1062] = zero[7]
Removing Lhs of wire \PWM_LED:PWMUDB:MODULE_7:g2:a0:g1:z1:s0:g1:u0:b_8\[1072] = zero[7]
Removing Lhs of wire \PWM_LED_BRIGHTNESS:PWMUDB:final_capture\[1157] = zero[7]
Removing Lhs of wire \PWM_LED_BRIGHTNESS:PWMUDB:MODULE_8:g2:a0:g1:z1:s0:g1:u0:b_24\[1373] = zero[7]
Removing Lhs of wire \PWM_LED_BRIGHTNESS:PWMUDB:MODULE_8:g2:a0:g1:z1:s0:g1:u0:b_16\[1383] = zero[7]
Removing Lhs of wire \PWM_LED_BRIGHTNESS:PWMUDB:MODULE_8:g2:a0:g1:z1:s0:g1:u0:b_8\[1393] = zero[7]
Removing Rhs of wire \UART_Bluetooth:BUART:rx_bitclk_enable\[1579] = \UART_Bluetooth:BUART:rx_bitclk\[1627]
Removing Lhs of wire \UART_Bluetooth:BUART:rx_status_0\[1678] = zero[7]
Removing Lhs of wire \UART_Bluetooth:BUART:rx_status_6\[1687] = zero[7]
Removing Lhs of wire \PWM_Motor:PWMUDB:runmode_enable\\D\[1813] = \PWM_Motor:PWMUDB:control_7\[8]
Removing Lhs of wire \UART_USB:BUART:tx_ctrl_mark_last\\D\[1829] = \UART_USB:BUART:tx_ctrl_mark_last\[523]
Removing Lhs of wire \UART_USB:BUART:rx_markspace_status\\D\[1841] = zero[7]
Removing Lhs of wire \UART_USB:BUART:rx_parity_error_status\\D\[1842] = zero[7]
Removing Lhs of wire \UART_USB:BUART:rx_addr_match_status\\D\[1844] = zero[7]
Removing Lhs of wire \UART_USB:BUART:rx_markspace_pre\\D\[1845] = \UART_USB:BUART:rx_markspace_pre\[644]
Removing Lhs of wire \UART_USB:BUART:rx_parity_bit\\D\[1850] = \UART_USB:BUART:rx_parity_bit\[650]
Removing Lhs of wire \PWM_LED:PWMUDB:runmode_enable\\D\[1854] = \PWM_LED:PWMUDB:control_7\[734]
Removing Lhs of wire \UART_Bluetooth:BUART:tx_ctrl_mark_last\\D\[1882] = \UART_Bluetooth:BUART:tx_ctrl_mark_last\[1570]
Removing Lhs of wire \UART_Bluetooth:BUART:rx_markspace_status\\D\[1894] = zero[7]
Removing Lhs of wire \UART_Bluetooth:BUART:rx_parity_error_status\\D\[1895] = zero[7]
Removing Lhs of wire \UART_Bluetooth:BUART:rx_addr_match_status\\D\[1897] = zero[7]
Removing Lhs of wire \UART_Bluetooth:BUART:rx_markspace_pre\\D\[1898] = \UART_Bluetooth:BUART:rx_markspace_pre\[1691]
Removing Lhs of wire \UART_Bluetooth:BUART:rx_parity_bit\\D\[1903] = \UART_Bluetooth:BUART:rx_parity_bit\[1697]

------------------------------------------------------
Aliased 0 equations, 33 wires.
------------------------------------------------------

----------------------------------------------------------
Circuit simplification
----------------------------------------------------------

Eliminating unused logic - pass 1:

Note:  Deleted unused equation:
\UART_USB:BUART:sRX:MODULE_6:g1:a0:xneq\ <= ((not \UART_USB:BUART:rx_parity_bit\ and Net_544 and MODIN2_0)
	OR (not MODIN2_1 and not MODIN2_0 and \UART_USB:BUART:rx_parity_bit\)
	OR (not Net_544 and not MODIN2_1 and \UART_USB:BUART:rx_parity_bit\)
	OR (not \UART_USB:BUART:rx_parity_bit\ and MODIN2_1));

Note:  Deleted unused equation:
\UART_Bluetooth:BUART:sRX:MODULE_13:g1:a0:xneq\ <= ((not \UART_Bluetooth:BUART:rx_parity_bit\ and Net_809 and \UART_Bluetooth:BUART:pollcount_0\)
	OR (not \UART_Bluetooth:BUART:pollcount_1\ and not \UART_Bluetooth:BUART:pollcount_0\ and \UART_Bluetooth:BUART:rx_parity_bit\)
	OR (not \UART_Bluetooth:BUART:pollcount_1\ and not Net_809 and \UART_Bluetooth:BUART:rx_parity_bit\)
	OR (not \UART_Bluetooth:BUART:rx_parity_bit\ and \UART_Bluetooth:BUART:pollcount_1\));


Eliminating unused logic - pass 2:


Substituting virtuals - pass 1:


----------------------------------------------------------
Circuit simplification results:

	Expanded 0 signals.
	Turned 0 signals into soft nodes.
	Maximum default expansion cost was set at 3.
----------------------------------------------------------

topld:  No errors.

CYPRESS_DIR    : E:\Programs\PSoC\PSoC Creator\4.4\PSoC Creator\warp
Warp Program   : E:\Programs\PSoC\PSoC Creator\4.4\PSoC Creator\warp\bin\warp.exe
Warp Arguments : -yv2 -q10 -ygs -o2 -v3 -.fftcfgtype=LE -ya -.fftprj=D:\Uni\Mikokontrollerek\MikroAlk-HF\KartonBalance.cydsn\KartonBalance.cyprj -dcpsoc3 KartonBalance.v -verilog
</CYPRESSTAG>
Warp synthesis phase: Elapsed time ==> 2s.583ms
<CYPRESSTAG name="Fitter results...">
<CYPRESSTAG name="Fitter startup details...">
cyp3fit: V4.4.0.80, Family: PSoC3, Started at: Friday, 05 July 2024 23:27:31
Options: -yv2 -q10 -ygs -o2 -v3 -.fftcfgtype=LE -ya -.fftprj=D:\Uni\Mikokontrollerek\MikroAlk-HF\KartonBalance.cydsn\KartonBalance.cyprj -d CY8C5888LTI-LP097 KartonBalance.v -verilog
</CYPRESSTAG>
<CYPRESSTAG name="Design parsing">
Design parsing phase: Elapsed time ==> 0s.040ms
</CYPRESSTAG>
<CYPRESSTAG name="Tech Mapping">
<CYPRESSTAG name="Initial Mapping" icon="FILE_RPT_TECHM">
    Removed wire end \PWM_Motor:PWMUDB:MODULE_1:g2:a0:g1:z1:s0:g1:u0:c_24\ kept zero
    Removed wire end \PWM_Motor:PWMUDB:MODULE_1:g2:a0:g1:z1:s0:g1:u0:c_16\ kept zero
    Removed wire end \PWM_Motor:PWMUDB:MODULE_1:g2:a0:g1:z1:s0:g1:u0:c_8\ kept zero
    Removed wire end \PWM_LED:PWMUDB:MODULE_7:g2:a0:g1:z1:s0:g1:u0:c_24\ kept zero
    Removed wire end \PWM_LED:PWMUDB:MODULE_7:g2:a0:g1:z1:s0:g1:u0:c_16\ kept zero
    Removed wire end \PWM_LED:PWMUDB:MODULE_7:g2:a0:g1:z1:s0:g1:u0:c_8\ kept zero
    Removed wire end \PWM_LED_BRIGHTNESS:PWMUDB:MODULE_8:g2:a0:g1:z1:s0:g1:u0:c_24\ kept zero
    Removed wire end \PWM_LED_BRIGHTNESS:PWMUDB:MODULE_8:g2:a0:g1:z1:s0:g1:u0:c_16\ kept zero
    Removed wire end \PWM_LED_BRIGHTNESS:PWMUDB:MODULE_8:g2:a0:g1:z1:s0:g1:u0:c_8\ kept zero
    Converted constant MacroCell: \PWM_Motor:PWMUDB:prevCapture\ from registered to combinatorial
    Converted constant MacroCell: \PWM_Motor:PWMUDB:trig_last\ from registered to combinatorial
    Converted constant MacroCell: \PWM_Motor:PWMUDB:pwm_i_reg\ from registered to combinatorial
    Converted constant MacroCell: \UART_USB:BUART:reset_reg\ from registered to combinatorial
    Converted constant MacroCell: \UART_USB:BUART:rx_markspace_status\ from registered to combinatorial
    Converted constant MacroCell: \UART_USB:BUART:rx_status_2\ from registered to combinatorial
    Converted constant MacroCell: \UART_USB:BUART:rx_addr_match_status\ from registered to combinatorial
    Converted constant MacroCell: \UART_USB:BUART:rx_break_status\ from registered to combinatorial
    Converted constant MacroCell: \PWM_LED:PWMUDB:prevCapture\ from registered to combinatorial
    Converted constant MacroCell: \PWM_LED:PWMUDB:trig_last\ from registered to combinatorial
    Converted constant MacroCell: \PWM_LED:PWMUDB:pwm1_i_reg\ from registered to combinatorial
    Converted constant MacroCell: \PWM_LED:PWMUDB:pwm2_i_reg\ from registered to combinatorial
    Converted constant MacroCell: \PWM_LED_BRIGHTNESS:PWMUDB:prevCapture\ from registered to combinatorial
    Converted constant MacroCell: \PWM_LED_BRIGHTNESS:PWMUDB:trig_last\ from registered to combinatorial
    Converted constant MacroCell: \PWM_LED_BRIGHTNESS:PWMUDB:pwm1_i_reg\ from registered to combinatorial
    Converted constant MacroCell: \PWM_LED_BRIGHTNESS:PWMUDB:pwm2_i_reg\ from registered to combinatorial
    Converted constant MacroCell: \UART_Bluetooth:BUART:reset_reg\ from registered to combinatorial
    Converted constant MacroCell: \UART_Bluetooth:BUART:rx_markspace_status\ from registered to combinatorial
    Converted constant MacroCell: \UART_Bluetooth:BUART:rx_status_2\ from registered to combinatorial
    Converted constant MacroCell: \UART_Bluetooth:BUART:rx_addr_match_status\ from registered to combinatorial
    Converted constant MacroCell: \UART_Bluetooth:BUART:rx_break_status\ from registered to combinatorial
Assigning clock I2C_GY87_BusClock to clock BUS_CLK because it is a pass-through
<CYPRESSTAG name="Global Clock Selection" icon="FILE_RPT_TECHM">
    Digital Clock 0: Automatic-assigning  clock 'Clock_Motor_PWM'. Fanout=1, Signal=Net_163
    Digital Clock 1: Automatic-assigning  clock 'UART_USB_IntClock'. Fanout=1, Signal=\UART_USB:Net_9\
    Digital Clock 2: Automatic-assigning  clock 'UART_Bluetooth_IntClock'. Fanout=1, Signal=\UART_Bluetooth:Net_9\
    Digital Clock 3: Automatic-assigning  clock 'Clock_Timer_Motor_Encoder_Eval'. Fanout=1, Signal=Net_751
    Digital Clock 4: Automatic-assigning  clock 'Clock_Timer_UART'. Fanout=2, Signal=Net_822
    Digital Clock 5: Automatic-assigning  clock 'Clock_Timer_G87_Sample'. Fanout=1, Signal=Net_10
    Digital Clock 6: Automatic-assigning  clock 'Clock_LED_PWM'. Fanout=2, Signal=Net_310
</CYPRESSTAG>

Removing unused cells resulting from optimization
Done removing unused cells.
<CYPRESSTAG name="UDB Clock/Enable Remapping Results">
    UDB Clk/Enable \PWM_Motor:PWMUDB:clock_enable_block\: with output requested to be synchronous
        ClockIn: Clock_Motor_PWM was determined to be a global clock that is synchronous to BUS_CLK
        EnableIn: Constant 1 was determined to be synchronous to ClockIn
        ClockOut: Clock_Motor_PWM, EnableOut: Constant 1
    UDB Clk/Enable \UART_USB:BUART:ClkSync\: with output requested to be synchronous
        ClockIn: UART_USB_IntClock was determined to be a global clock that is synchronous to BUS_CLK
        EnableIn: Constant 1 was determined to be synchronous to ClockIn
        ClockOut: UART_USB_IntClock, EnableOut: Constant 1
    UDB Clk/Enable \PWM_LED:PWMUDB:clock_enable_block\: with output requested to be synchronous
        ClockIn: Clock_LED_PWM was determined to be a global clock that is synchronous to BUS_CLK
        EnableIn: Constant 1 was determined to be synchronous to ClockIn
        ClockOut: Clock_LED_PWM, EnableOut: Constant 1
    UDB Clk/Enable \PWM_LED_BRIGHTNESS:PWMUDB:clock_enable_block\: with output requested to be synchronous
        ClockIn: Clock_LED_PWM was determined to be a global clock that is synchronous to BUS_CLK
        EnableIn: Constant 1 was determined to be synchronous to ClockIn
        ClockOut: Clock_LED_PWM, EnableOut: Constant 1
    UDB Clk/Enable \UART_Bluetooth:BUART:ClkSync\: with output requested to be synchronous
        ClockIn: UART_Bluetooth_IntClock was determined to be a global clock that is synchronous to BUS_CLK
        EnableIn: Constant 1 was determined to be synchronous to ClockIn
        ClockOut: UART_Bluetooth_IntClock, EnableOut: Constant 1
</CYPRESSTAG>
Info: plm.M0038: The pin named Pin_Motor_Encoder_L(0) at location P12[4] prevents usage of special purposes: I2C:SCL. (App=cydsfit)

Removing unused cells resulting from optimization
Done removing unused cells.
<CYPRESSTAG name="Duplicate Macrocell detection">
</CYPRESSTAG>
</CYPRESSTAG>
<CYPRESSTAG name="Duplicate Macrocell detection">

Removing duplicate macrocells
    Removing \UART_Bluetooth:BUART:rx_parity_bit\, Duplicate of \UART_Bluetooth:BUART:tx_ctrl_mark_last\ 
    MacroCell: Name=\UART_Bluetooth:BUART:rx_parity_bit\, Mode=(T-Register)
        Total # of inputs        : 0
        Total # of product terms : 0
        List of special equations: 
            Clock  = (\UART_Bluetooth:Net_9\) => Global
            Clock Enable: True
        Main Equation            : 0 pterms
        (
            0
        );
        Output = \UART_Bluetooth:BUART:rx_parity_bit\ (fanout=0)

    Removing \UART_Bluetooth:BUART:rx_address_detected\, Duplicate of \UART_Bluetooth:BUART:tx_ctrl_mark_last\ 
    MacroCell: Name=\UART_Bluetooth:BUART:rx_address_detected\, Mode=(T-Register)
        Total # of inputs        : 0
        Total # of product terms : 0
        List of special equations: 
            Clock  = (\UART_Bluetooth:Net_9\) => Global
            Clock Enable: True
        Main Equation            : 0 pterms
        (
            0
        );
        Output = \UART_Bluetooth:BUART:rx_address_detected\ (fanout=0)

    Removing \UART_Bluetooth:BUART:rx_parity_error_pre\, Duplicate of \UART_Bluetooth:BUART:tx_ctrl_mark_last\ 
    MacroCell: Name=\UART_Bluetooth:BUART:rx_parity_error_pre\, Mode=(T-Register)
        Total # of inputs        : 0
        Total # of product terms : 0
        List of special equations: 
            Clock  = (\UART_Bluetooth:Net_9\) => Global
            Clock Enable: True
        Main Equation            : 0 pterms
        (
            0
        );
        Output = \UART_Bluetooth:BUART:rx_parity_error_pre\ (fanout=0)

    Removing \UART_Bluetooth:BUART:rx_markspace_pre\, Duplicate of \UART_Bluetooth:BUART:tx_ctrl_mark_last\ 
    MacroCell: Name=\UART_Bluetooth:BUART:rx_markspace_pre\, Mode=(T-Register)
        Total # of inputs        : 0
        Total # of product terms : 0
        List of special equations: 
            Clock  = (\UART_Bluetooth:Net_9\) => Global
            Clock Enable: True
        Main Equation            : 0 pterms
        (
            0
        );
        Output = \UART_Bluetooth:BUART:rx_markspace_pre\ (fanout=0)

    Removing \UART_Bluetooth:BUART:rx_state_1\, Duplicate of \UART_Bluetooth:BUART:tx_ctrl_mark_last\ 
    MacroCell: Name=\UART_Bluetooth:BUART:rx_state_1\, Mode=(T-Register)
        Total # of inputs        : 0
        Total # of product terms : 0
        List of special equations: 
            Clock  = (\UART_Bluetooth:Net_9\) => Global
            Clock Enable: True
        Main Equation            : 0 pterms
        (
            0
        );
        Output = \UART_Bluetooth:BUART:rx_state_1\ (fanout=8)

    Removing \UART_Bluetooth:BUART:tx_parity_bit\, Duplicate of \UART_Bluetooth:BUART:tx_ctrl_mark_last\ 
    MacroCell: Name=\UART_Bluetooth:BUART:tx_parity_bit\, Mode=(T-Register)
        Total # of inputs        : 0
        Total # of product terms : 0
        List of special equations: 
            Clock  = (\UART_Bluetooth:Net_9\) => Global
            Clock Enable: True
        Main Equation            : 0 pterms
        (
            0
        );
        Output = \UART_Bluetooth:BUART:tx_parity_bit\ (fanout=0)

    Removing \UART_Bluetooth:BUART:tx_mark\, Duplicate of \UART_Bluetooth:BUART:tx_ctrl_mark_last\ 
    MacroCell: Name=\UART_Bluetooth:BUART:tx_mark\, Mode=(T-Register)
        Total # of inputs        : 0
        Total # of product terms : 0
        List of special equations: 
            Clock  = (\UART_Bluetooth:Net_9\) => Global
            Clock Enable: True
        Main Equation            : 0 pterms
        (
            0
        );
        Output = \UART_Bluetooth:BUART:tx_mark\ (fanout=0)

    Removing \UART_USB:BUART:rx_parity_bit\, Duplicate of \UART_USB:BUART:tx_ctrl_mark_last\ 
    MacroCell: Name=\UART_USB:BUART:rx_parity_bit\, Mode=(T-Register)
        Total # of inputs        : 0
        Total # of product terms : 0
        List of special equations: 
            Clock  = (\UART_USB:Net_9\) => Global
            Clock Enable: True
        Main Equation            : 0 pterms
        (
            0
        );
        Output = \UART_USB:BUART:rx_parity_bit\ (fanout=0)

    Removing \UART_USB:BUART:rx_address_detected\, Duplicate of \UART_USB:BUART:tx_ctrl_mark_last\ 
    MacroCell: Name=\UART_USB:BUART:rx_address_detected\, Mode=(T-Register)
        Total # of inputs        : 0
        Total # of product terms : 0
        List of special equations: 
            Clock  = (\UART_USB:Net_9\) => Global
            Clock Enable: True
        Main Equation            : 0 pterms
        (
            0
        );
        Output = \UART_USB:BUART:rx_address_detected\ (fanout=0)

    Removing \UART_USB:BUART:rx_parity_error_pre\, Duplicate of \UART_USB:BUART:tx_ctrl_mark_last\ 
    MacroCell: Name=\UART_USB:BUART:rx_parity_error_pre\, Mode=(T-Register)
        Total # of inputs        : 0
        Total # of product terms : 0
        List of special equations: 
            Clock  = (\UART_USB:Net_9\) => Global
            Clock Enable: True
        Main Equation            : 0 pterms
        (
            0
        );
        Output = \UART_USB:BUART:rx_parity_error_pre\ (fanout=0)

    Removing \UART_USB:BUART:rx_markspace_pre\, Duplicate of \UART_USB:BUART:tx_ctrl_mark_last\ 
    MacroCell: Name=\UART_USB:BUART:rx_markspace_pre\, Mode=(T-Register)
        Total # of inputs        : 0
        Total # of product terms : 0
        List of special equations: 
            Clock  = (\UART_USB:Net_9\) => Global
            Clock Enable: True
        Main Equation            : 0 pterms
        (
            0
        );
        Output = \UART_USB:BUART:rx_markspace_pre\ (fanout=0)

    Removing \UART_USB:BUART:rx_state_1\, Duplicate of \UART_USB:BUART:tx_ctrl_mark_last\ 
    MacroCell: Name=\UART_USB:BUART:rx_state_1\, Mode=(T-Register)
        Total # of inputs        : 0
        Total # of product terms : 0
        List of special equations: 
            Clock  = (\UART_USB:Net_9\) => Global
            Clock Enable: True
        Main Equation            : 0 pterms
        (
            0
        );
        Output = \UART_USB:BUART:rx_state_1\ (fanout=8)

    Removing \UART_USB:BUART:tx_parity_bit\, Duplicate of \UART_USB:BUART:tx_ctrl_mark_last\ 
    MacroCell: Name=\UART_USB:BUART:tx_parity_bit\, Mode=(T-Register)
        Total # of inputs        : 0
        Total # of product terms : 0
        List of special equations: 
            Clock  = (\UART_USB:Net_9\) => Global
            Clock Enable: True
        Main Equation            : 0 pterms
        (
            0
        );
        Output = \UART_USB:BUART:tx_parity_bit\ (fanout=0)

    Removing \UART_USB:BUART:tx_mark\, Duplicate of \UART_USB:BUART:tx_ctrl_mark_last\ 
    MacroCell: Name=\UART_USB:BUART:tx_mark\, Mode=(T-Register)
        Total # of inputs        : 0
        Total # of product terms : 0
        List of special equations: 
            Clock  = (\UART_USB:Net_9\) => Global
            Clock Enable: True
        Main Equation            : 0 pterms
        (
            0
        );
        Output = \UART_USB:BUART:tx_mark\ (fanout=0)


Removing unused cells resulting from optimization
Done removing unused cells.
End removing duplicate macrocells: used 1 pass
</CYPRESSTAG>
<CYPRESSTAG name="Design Equations" icon="FILE_RPT_EQUATION">

------------------------------------------------------------
Design Equations
------------------------------------------------------------
    <CYPRESSTAG name="Pin listing">

    ------------------------------------------------------------
    Pin listing
    ------------------------------------------------------------

    Pin : Name = Pin_SW1(0)
        Attributes:
            In Group/Port: True
            In Sync Option: NOSYNC
            Out Sync Option: AUTO
            Interrupt generated: False
            Interrupt mode: NONE
            Drive mode: RES_PULL_UP_DOWN
            VTrip: CMOS
            Slew: FAST
            Input Sync needed: False
            Output Sync needed: False
            SC shield enabled: False
            POR State: ANY
            LCD Mode: COMMON
            Register Mode: RegComb
            CaSense Mode: NEITHER
            Treat as pin: True
            Is OE Registered: False
            Uses Analog: False
            Can contain Digital: True
            Is SIO: False
            SIO Output Buf: NONREGULATED
            SIO Input Buf: SINGLE_ENDED
            SIO HiFreq: LOW
            SIO Hyst: DISABLED
            SIO Vtrip: MULTIPLIER_0_5
            SIO Multiplier Index: 0
            SIO RefSel: VCC_IO
            Required Capabilities: DIGITAL, ROUTABLE
            Initial Value: 1
            IO Voltage: 0
        PORT MAP (
            pa_out => Pin_SW1(0)__PA ,
            fb => Net_131 ,
            pad => Pin_SW1(0)_PAD );
        Properties:
        {
        }

    Pin : Name = Pin_SDA(0)
        Attributes:
            In Group/Port: True
            In Sync Option: SYNC
            Out Sync Option: NOSYNC
            Interrupt generated: False
            Interrupt mode: NONE
            Drive mode: OPEN_DRAIN_LO
            VTrip: CMOS
            Slew: FAST
            Input Sync needed: True
            Output Sync needed: False
            SC shield enabled: False
            POR State: ANY
            LCD Mode: COMMON
            Register Mode: RegComb
            CaSense Mode: NEITHER
            Treat as pin: True
            Is OE Registered: False
            Uses Analog: False
            Can contain Digital: True
            Is SIO: False
            SIO Output Buf: NONREGULATED
            SIO Input Buf: SINGLE_ENDED
            SIO HiFreq: LOW
            SIO Hyst: DISABLED
            SIO Vtrip: MULTIPLIER_0_5
            SIO Multiplier Index: 0
            SIO RefSel: VCC_IO
            Required Capabilities: DIGITAL, ROUTABLE
            Initial Value: 1
            IO Voltage: 0
        PORT MAP (
            pa_out => Pin_SDA(0)__PA ,
            fb => \I2C_GY87:Net_1109_1\ ,
            pin_input => \I2C_GY87:sda_x_wire\ ,
            pad => Pin_SDA(0)_PAD );
        Properties:
        {
        }

    Pin : Name = Pin_SCL(0)
        Attributes:
            In Group/Port: True
            In Sync Option: SYNC
            Out Sync Option: NOSYNC
            Interrupt generated: False
            Interrupt mode: NONE
            Drive mode: OPEN_DRAIN_LO
            VTrip: CMOS
            Slew: FAST
            Input Sync needed: True
            Output Sync needed: False
            SC shield enabled: False
            POR State: ANY
            LCD Mode: COMMON
            Register Mode: RegComb
            CaSense Mode: NEITHER
            Treat as pin: True
            Is OE Registered: False
            Uses Analog: False
            Can contain Digital: True
            Is SIO: False
            SIO Output Buf: NONREGULATED
            SIO Input Buf: SINGLE_ENDED
            SIO HiFreq: LOW
            SIO Hyst: DISABLED
            SIO Vtrip: MULTIPLIER_0_5
            SIO Multiplier Index: 0
            SIO RefSel: VCC_IO
            Required Capabilities: DIGITAL, ROUTABLE
            Initial Value: 1
            IO Voltage: 0
        PORT MAP (
            pa_out => Pin_SCL(0)__PA ,
            fb => \I2C_GY87:Net_1109_0\ ,
            pin_input => \I2C_GY87:Net_643_0\ ,
            pad => Pin_SCL(0)_PAD );
        Properties:
        {
        }

    Pin : Name = Pin_Motor_EN_L(0)
        Attributes:
            In Group/Port: True
            In Sync Option: AUTO
            Out Sync Option: NOSYNC
            Interrupt generated: False
            Interrupt mode: NONE
            Drive mode: CMOS_OUT
            VTrip: EITHER
            Slew: FAST
            Input Sync needed: False
            Output Sync needed: False
            SC shield enabled: False
            POR State: ANY
            LCD Mode: COMMON
            Register Mode: RegComb
            CaSense Mode: NEITHER
            Treat as pin: True
            Is OE Registered: False
            Uses Analog: False
            Can contain Digital: True
            Is SIO: False
            SIO Output Buf: NONREGULATED
            SIO Input Buf: SINGLE_ENDED
            SIO HiFreq: LOW
            SIO Hyst: DISABLED
            SIO Vtrip: MULTIPLIER_0_5
            SIO Multiplier Index: 0
            SIO RefSel: VCC_IO
            Required Capabilities: DIGITAL, ROUTABLE
            Initial Value: 0
            IO Voltage: 0
        PORT MAP (
            pa_out => Pin_Motor_EN_L(0)__PA ,
            pin_input => Net_180 ,
            pad => Pin_Motor_EN_L(0)_PAD );
        Properties:
        {
        }

    Pin : Name = Pin_Motor_EN_R(0)
        Attributes:
            In Group/Port: True
            In Sync Option: AUTO
            Out Sync Option: NOSYNC
            Interrupt generated: False
            Interrupt mode: NONE
            Drive mode: CMOS_OUT
            VTrip: EITHER
            Slew: FAST
            Input Sync needed: False
            Output Sync needed: False
            SC shield enabled: False
            POR State: ANY
            LCD Mode: COMMON
            Register Mode: RegComb
            CaSense Mode: NEITHER
            Treat as pin: True
            Is OE Registered: False
            Uses Analog: False
            Can contain Digital: True
            Is SIO: False
            SIO Output Buf: NONREGULATED
            SIO Input Buf: SINGLE_ENDED
            SIO HiFreq: LOW
            SIO Hyst: DISABLED
            SIO Vtrip: MULTIPLIER_0_5
            SIO Multiplier Index: 0
            SIO RefSel: VCC_IO
            Required Capabilities: DIGITAL, ROUTABLE
            Initial Value: 0
            IO Voltage: 0
        PORT MAP (
            pa_out => Pin_Motor_EN_R(0)__PA ,
            pin_input => Net_194 ,
            pad => Pin_Motor_EN_R(0)_PAD );
        Properties:
        {
        }

    Pin : Name = Pin_INTA(0)
        Attributes:
            In Group/Port: True
            In Sync Option: NOSYNC
            Out Sync Option: AUTO
            Interrupt generated: False
            Interrupt mode: NONE
            Drive mode: HI_Z_DIGITAL
            VTrip: CMOS
            Slew: FAST
            Input Sync needed: False
            Output Sync needed: False
            SC shield enabled: False
            POR State: ANY
            LCD Mode: COMMON
            Register Mode: RegComb
            CaSense Mode: NEITHER
            Treat as pin: True
            Is OE Registered: False
            Uses Analog: False
            Can contain Digital: True
            Is SIO: False
            SIO Output Buf: NONREGULATED
            SIO Input Buf: SINGLE_ENDED
            SIO HiFreq: LOW
            SIO Hyst: DISABLED
            SIO Vtrip: MULTIPLIER_0_5
            SIO Multiplier Index: 0
            SIO RefSel: VCC_IO
            Required Capabilities: DIGITAL
            Initial Value: 0
            IO Voltage: 0
        PORT MAP (
            pa_out => Pin_INTA(0)__PA ,
            pad => Pin_INTA(0)_PAD );
        Properties:
        {
        }

    Pin : Name = Pin_DRDY(0)
        Attributes:
            In Group/Port: True
            In Sync Option: NOSYNC
            Out Sync Option: AUTO
            Interrupt generated: False
            Interrupt mode: NONE
            Drive mode: HI_Z_DIGITAL
            VTrip: CMOS
            Slew: FAST
            Input Sync needed: False
            Output Sync needed: False
            SC shield enabled: False
            POR State: ANY
            LCD Mode: COMMON
            Register Mode: RegComb
            CaSense Mode: NEITHER
            Treat as pin: True
            Is OE Registered: False
            Uses Analog: False
            Can contain Digital: True
            Is SIO: False
            SIO Output Buf: NONREGULATED
            SIO Input Buf: SINGLE_ENDED
            SIO HiFreq: LOW
            SIO Hyst: DISABLED
            SIO Vtrip: MULTIPLIER_0_5
            SIO Multiplier Index: 0
            SIO RefSel: VCC_IO
            Required Capabilities: DIGITAL
            Initial Value: 0
            IO Voltage: 0
        PORT MAP (
            pa_out => Pin_DRDY(0)__PA ,
            pad => Pin_DRDY(0)_PAD );
        Properties:
        {
        }

    Pin : Name = Pin_LED(0)
        Attributes:
            In Group/Port: True
            In Sync Option: AUTO
            Out Sync Option: NOSYNC
            Interrupt generated: False
            Interrupt mode: NONE
            Drive mode: CMOS_OUT
            VTrip: EITHER
            Slew: FAST
            Input Sync needed: False
            Output Sync needed: False
            SC shield enabled: False
            POR State: ANY
            LCD Mode: COMMON
            Register Mode: RegComb
            CaSense Mode: NEITHER
            Treat as pin: True
            Is OE Registered: False
            Uses Analog: False
            Can contain Digital: True
            Is SIO: False
            SIO Output Buf: NONREGULATED
            SIO Input Buf: SINGLE_ENDED
            SIO HiFreq: LOW
            SIO Hyst: DISABLED
            SIO Vtrip: MULTIPLIER_0_5
            SIO Multiplier Index: 0
            SIO RefSel: VCC_IO
            Required Capabilities: DIGITAL, ROUTABLE
            Initial Value: 0
            IO Voltage: 0
        PORT MAP (
            pa_out => Pin_LED(0)__PA ,
            pin_input => Net_537 ,
            pad => Pin_LED(0)_PAD );
        Properties:
        {
        }

    Pin : Name = Rx_USB(0)
        Attributes:
            In Group/Port: True
            In Sync Option: SYNC
            Out Sync Option: AUTO
            Interrupt generated: False
            Interrupt mode: NONE
            Drive mode: HI_Z_DIGITAL
            VTrip: CMOS
            Slew: FAST
            Input Sync needed: True
            Output Sync needed: False
            SC shield enabled: False
            POR State: ANY
            LCD Mode: COMMON
            Register Mode: RegComb
            CaSense Mode: NEITHER
            Treat as pin: True
            Is OE Registered: False
            Uses Analog: False
            Can contain Digital: True
            Is SIO: False
            SIO Output Buf: NONREGULATED
            SIO Input Buf: SINGLE_ENDED
            SIO HiFreq: LOW
            SIO Hyst: DISABLED
            SIO Vtrip: MULTIPLIER_0_5
            SIO Multiplier Index: 0
            SIO RefSel: VCC_IO
            Required Capabilities: DIGITAL, ROUTABLE
            Initial Value: 0
            IO Voltage: 0
        PORT MAP (
            pa_out => Rx_USB(0)__PA ,
            fb => Net_544 ,
            pad => Rx_USB(0)_PAD );
        Properties:
        {
        }

    Pin : Name = Tx_USB(0)
        Attributes:
            In Group/Port: True
            In Sync Option: AUTO
            Out Sync Option: NOSYNC
            Interrupt generated: False
            Interrupt mode: NONE
            Drive mode: CMOS_OUT
            VTrip: EITHER
            Slew: FAST
            Input Sync needed: False
            Output Sync needed: False
            SC shield enabled: False
            POR State: ANY
            LCD Mode: COMMON
            Register Mode: RegComb
            CaSense Mode: NEITHER
            Treat as pin: True
            Is OE Registered: False
            Uses Analog: False
            Can contain Digital: True
            Is SIO: False
            SIO Output Buf: NONREGULATED
            SIO Input Buf: SINGLE_ENDED
            SIO HiFreq: LOW
            SIO Hyst: DISABLED
            SIO Vtrip: MULTIPLIER_0_5
            SIO Multiplier Index: 0
            SIO RefSel: VCC_IO
            Required Capabilities: DIGITAL, ROUTABLE
            Initial Value: 1
            IO Voltage: 0
        PORT MAP (
            pa_out => Tx_USB(0)__PA ,
            pin_input => Net_548 ,
            pad => Tx_USB(0)_PAD );
        Properties:
        {
        }

    Pin : Name = Pin_Motor_In_1(0)
        Attributes:
            In Group/Port: True
            In Sync Option: AUTO
            Out Sync Option: NOSYNC
            Interrupt generated: False
            Interrupt mode: NONE
            Drive mode: CMOS_OUT
            VTrip: EITHER
            Slew: FAST
            Input Sync needed: False
            Output Sync needed: False
            SC shield enabled: False
            POR State: ANY
            LCD Mode: COMMON
            Register Mode: RegComb
            CaSense Mode: NEITHER
            Treat as pin: True
            Is OE Registered: False
            Uses Analog: False
            Can contain Digital: True
            Is SIO: False
            SIO Output Buf: NONREGULATED
            SIO Input Buf: SINGLE_ENDED
            SIO HiFreq: LOW
            SIO Hyst: DISABLED
            SIO Vtrip: MULTIPLIER_0_5
            SIO Multiplier Index: 0
            SIO RefSel: VCC_IO
            Required Capabilities: DIGITAL
            Initial Value: 0
            IO Voltage: 0
        PORT MAP (
            pa_out => Pin_Motor_In_1(0)__PA ,
            pad => Pin_Motor_In_1(0)_PAD );
        Properties:
        {
        }

    Pin : Name = Pin_Motor_In_2(0)
        Attributes:
            In Group/Port: True
            In Sync Option: AUTO
            Out Sync Option: NOSYNC
            Interrupt generated: False
            Interrupt mode: NONE
            Drive mode: CMOS_OUT
            VTrip: EITHER
            Slew: FAST
            Input Sync needed: False
            Output Sync needed: False
            SC shield enabled: False
            POR State: ANY
            LCD Mode: COMMON
            Register Mode: RegComb
            CaSense Mode: NEITHER
            Treat as pin: True
            Is OE Registered: False
            Uses Analog: False
            Can contain Digital: True
            Is SIO: False
            SIO Output Buf: NONREGULATED
            SIO Input Buf: SINGLE_ENDED
            SIO HiFreq: LOW
            SIO Hyst: DISABLED
            SIO Vtrip: MULTIPLIER_0_5
            SIO Multiplier Index: 0
            SIO RefSel: VCC_IO
            Required Capabilities: DIGITAL
            Initial Value: 0
            IO Voltage: 0
        PORT MAP (
            pa_out => Pin_Motor_In_2(0)__PA ,
            pad => Pin_Motor_In_2(0)_PAD );
        Properties:
        {
        }

    Pin : Name = Pin_Motor_In_3(0)
        Attributes:
            In Group/Port: True
            In Sync Option: AUTO
            Out Sync Option: NOSYNC
            Interrupt generated: False
            Interrupt mode: NONE
            Drive mode: CMOS_OUT
            VTrip: EITHER
            Slew: FAST
            Input Sync needed: False
            Output Sync needed: False
            SC shield enabled: False
            POR State: ANY
            LCD Mode: COMMON
            Register Mode: RegComb
            CaSense Mode: NEITHER
            Treat as pin: True
            Is OE Registered: False
            Uses Analog: False
            Can contain Digital: True
            Is SIO: False
            SIO Output Buf: NONREGULATED
            SIO Input Buf: SINGLE_ENDED
            SIO HiFreq: LOW
            SIO Hyst: DISABLED
            SIO Vtrip: MULTIPLIER_0_5
            SIO Multiplier Index: 0
            SIO RefSel: VCC_IO
            Required Capabilities: DIGITAL
            Initial Value: 0
            IO Voltage: 0
        PORT MAP (
            pa_out => Pin_Motor_In_3(0)__PA ,
            pad => Pin_Motor_In_3(0)_PAD );
        Properties:
        {
        }

    Pin : Name = Pin_Motor_In_4(0)
        Attributes:
            In Group/Port: True
            In Sync Option: AUTO
            Out Sync Option: NOSYNC
            Interrupt generated: False
            Interrupt mode: NONE
            Drive mode: CMOS_OUT
            VTrip: EITHER
            Slew: FAST
            Input Sync needed: False
            Output Sync needed: False
            SC shield enabled: False
            POR State: ANY
            LCD Mode: COMMON
            Register Mode: RegComb
            CaSense Mode: NEITHER
            Treat as pin: True
            Is OE Registered: False
            Uses Analog: False
            Can contain Digital: True
            Is SIO: False
            SIO Output Buf: NONREGULATED
            SIO Input Buf: SINGLE_ENDED
            SIO HiFreq: LOW
            SIO Hyst: DISABLED
            SIO Vtrip: MULTIPLIER_0_5
            SIO Multiplier Index: 0
            SIO RefSel: VCC_IO
            Required Capabilities: DIGITAL
            Initial Value: 0
            IO Voltage: 0
        PORT MAP (
            pa_out => Pin_Motor_In_4(0)__PA ,
            pad => Pin_Motor_In_4(0)_PAD );
        Properties:
        {
        }

    Pin : Name = Pin_Motor_Encoder_L(0)
        Attributes:
            In Group/Port: True
            In Sync Option: NOSYNC
            Out Sync Option: AUTO
            Interrupt generated: False
            Interrupt mode: NONE
            Drive mode: RES_PULL_UP_DOWN
            VTrip: CMOS
            Slew: FAST
            Input Sync needed: False
            Output Sync needed: False
            SC shield enabled: False
            POR State: ANY
            LCD Mode: COMMON
            Register Mode: RegComb
            CaSense Mode: NEITHER
            Treat as pin: True
            Is OE Registered: False
            Uses Analog: False
            Can contain Digital: True
            Is SIO: True
            SIO Output Buf: NONREGULATED
            SIO Input Buf: DIFFERENTIAL
            SIO HiFreq: HIGH
            SIO Hyst: ENABLED
            SIO Vtrip: MULTIPLIER_0_4_OR_1
            SIO Multiplier Index: 0
            SIO RefSel: VCC_IO
            Required Capabilities: DIGITAL, ROUTABLE, SIO
            Initial Value: 1
            IO Voltage: 0
        PORT MAP (
            pa_out => Pin_Motor_Encoder_L(0)__PA ,
            fb => Net_787 ,
            pad => Pin_Motor_Encoder_L(0)_PAD );
        Properties:
        {
        }

    Pin : Name = Pin_Motor_Encoder_R(0)
        Attributes:
            In Group/Port: True
            In Sync Option: NOSYNC
            Out Sync Option: AUTO
            Interrupt generated: False
            Interrupt mode: NONE
            Drive mode: RES_PULL_UP_DOWN
            VTrip: CMOS
            Slew: FAST
            Input Sync needed: False
            Output Sync needed: False
            SC shield enabled: False
            POR State: ANY
            LCD Mode: COMMON
            Register Mode: RegComb
            CaSense Mode: NEITHER
            Treat as pin: True
            Is OE Registered: False
            Uses Analog: False
            Can contain Digital: True
            Is SIO: True
            SIO Output Buf: NONREGULATED
            SIO Input Buf: DIFFERENTIAL
            SIO HiFreq: HIGH
            SIO Hyst: ENABLED
            SIO Vtrip: MULTIPLIER_0_4_OR_1
            SIO Multiplier Index: 0
            SIO RefSel: VCC_IO
            Required Capabilities: DIGITAL, ROUTABLE, SIO
            Initial Value: 1
            IO Voltage: 0
        PORT MAP (
            pa_out => Pin_Motor_Encoder_R(0)__PA ,
            fb => Net_793 ,
            pad => Pin_Motor_Encoder_R(0)_PAD );
        Properties:
        {
        }

    Pin : Name = Rx_Blu(0)
        Attributes:
            In Group/Port: True
            In Sync Option: SYNC
            Out Sync Option: AUTO
            Interrupt generated: False
            Interrupt mode: NONE
            Drive mode: HI_Z_DIGITAL
            VTrip: CMOS
            Slew: FAST
            Input Sync needed: True
            Output Sync needed: False
            SC shield enabled: False
            POR State: ANY
            LCD Mode: COMMON
            Register Mode: RegComb
            CaSense Mode: NEITHER
            Treat as pin: True
            Is OE Registered: False
            Uses Analog: False
            Can contain Digital: True
            Is SIO: False
            SIO Output Buf: NONREGULATED
            SIO Input Buf: SINGLE_ENDED
            SIO HiFreq: LOW
            SIO Hyst: DISABLED
            SIO Vtrip: MULTIPLIER_0_5
            SIO Multiplier Index: 0
            SIO RefSel: VCC_IO
            Required Capabilities: DIGITAL, ROUTABLE
            Initial Value: 0
            IO Voltage: 0
        PORT MAP (
            pa_out => Rx_Blu(0)__PA ,
            fb => Net_809 ,
            pad => Rx_Blu(0)_PAD );
        Properties:
        {
        }

    Pin : Name = Tx_Blu(0)
        Attributes:
            In Group/Port: True
            In Sync Option: AUTO
            Out Sync Option: NOSYNC
            Interrupt generated: False
            Interrupt mode: NONE
            Drive mode: CMOS_OUT
            VTrip: EITHER
            Slew: FAST
            Input Sync needed: False
            Output Sync needed: False
            SC shield enabled: False
            POR State: ANY
            LCD Mode: COMMON
            Register Mode: RegComb
            CaSense Mode: NEITHER
            Treat as pin: True
            Is OE Registered: False
            Uses Analog: False
            Can contain Digital: True
            Is SIO: False
            SIO Output Buf: NONREGULATED
            SIO Input Buf: SINGLE_ENDED
            SIO HiFreq: LOW
            SIO Hyst: DISABLED
            SIO Vtrip: MULTIPLIER_0_5
            SIO Multiplier Index: 0
            SIO RefSel: VCC_IO
            Required Capabilities: DIGITAL, ROUTABLE
            Initial Value: 1
            IO Voltage: 0
        PORT MAP (
            pa_out => Tx_Blu(0)__PA ,
            pin_input => Net_813 ,
            pad => Tx_Blu(0)_PAD );
        Properties:
        {
        }
    </CYPRESSTAG>
    <CYPRESSTAG name="Macrocell listing" icon="FILE_RPT_EQUATION">

    ------------------------------------------------------------
    Macrocell listing
    ------------------------------------------------------------

    MacroCell: Name=Net_133, Mode=(Combinatorial)
        Total # of inputs        : 1
        Total # of product terms : 1
            Clock Enable: True
        Main Equation            : 1 pterm
        (
              !Net_131
        );
        Output = Net_133 (fanout=1)

    MacroCell: Name=Net_548, Mode=(Combinatorial)
        Total # of inputs        : 1
        Total # of product terms : 1
            Clock Enable: True
        Main Equation            : 1 pterm
        (
              !\UART_USB:BUART:txn\
        );
        Output = Net_548 (fanout=1)

    MacroCell: Name=\UART_USB:BUART:counter_load_not\, Mode=(Combinatorial)
        Total # of inputs        : 4
        Total # of product terms : 2
            Clock Enable: True
        Main Equation            : 2 pterms
        !(
              !\UART_USB:BUART:tx_state_1\ * !\UART_USB:BUART:tx_state_0\ * 
              \UART_USB:BUART:tx_bitclk_enable_pre\
            + !\UART_USB:BUART:tx_state_1\ * !\UART_USB:BUART:tx_state_0\ * 
              !\UART_USB:BUART:tx_state_2\
        );
        Output = \UART_USB:BUART:counter_load_not\ (fanout=1)

    MacroCell: Name=\UART_USB:BUART:tx_status_0\, Mode=(Combinatorial)
        Total # of inputs        : 5
        Total # of product terms : 1
            Clock Enable: True
        Main Equation            : 1 pterm
        (
              !\UART_USB:BUART:tx_state_1\ * !\UART_USB:BUART:tx_state_0\ * 
              \UART_USB:BUART:tx_bitclk_enable_pre\ * 
              \UART_USB:BUART:tx_fifo_empty\ * \UART_USB:BUART:tx_state_2\
        );
        Output = \UART_USB:BUART:tx_status_0\ (fanout=1)

    MacroCell: Name=\UART_USB:BUART:tx_status_2\, Mode=(Combinatorial)
        Total # of inputs        : 1
        Total # of product terms : 1
            Clock Enable: True
        Main Equation            : 1 pterm
        (
              !\UART_USB:BUART:tx_fifo_notfull\
        );
        Output = \UART_USB:BUART:tx_status_2\ (fanout=1)

    MacroCell: Name=\UART_USB:BUART:rx_counter_load\, Mode=(Combinatorial)
        Total # of inputs        : 4
        Total # of product terms : 1
            Clock Enable: True
        Main Equation            : 1 pterm
        (
              !\UART_USB:BUART:tx_ctrl_mark_last\ * 
              !\UART_USB:BUART:rx_state_0\ * !\UART_USB:BUART:rx_state_3\ * 
              !\UART_USB:BUART:rx_state_2\
        );
        Output = \UART_USB:BUART:rx_counter_load\ (fanout=1)

    MacroCell: Name=\UART_USB:BUART:rx_postpoll\, Mode=(Combinatorial)
        Total # of inputs        : 3
        Total # of product terms : 2
            Clock Enable: True
        Main Equation            : 2 pterms
        (
              Net_544 * MODIN2_0
            + MODIN2_1
        );
        Output = \UART_USB:BUART:rx_postpoll\ (fanout=1)

    MacroCell: Name=\UART_USB:BUART:rx_status_4\, Mode=(Combinatorial)
        Total # of inputs        : 2
        Total # of product terms : 1
            Clock Enable: True
        Main Equation            : 1 pterm
        (
              \UART_USB:BUART:rx_load_fifo\ * \UART_USB:BUART:rx_fifofull\
        );
        Output = \UART_USB:BUART:rx_status_4\ (fanout=1)

    MacroCell: Name=\UART_USB:BUART:rx_status_5\, Mode=(Combinatorial)
        Total # of inputs        : 2
        Total # of product terms : 1
            Clock Enable: True
        Main Equation            : 1 pterm
        (
              \UART_USB:BUART:rx_fifonotempty\ * 
              \UART_USB:BUART:rx_state_stop1_reg\
        );
        Output = \UART_USB:BUART:rx_status_5\ (fanout=1)

    MacroCell: Name=Net_802, Mode=(Combinatorial)
        Total # of inputs        : 1
        Total # of product terms : 1
            Clock Enable: True
        Main Equation            : 1 pterm
        (
              !Net_787
        );
        Output = Net_802 (fanout=1)

    MacroCell: Name=Net_791, Mode=(Combinatorial)
        Total # of inputs        : 1
        Total # of product terms : 1
            Clock Enable: True
        Main Equation            : 1 pterm
        (
              !Net_793
        );
        Output = Net_791 (fanout=1)

    MacroCell: Name=Net_813, Mode=(Combinatorial)
        Total # of inputs        : 1
        Total # of product terms : 1
            Clock Enable: True
        Main Equation            : 1 pterm
        (
              !\UART_Bluetooth:BUART:txn\
        );
        Output = Net_813 (fanout=1)

    MacroCell: Name=\UART_Bluetooth:BUART:counter_load_not\, Mode=(Combinatorial)
        Total # of inputs        : 4
        Total # of product terms : 2
            Clock Enable: True
        Main Equation            : 2 pterms
        !(
              !\UART_Bluetooth:BUART:tx_state_1\ * 
              !\UART_Bluetooth:BUART:tx_state_0\ * 
              \UART_Bluetooth:BUART:tx_bitclk_enable_pre\
            + !\UART_Bluetooth:BUART:tx_state_1\ * 
              !\UART_Bluetooth:BUART:tx_state_0\ * 
              !\UART_Bluetooth:BUART:tx_state_2\
        );
        Output = \UART_Bluetooth:BUART:counter_load_not\ (fanout=1)

    MacroCell: Name=\UART_Bluetooth:BUART:tx_status_0\, Mode=(Combinatorial)
        Total # of inputs        : 5
        Total # of product terms : 1
            Clock Enable: True
        Main Equation            : 1 pterm
        (
              !\UART_Bluetooth:BUART:tx_state_1\ * 
              !\UART_Bluetooth:BUART:tx_state_0\ * 
              \UART_Bluetooth:BUART:tx_bitclk_enable_pre\ * 
              \UART_Bluetooth:BUART:tx_fifo_empty\ * 
              \UART_Bluetooth:BUART:tx_state_2\
        );
        Output = \UART_Bluetooth:BUART:tx_status_0\ (fanout=1)

    MacroCell: Name=\UART_Bluetooth:BUART:tx_status_2\, Mode=(Combinatorial)
        Total # of inputs        : 1
        Total # of product terms : 1
            Clock Enable: True
        Main Equation            : 1 pterm
        (
              !\UART_Bluetooth:BUART:tx_fifo_notfull\
        );
        Output = \UART_Bluetooth:BUART:tx_status_2\ (fanout=1)

    MacroCell: Name=\UART_Bluetooth:BUART:rx_counter_load\, Mode=(Combinatorial)
        Total # of inputs        : 4
        Total # of product terms : 1
            Clock Enable: True
        Main Equation            : 1 pterm
        (
              !\UART_Bluetooth:BUART:tx_ctrl_mark_last\ * 
              !\UART_Bluetooth:BUART:rx_state_0\ * 
              !\UART_Bluetooth:BUART:rx_state_3\ * 
              !\UART_Bluetooth:BUART:rx_state_2\
        );
        Output = \UART_Bluetooth:BUART:rx_counter_load\ (fanout=1)

    MacroCell: Name=\UART_Bluetooth:BUART:rx_postpoll\, Mode=(Combinatorial)
        Total # of inputs        : 3
        Total # of product terms : 2
            Clock Enable: True
        Main Equation            : 2 pterms
        (
              \UART_Bluetooth:BUART:pollcount_1\
            + Net_809 * \UART_Bluetooth:BUART:pollcount_0\
        );
        Output = \UART_Bluetooth:BUART:rx_postpoll\ (fanout=1)

    MacroCell: Name=\UART_Bluetooth:BUART:rx_status_4\, Mode=(Combinatorial)
        Total # of inputs        : 2
        Total # of product terms : 1
            Clock Enable: True
        Main Equation            : 1 pterm
        (
              \UART_Bluetooth:BUART:rx_load_fifo\ * 
              \UART_Bluetooth:BUART:rx_fifofull\
        );
        Output = \UART_Bluetooth:BUART:rx_status_4\ (fanout=1)

    MacroCell: Name=\UART_Bluetooth:BUART:rx_status_5\, Mode=(Combinatorial)
        Total # of inputs        : 2
        Total # of product terms : 1
            Clock Enable: True
        Main Equation            : 1 pterm
        (
              \UART_Bluetooth:BUART:rx_fifonotempty\ * 
              \UART_Bluetooth:BUART:rx_state_stop1_reg\
        );
        Output = \UART_Bluetooth:BUART:rx_status_5\ (fanout=1)

    MacroCell: Name=__ONE__, Mode=(Combinatorial)
        Total # of inputs        : 0
        Total # of product terms : 0
            Clock Enable: True
        Main Equation            : 0 pterms
        !(
            0
        );
        Output = __ONE__ (fanout=4)

    MacroCell: Name=\PWM_Motor:PWMUDB:runmode_enable\, Mode=(D-Register)
        Total # of inputs        : 1
        Total # of product terms : 1
        List of special equations: 
            Clock  = (Net_163) => Global
            Clock Enable: True
        Main Equation            : 1 pterm
        (
              \PWM_Motor:PWMUDB:control_7\
        );
        Output = \PWM_Motor:PWMUDB:runmode_enable\ (fanout=4)

    MacroCell: Name=Net_180, Mode=(D-Register)
        Total # of inputs        : 2
        Total # of product terms : 1
        List of special equations: 
            Clock  = (Net_163) => Global
            Clock Enable: True
        Main Equation            : 1 pterm
        (
              \PWM_Motor:PWMUDB:runmode_enable\ * 
              \PWM_Motor:PWMUDB:cmp1_less\
        );
        Output = Net_180 (fanout=1)

    MacroCell: Name=Net_194, Mode=(D-Register)
        Total # of inputs        : 2
        Total # of product terms : 1
        List of special equations: 
            Clock  = (Net_163) => Global
            Clock Enable: True
        Main Equation            : 1 pterm
        (
              \PWM_Motor:PWMUDB:runmode_enable\ * 
              \PWM_Motor:PWMUDB:cmp2_less\
        );
        Output = Net_194 (fanout=1)

    MacroCell: Name=\UART_USB:BUART:txn\, Mode=(D-Register)
        Total # of inputs        : 7
        Total # of product terms : 5
        List of special equations: 
            Clock  = (\UART_USB:Net_9\) => Global
            Clock Enable: True
        Main Equation            : 5 pterms
        (
              \UART_USB:BUART:txn\ * \UART_USB:BUART:tx_state_1\ * 
              !\UART_USB:BUART:tx_bitclk\
            + \UART_USB:BUART:txn\ * \UART_USB:BUART:tx_state_2\
            + !\UART_USB:BUART:tx_state_1\ * \UART_USB:BUART:tx_state_0\ * 
              !\UART_USB:BUART:tx_shift_out\ * !\UART_USB:BUART:tx_state_2\
            + !\UART_USB:BUART:tx_state_1\ * \UART_USB:BUART:tx_state_0\ * 
              !\UART_USB:BUART:tx_state_2\ * !\UART_USB:BUART:tx_bitclk\
            + \UART_USB:BUART:tx_state_1\ * !\UART_USB:BUART:tx_state_0\ * 
              !\UART_USB:BUART:tx_shift_out\ * !\UART_USB:BUART:tx_state_2\ * 
              !\UART_USB:BUART:tx_counter_dp\ * \UART_USB:BUART:tx_bitclk\
        );
        Output = \UART_USB:BUART:txn\ (fanout=2)

    MacroCell: Name=\UART_USB:BUART:tx_state_1\, Mode=(T-Register)
        Total # of inputs        : 6
        Total # of product terms : 3
        List of special equations: 
            Clock  = (\UART_USB:Net_9\) => Global
            Clock Enable: True
        Main Equation            : 3 pterms
        (
              \UART_USB:BUART:tx_state_1\ * \UART_USB:BUART:tx_state_0\ * 
              \UART_USB:BUART:tx_bitclk_enable_pre\ * 
              \UART_USB:BUART:tx_state_2\
            + \UART_USB:BUART:tx_state_1\ * !\UART_USB:BUART:tx_state_2\ * 
              \UART_USB:BUART:tx_counter_dp\ * \UART_USB:BUART:tx_bitclk\
            + \UART_USB:BUART:tx_state_0\ * !\UART_USB:BUART:tx_state_2\ * 
              \UART_USB:BUART:tx_bitclk\
        );
        Output = \UART_USB:BUART:tx_state_1\ (fanout=8)

    MacroCell: Name=\UART_USB:BUART:tx_state_0\, Mode=(T-Register)
        Total # of inputs        : 6
        Total # of product terms : 4
        List of special equations: 
            Clock  = (\UART_USB:Net_9\) => Global
            Clock Enable: True
        Main Equation            : 4 pterms
        (
              !\UART_USB:BUART:tx_state_1\ * !\UART_USB:BUART:tx_state_0\ * 
              \UART_USB:BUART:tx_bitclk_enable_pre\ * 
              !\UART_USB:BUART:tx_fifo_empty\
            + !\UART_USB:BUART:tx_state_1\ * !\UART_USB:BUART:tx_state_0\ * 
              !\UART_USB:BUART:tx_fifo_empty\ * !\UART_USB:BUART:tx_state_2\
            + \UART_USB:BUART:tx_state_1\ * \UART_USB:BUART:tx_state_0\ * 
              \UART_USB:BUART:tx_bitclk_enable_pre\ * 
              \UART_USB:BUART:tx_fifo_empty\ * \UART_USB:BUART:tx_state_2\
            + \UART_USB:BUART:tx_state_0\ * !\UART_USB:BUART:tx_state_2\ * 
              \UART_USB:BUART:tx_bitclk\
        );
        Output = \UART_USB:BUART:tx_state_0\ (fanout=8)

    MacroCell: Name=\UART_USB:BUART:tx_state_2\, Mode=(T-Register)
        Total # of inputs        : 6
        Total # of product terms : 4
        List of special equations: 
            Clock  = (\UART_USB:Net_9\) => Global
            Clock Enable: True
        Main Equation            : 4 pterms
        (
              !\UART_USB:BUART:tx_state_1\ * !\UART_USB:BUART:tx_state_0\ * 
              \UART_USB:BUART:tx_bitclk_enable_pre\ * 
              \UART_USB:BUART:tx_state_2\
            + \UART_USB:BUART:tx_state_1\ * \UART_USB:BUART:tx_state_0\ * 
              \UART_USB:BUART:tx_bitclk_enable_pre\ * 
              \UART_USB:BUART:tx_state_2\
            + \UART_USB:BUART:tx_state_1\ * \UART_USB:BUART:tx_state_0\ * 
              !\UART_USB:BUART:tx_state_2\ * \UART_USB:BUART:tx_bitclk\
            + \UART_USB:BUART:tx_state_1\ * !\UART_USB:BUART:tx_state_2\ * 
              \UART_USB:BUART:tx_counter_dp\ * \UART_USB:BUART:tx_bitclk\
        );
        Output = \UART_USB:BUART:tx_state_2\ (fanout=7)

    MacroCell: Name=\UART_USB:BUART:tx_bitclk\, Mode=(D-Register)
        Total # of inputs        : 4
        Total # of product terms : 2
        List of special equations: 
            Clock  = (\UART_USB:Net_9\) => Global
            Clock Enable: True
        Main Equation            : 2 pterms
        !(
              !\UART_USB:BUART:tx_state_1\ * !\UART_USB:BUART:tx_state_0\ * 
              \UART_USB:BUART:tx_state_2\
            + !\UART_USB:BUART:tx_bitclk_enable_pre\
        );
        Output = \UART_USB:BUART:tx_bitclk\ (fanout=4)

    MacroCell: Name=\UART_USB:BUART:tx_ctrl_mark_last\, Mode=(T-Register)
        Total # of inputs        : 0
        Total # of product terms : 0
        List of special equations: 
            Clock  = (\UART_USB:Net_9\) => Global
            Clock Enable: True
        Main Equation            : 0 pterms
        (
            0
        );
        Output = \UART_USB:BUART:tx_ctrl_mark_last\ (fanout=8)

    MacroCell: Name=\UART_USB:BUART:rx_state_0\, Mode=(T-Register)
        Total # of inputs        : 11
        Total # of product terms : 4
        List of special equations: 
            Clock  = (\UART_USB:Net_9\) => Global
            Clock Enable: True
        Main Equation            : 4 pterms
        (
              !\UART_USB:BUART:tx_ctrl_mark_last\ * 
              !\UART_USB:BUART:rx_state_0\ * 
              \UART_USB:BUART:rx_bitclk_enable\ * 
              !\UART_USB:BUART:rx_state_3\ * \UART_USB:BUART:rx_state_2\ * 
              !Net_544 * !MODIN2_1
            + !\UART_USB:BUART:tx_ctrl_mark_last\ * 
              !\UART_USB:BUART:rx_state_0\ * 
              \UART_USB:BUART:rx_bitclk_enable\ * 
              !\UART_USB:BUART:rx_state_3\ * \UART_USB:BUART:rx_state_2\ * 
              !MODIN2_1 * !MODIN2_0
            + !\UART_USB:BUART:tx_ctrl_mark_last\ * 
              \UART_USB:BUART:rx_state_0\ * !\UART_USB:BUART:rx_state_3\ * 
              !\UART_USB:BUART:rx_state_2\ * !MODIN5_6 * !MODIN5_5
            + !\UART_USB:BUART:tx_ctrl_mark_last\ * 
              \UART_USB:BUART:rx_state_0\ * !\UART_USB:BUART:rx_state_3\ * 
              !\UART_USB:BUART:rx_state_2\ * !MODIN5_6 * !MODIN5_4
        );
        Output = \UART_USB:BUART:rx_state_0\ (fanout=8)

    MacroCell: Name=\UART_USB:BUART:rx_load_fifo\, Mode=(D-Register)
        Total # of inputs        : 8
        Total # of product terms : 3
        List of special equations: 
            Clock  = (\UART_USB:Net_9\) => Global
            Clock Enable: True
        Main Equation            : 3 pterms
        (
              !\UART_USB:BUART:tx_ctrl_mark_last\ * 
              !\UART_USB:BUART:rx_state_0\ * 
              \UART_USB:BUART:rx_bitclk_enable\ * \UART_USB:BUART:rx_state_3\ * 
              !\UART_USB:BUART:rx_state_2\
            + !\UART_USB:BUART:tx_ctrl_mark_last\ * 
              \UART_USB:BUART:rx_state_0\ * !\UART_USB:BUART:rx_state_3\ * 
              !\UART_USB:BUART:rx_state_2\ * !MODIN5_6 * !MODIN5_5
            + !\UART_USB:BUART:tx_ctrl_mark_last\ * 
              \UART_USB:BUART:rx_state_0\ * !\UART_USB:BUART:rx_state_3\ * 
              !\UART_USB:BUART:rx_state_2\ * !MODIN5_6 * !MODIN5_4
        );
        Output = \UART_USB:BUART:rx_load_fifo\ (fanout=2)

    MacroCell: Name=\UART_USB:BUART:rx_state_3\, Mode=(T-Register)
        Total # of inputs        : 8
        Total # of product terms : 3
        List of special equations: 
            Clock  = (\UART_USB:Net_9\) => Global
            Clock Enable: True
        Main Equation            : 3 pterms
        (
              !\UART_USB:BUART:tx_ctrl_mark_last\ * 
              !\UART_USB:BUART:rx_state_0\ * 
              \UART_USB:BUART:rx_bitclk_enable\ * \UART_USB:BUART:rx_state_3\ * 
              \UART_USB:BUART:rx_state_2\
            + !\UART_USB:BUART:tx_ctrl_mark_last\ * 
              \UART_USB:BUART:rx_state_0\ * !\UART_USB:BUART:rx_state_3\ * 
              !\UART_USB:BUART:rx_state_2\ * !MODIN5_6 * !MODIN5_5
            + !\UART_USB:BUART:tx_ctrl_mark_last\ * 
              \UART_USB:BUART:rx_state_0\ * !\UART_USB:BUART:rx_state_3\ * 
              !\UART_USB:BUART:rx_state_2\ * !MODIN5_6 * !MODIN5_4
        );
        Output = \UART_USB:BUART:rx_state_3\ (fanout=7)

    MacroCell: Name=\UART_USB:BUART:rx_state_2\, Mode=(T-Register)
        Total # of inputs        : 10
        Total # of product terms : 5
        List of special equations: 
            Clock  = (\UART_USB:Net_9\) => Global
            Clock Enable: True
        Main Equation            : 5 pterms
        (
              !\UART_USB:BUART:tx_ctrl_mark_last\ * 
              !\UART_USB:BUART:rx_state_0\ * 
              \UART_USB:BUART:rx_bitclk_enable\ * \UART_USB:BUART:rx_state_3\
            + !\UART_USB:BUART:tx_ctrl_mark_last\ * 
              !\UART_USB:BUART:rx_state_0\ * 
              \UART_USB:BUART:rx_bitclk_enable\ * \UART_USB:BUART:rx_state_2\
            + !\UART_USB:BUART:tx_ctrl_mark_last\ * 
              !\UART_USB:BUART:rx_state_0\ * !\UART_USB:BUART:rx_state_3\ * 
              !\UART_USB:BUART:rx_state_2\ * !Net_544 * 
              \UART_USB:BUART:rx_last\
            + !\UART_USB:BUART:tx_ctrl_mark_last\ * 
              \UART_USB:BUART:rx_state_0\ * !\UART_USB:BUART:rx_state_3\ * 
              !\UART_USB:BUART:rx_state_2\ * !MODIN5_6 * !MODIN5_5
            + !\UART_USB:BUART:tx_ctrl_mark_last\ * 
              \UART_USB:BUART:rx_state_0\ * !\UART_USB:BUART:rx_state_3\ * 
              !\UART_USB:BUART:rx_state_2\ * !MODIN5_6 * !MODIN5_4
        );
        Output = \UART_USB:BUART:rx_state_2\ (fanout=7)

    MacroCell: Name=\UART_USB:BUART:rx_bitclk_enable\, Mode=(D-Register)
        Total # of inputs        : 3
        Total # of product terms : 1
        List of special equations: 
            Clock  = (\UART_USB:Net_9\) => Global
            Clock Enable: True
        Main Equation            : 1 pterm
        (
              !\UART_USB:BUART:rx_count_2\ * !\UART_USB:BUART:rx_count_1\ * 
              !\UART_USB:BUART:rx_count_0\
        );
        Output = \UART_USB:BUART:rx_bitclk_enable\ (fanout=6)

    MacroCell: Name=\UART_USB:BUART:rx_state_stop1_reg\, Mode=(D-Register)
        Total # of inputs        : 4
        Total # of product terms : 1
        List of special equations: 
            Clock  = (\UART_USB:Net_9\) => Global
            Clock Enable: True
        Main Equation            : 1 pterm
        !(
              !\UART_USB:BUART:tx_ctrl_mark_last\ * 
              !\UART_USB:BUART:rx_state_0\ * \UART_USB:BUART:rx_state_3\ * 
              \UART_USB:BUART:rx_state_2\
        );
        Output = \UART_USB:BUART:rx_state_stop1_reg\ (fanout=1)

    MacroCell: Name=MODIN2_1, Mode=(D-Register)
        Total # of inputs        : 5
        Total # of product terms : 3
        List of special equations: 
            Clock  = (\UART_USB:Net_9\) => Global
            Clock Enable: True
        Main Equation            : 3 pterms
        (
              !\UART_USB:BUART:rx_count_2\ * !\UART_USB:BUART:rx_count_1\ * 
              !Net_544 * MODIN2_1
            + !\UART_USB:BUART:rx_count_2\ * !\UART_USB:BUART:rx_count_1\ * 
              Net_544 * !MODIN2_1 * MODIN2_0
            + !\UART_USB:BUART:rx_count_2\ * !\UART_USB:BUART:rx_count_1\ * 
              MODIN2_1 * !MODIN2_0
        );
        Output = MODIN2_1 (fanout=4)

    MacroCell: Name=MODIN2_0, Mode=(D-Register)
        Total # of inputs        : 4
        Total # of product terms : 2
        List of special equations: 
            Clock  = (\UART_USB:Net_9\) => Global
            Clock Enable: True
        Main Equation            : 2 pterms
        (
              !\UART_USB:BUART:rx_count_2\ * !\UART_USB:BUART:rx_count_1\ * 
              !Net_544 * MODIN2_0
            + !\UART_USB:BUART:rx_count_2\ * !\UART_USB:BUART:rx_count_1\ * 
              Net_544 * !MODIN2_0
        );
        Output = MODIN2_0 (fanout=5)

    MacroCell: Name=\UART_USB:BUART:rx_status_3\, Mode=(D-Register)
        Total # of inputs        : 8
        Total # of product terms : 2
        List of special equations: 
            Clock  = (\UART_USB:Net_9\) => Global
            Clock Enable: True
        Main Equation            : 2 pterms
        (
              !\UART_USB:BUART:tx_ctrl_mark_last\ * 
              !\UART_USB:BUART:rx_state_0\ * 
              \UART_USB:BUART:rx_bitclk_enable\ * \UART_USB:BUART:rx_state_3\ * 
              \UART_USB:BUART:rx_state_2\ * !Net_544 * !MODIN2_1
            + !\UART_USB:BUART:tx_ctrl_mark_last\ * 
              !\UART_USB:BUART:rx_state_0\ * 
              \UART_USB:BUART:rx_bitclk_enable\ * \UART_USB:BUART:rx_state_3\ * 
              \UART_USB:BUART:rx_state_2\ * !MODIN2_1 * !MODIN2_0
        );
        Output = \UART_USB:BUART:rx_status_3\ (fanout=1)

    MacroCell: Name=\UART_USB:BUART:rx_last\, Mode=(D-Register)
        Total # of inputs        : 1
        Total # of product terms : 1
        List of special equations: 
            Clock  = (\UART_USB:Net_9\) => Global
            Clock Enable: True
        Main Equation            : 1 pterm
        (
              Net_544
        );
        Output = \UART_USB:BUART:rx_last\ (fanout=1)

    MacroCell: Name=\PWM_LED:PWMUDB:runmode_enable\, Mode=(D-Register)
        Total # of inputs        : 1
        Total # of product terms : 1
        List of special equations: 
            Clock  = (Net_310) => Global
            Clock Enable: True
        Main Equation            : 1 pterm
        (
              \PWM_LED:PWMUDB:control_7\
        );
        Output = \PWM_LED:PWMUDB:runmode_enable\ (fanout=3)

    MacroCell: Name=Net_538, Mode=(D-Register)
        Total # of inputs        : 2
        Total # of product terms : 1
        List of special equations: 
            Clock  = (Net_310) => Global
            Clock Enable: True
        Main Equation            : 1 pterm
        (
              \PWM_LED:PWMUDB:runmode_enable\ * \PWM_LED:PWMUDB:cmp1_less\
        );
        Output = Net_538 (fanout=1)

    MacroCell: Name=\PWM_LED_BRIGHTNESS:PWMUDB:runmode_enable\, Mode=(D-Register)
        Total # of inputs        : 2
        Total # of product terms : 1
        List of special equations: 
            Clock  = (Net_310) => Global
            Clock Enable: True
        Main Equation            : 1 pterm
        (
              Net_538 * \PWM_LED_BRIGHTNESS:PWMUDB:control_7\
        );
        Output = \PWM_LED_BRIGHTNESS:PWMUDB:runmode_enable\ (fanout=2)

    MacroCell: Name=Net_537, Mode=(D-Register)
        Total # of inputs        : 2
        Total # of product terms : 1
        List of special equations: 
            Clock  = (Net_310) => Global
            Clock Enable: True
        Main Equation            : 1 pterm
        (
              \PWM_LED_BRIGHTNESS:PWMUDB:runmode_enable\ * 
              \PWM_LED_BRIGHTNESS:PWMUDB:cmp1_less\
        );
        Output = Net_537 (fanout=1)

    MacroCell: Name=\UART_Bluetooth:BUART:txn\, Mode=(D-Register)
        Total # of inputs        : 7
        Total # of product terms : 5
        List of special equations: 
            Clock  = (\UART_Bluetooth:Net_9\) => Global
            Clock Enable: True
        Main Equation            : 5 pterms
        (
              \UART_Bluetooth:BUART:txn\ * \UART_Bluetooth:BUART:tx_state_1\ * 
              !\UART_Bluetooth:BUART:tx_bitclk\
            + \UART_Bluetooth:BUART:txn\ * \UART_Bluetooth:BUART:tx_state_2\
            + !\UART_Bluetooth:BUART:tx_state_1\ * 
              \UART_Bluetooth:BUART:tx_state_0\ * 
              !\UART_Bluetooth:BUART:tx_shift_out\ * 
              !\UART_Bluetooth:BUART:tx_state_2\
            + !\UART_Bluetooth:BUART:tx_state_1\ * 
              \UART_Bluetooth:BUART:tx_state_0\ * 
              !\UART_Bluetooth:BUART:tx_state_2\ * 
              !\UART_Bluetooth:BUART:tx_bitclk\
            + \UART_Bluetooth:BUART:tx_state_1\ * 
              !\UART_Bluetooth:BUART:tx_state_0\ * 
              !\UART_Bluetooth:BUART:tx_shift_out\ * 
              !\UART_Bluetooth:BUART:tx_state_2\ * 
              !\UART_Bluetooth:BUART:tx_counter_dp\ * 
              \UART_Bluetooth:BUART:tx_bitclk\
        );
        Output = \UART_Bluetooth:BUART:txn\ (fanout=2)

    MacroCell: Name=\UART_Bluetooth:BUART:tx_state_1\, Mode=(T-Register)
        Total # of inputs        : 6
        Total # of product terms : 3
        List of special equations: 
            Clock  = (\UART_Bluetooth:Net_9\) => Global
            Clock Enable: True
        Main Equation            : 3 pterms
        (
              \UART_Bluetooth:BUART:tx_state_1\ * 
              \UART_Bluetooth:BUART:tx_state_0\ * 
              \UART_Bluetooth:BUART:tx_bitclk_enable_pre\ * 
              \UART_Bluetooth:BUART:tx_state_2\
            + \UART_Bluetooth:BUART:tx_state_1\ * 
              !\UART_Bluetooth:BUART:tx_state_2\ * 
              \UART_Bluetooth:BUART:tx_counter_dp\ * 
              \UART_Bluetooth:BUART:tx_bitclk\
            + \UART_Bluetooth:BUART:tx_state_0\ * 
              !\UART_Bluetooth:BUART:tx_state_2\ * 
              \UART_Bluetooth:BUART:tx_bitclk\
        );
        Output = \UART_Bluetooth:BUART:tx_state_1\ (fanout=8)

    MacroCell: Name=\UART_Bluetooth:BUART:tx_state_0\, Mode=(T-Register)
        Total # of inputs        : 6
        Total # of product terms : 4
        List of special equations: 
            Clock  = (\UART_Bluetooth:Net_9\) => Global
            Clock Enable: True
        Main Equation            : 4 pterms
        (
              !\UART_Bluetooth:BUART:tx_state_1\ * 
              !\UART_Bluetooth:BUART:tx_state_0\ * 
              \UART_Bluetooth:BUART:tx_bitclk_enable_pre\ * 
              !\UART_Bluetooth:BUART:tx_fifo_empty\
            + !\UART_Bluetooth:BUART:tx_state_1\ * 
              !\UART_Bluetooth:BUART:tx_state_0\ * 
              !\UART_Bluetooth:BUART:tx_fifo_empty\ * 
              !\UART_Bluetooth:BUART:tx_state_2\
            + \UART_Bluetooth:BUART:tx_state_1\ * 
              \UART_Bluetooth:BUART:tx_state_0\ * 
              \UART_Bluetooth:BUART:tx_bitclk_enable_pre\ * 
              \UART_Bluetooth:BUART:tx_fifo_empty\ * 
              \UART_Bluetooth:BUART:tx_state_2\
            + \UART_Bluetooth:BUART:tx_state_0\ * 
              !\UART_Bluetooth:BUART:tx_state_2\ * 
              \UART_Bluetooth:BUART:tx_bitclk\
        );
        Output = \UART_Bluetooth:BUART:tx_state_0\ (fanout=8)

    MacroCell: Name=\UART_Bluetooth:BUART:tx_state_2\, Mode=(T-Register)
        Total # of inputs        : 6
        Total # of product terms : 4
        List of special equations: 
            Clock  = (\UART_Bluetooth:Net_9\) => Global
            Clock Enable: True
        Main Equation            : 4 pterms
        (
              !\UART_Bluetooth:BUART:tx_state_1\ * 
              !\UART_Bluetooth:BUART:tx_state_0\ * 
              \UART_Bluetooth:BUART:tx_bitclk_enable_pre\ * 
              \UART_Bluetooth:BUART:tx_state_2\
            + \UART_Bluetooth:BUART:tx_state_1\ * 
              \UART_Bluetooth:BUART:tx_state_0\ * 
              \UART_Bluetooth:BUART:tx_bitclk_enable_pre\ * 
              \UART_Bluetooth:BUART:tx_state_2\
            + \UART_Bluetooth:BUART:tx_state_1\ * 
              \UART_Bluetooth:BUART:tx_state_0\ * 
              !\UART_Bluetooth:BUART:tx_state_2\ * 
              \UART_Bluetooth:BUART:tx_bitclk\
            + \UART_Bluetooth:BUART:tx_state_1\ * 
              !\UART_Bluetooth:BUART:tx_state_2\ * 
              \UART_Bluetooth:BUART:tx_counter_dp\ * 
              \UART_Bluetooth:BUART:tx_bitclk\
        );
        Output = \UART_Bluetooth:BUART:tx_state_2\ (fanout=7)

    MacroCell: Name=\UART_Bluetooth:BUART:tx_bitclk\, Mode=(D-Register)
        Total # of inputs        : 4
        Total # of product terms : 2
        List of special equations: 
            Clock  = (\UART_Bluetooth:Net_9\) => Global
            Clock Enable: True
        Main Equation            : 2 pterms
        !(
              !\UART_Bluetooth:BUART:tx_state_1\ * 
              !\UART_Bluetooth:BUART:tx_state_0\ * 
              \UART_Bluetooth:BUART:tx_state_2\
            + !\UART_Bluetooth:BUART:tx_bitclk_enable_pre\
        );
        Output = \UART_Bluetooth:BUART:tx_bitclk\ (fanout=4)

    MacroCell: Name=\UART_Bluetooth:BUART:tx_ctrl_mark_last\, Mode=(T-Register)
        Total # of inputs        : 0
        Total # of product terms : 0
        List of special equations: 
            Clock  = (\UART_Bluetooth:Net_9\) => Global
            Clock Enable: True
        Main Equation            : 0 pterms
        (
            0
        );
        Output = \UART_Bluetooth:BUART:tx_ctrl_mark_last\ (fanout=8)

    MacroCell: Name=\UART_Bluetooth:BUART:rx_state_0\, Mode=(T-Register)
        Total # of inputs        : 11
        Total # of product terms : 4
        List of special equations: 
            Clock  = (\UART_Bluetooth:Net_9\) => Global
            Clock Enable: True
        Main Equation            : 4 pterms
        (
              !\UART_Bluetooth:BUART:tx_ctrl_mark_last\ * 
              !\UART_Bluetooth:BUART:rx_state_0\ * 
              \UART_Bluetooth:BUART:rx_bitclk_enable\ * 
              !\UART_Bluetooth:BUART:rx_state_3\ * 
              \UART_Bluetooth:BUART:rx_state_2\ * 
              !\UART_Bluetooth:BUART:pollcount_1\ * !Net_809
            + !\UART_Bluetooth:BUART:tx_ctrl_mark_last\ * 
              !\UART_Bluetooth:BUART:rx_state_0\ * 
              \UART_Bluetooth:BUART:rx_bitclk_enable\ * 
              !\UART_Bluetooth:BUART:rx_state_3\ * 
              \UART_Bluetooth:BUART:rx_state_2\ * 
              !\UART_Bluetooth:BUART:pollcount_1\ * 
              !\UART_Bluetooth:BUART:pollcount_0\
            + !\UART_Bluetooth:BUART:tx_ctrl_mark_last\ * 
              \UART_Bluetooth:BUART:rx_state_0\ * 
              !\UART_Bluetooth:BUART:rx_state_3\ * 
              !\UART_Bluetooth:BUART:rx_state_2\ * 
              !\UART_Bluetooth:BUART:rx_count_6\ * 
              !\UART_Bluetooth:BUART:rx_count_5\
            + !\UART_Bluetooth:BUART:tx_ctrl_mark_last\ * 
              \UART_Bluetooth:BUART:rx_state_0\ * 
              !\UART_Bluetooth:BUART:rx_state_3\ * 
              !\UART_Bluetooth:BUART:rx_state_2\ * 
              !\UART_Bluetooth:BUART:rx_count_6\ * 
              !\UART_Bluetooth:BUART:rx_count_4\
        );
        Output = \UART_Bluetooth:BUART:rx_state_0\ (fanout=8)

    MacroCell: Name=\UART_Bluetooth:BUART:rx_load_fifo\, Mode=(D-Register)
        Total # of inputs        : 8
        Total # of product terms : 3
        List of special equations: 
            Clock  = (\UART_Bluetooth:Net_9\) => Global
            Clock Enable: True
        Main Equation            : 3 pterms
        (
              !\UART_Bluetooth:BUART:tx_ctrl_mark_last\ * 
              !\UART_Bluetooth:BUART:rx_state_0\ * 
              \UART_Bluetooth:BUART:rx_bitclk_enable\ * 
              \UART_Bluetooth:BUART:rx_state_3\ * 
              !\UART_Bluetooth:BUART:rx_state_2\
            + !\UART_Bluetooth:BUART:tx_ctrl_mark_last\ * 
              \UART_Bluetooth:BUART:rx_state_0\ * 
              !\UART_Bluetooth:BUART:rx_state_3\ * 
              !\UART_Bluetooth:BUART:rx_state_2\ * 
              !\UART_Bluetooth:BUART:rx_count_6\ * 
              !\UART_Bluetooth:BUART:rx_count_5\
            + !\UART_Bluetooth:BUART:tx_ctrl_mark_last\ * 
              \UART_Bluetooth:BUART:rx_state_0\ * 
              !\UART_Bluetooth:BUART:rx_state_3\ * 
              !\UART_Bluetooth:BUART:rx_state_2\ * 
              !\UART_Bluetooth:BUART:rx_count_6\ * 
              !\UART_Bluetooth:BUART:rx_count_4\
        );
        Output = \UART_Bluetooth:BUART:rx_load_fifo\ (fanout=2)

    MacroCell: Name=\UART_Bluetooth:BUART:rx_state_3\, Mode=(T-Register)
        Total # of inputs        : 8
        Total # of product terms : 3
        List of special equations: 
            Clock  = (\UART_Bluetooth:Net_9\) => Global
            Clock Enable: True
        Main Equation            : 3 pterms
        (
              !\UART_Bluetooth:BUART:tx_ctrl_mark_last\ * 
              !\UART_Bluetooth:BUART:rx_state_0\ * 
              \UART_Bluetooth:BUART:rx_bitclk_enable\ * 
              \UART_Bluetooth:BUART:rx_state_3\ * 
              \UART_Bluetooth:BUART:rx_state_2\
            + !\UART_Bluetooth:BUART:tx_ctrl_mark_last\ * 
              \UART_Bluetooth:BUART:rx_state_0\ * 
              !\UART_Bluetooth:BUART:rx_state_3\ * 
              !\UART_Bluetooth:BUART:rx_state_2\ * 
              !\UART_Bluetooth:BUART:rx_count_6\ * 
              !\UART_Bluetooth:BUART:rx_count_5\
            + !\UART_Bluetooth:BUART:tx_ctrl_mark_last\ * 
              \UART_Bluetooth:BUART:rx_state_0\ * 
              !\UART_Bluetooth:BUART:rx_state_3\ * 
              !\UART_Bluetooth:BUART:rx_state_2\ * 
              !\UART_Bluetooth:BUART:rx_count_6\ * 
              !\UART_Bluetooth:BUART:rx_count_4\
        );
        Output = \UART_Bluetooth:BUART:rx_state_3\ (fanout=7)

    MacroCell: Name=\UART_Bluetooth:BUART:rx_state_2\, Mode=(T-Register)
        Total # of inputs        : 10
        Total # of product terms : 5
        List of special equations: 
            Clock  = (\UART_Bluetooth:Net_9\) => Global
            Clock Enable: True
        Main Equation            : 5 pterms
        (
              !\UART_Bluetooth:BUART:tx_ctrl_mark_last\ * 
              !\UART_Bluetooth:BUART:rx_state_0\ * 
              \UART_Bluetooth:BUART:rx_bitclk_enable\ * 
              \UART_Bluetooth:BUART:rx_state_3\
            + !\UART_Bluetooth:BUART:tx_ctrl_mark_last\ * 
              !\UART_Bluetooth:BUART:rx_state_0\ * 
              \UART_Bluetooth:BUART:rx_bitclk_enable\ * 
              \UART_Bluetooth:BUART:rx_state_2\
            + !\UART_Bluetooth:BUART:tx_ctrl_mark_last\ * 
              !\UART_Bluetooth:BUART:rx_state_0\ * 
              !\UART_Bluetooth:BUART:rx_state_3\ * 
              !\UART_Bluetooth:BUART:rx_state_2\ * !Net_809 * 
              \UART_Bluetooth:BUART:rx_last\
            + !\UART_Bluetooth:BUART:tx_ctrl_mark_last\ * 
              \UART_Bluetooth:BUART:rx_state_0\ * 
              !\UART_Bluetooth:BUART:rx_state_3\ * 
              !\UART_Bluetooth:BUART:rx_state_2\ * 
              !\UART_Bluetooth:BUART:rx_count_6\ * 
              !\UART_Bluetooth:BUART:rx_count_5\
            + !\UART_Bluetooth:BUART:tx_ctrl_mark_last\ * 
              \UART_Bluetooth:BUART:rx_state_0\ * 
              !\UART_Bluetooth:BUART:rx_state_3\ * 
              !\UART_Bluetooth:BUART:rx_state_2\ * 
              !\UART_Bluetooth:BUART:rx_count_6\ * 
              !\UART_Bluetooth:BUART:rx_count_4\
        );
        Output = \UART_Bluetooth:BUART:rx_state_2\ (fanout=7)

    MacroCell: Name=\UART_Bluetooth:BUART:rx_bitclk_enable\, Mode=(D-Register)
        Total # of inputs        : 3
        Total # of product terms : 1
        List of special equations: 
            Clock  = (\UART_Bluetooth:Net_9\) => Global
            Clock Enable: True
        Main Equation            : 1 pterm
        (
              !\UART_Bluetooth:BUART:rx_count_2\ * 
              !\UART_Bluetooth:BUART:rx_count_1\ * 
              !\UART_Bluetooth:BUART:rx_count_0\
        );
        Output = \UART_Bluetooth:BUART:rx_bitclk_enable\ (fanout=6)

    MacroCell: Name=\UART_Bluetooth:BUART:rx_state_stop1_reg\, Mode=(D-Register)
        Total # of inputs        : 4
        Total # of product terms : 1
        List of special equations: 
            Clock  = (\UART_Bluetooth:Net_9\) => Global
            Clock Enable: True
        Main Equation            : 1 pterm
        !(
              !\UART_Bluetooth:BUART:tx_ctrl_mark_last\ * 
              !\UART_Bluetooth:BUART:rx_state_0\ * 
              \UART_Bluetooth:BUART:rx_state_3\ * 
              \UART_Bluetooth:BUART:rx_state_2\
        );
        Output = \UART_Bluetooth:BUART:rx_state_stop1_reg\ (fanout=1)

    MacroCell: Name=\UART_Bluetooth:BUART:pollcount_1\, Mode=(D-Register)
        Total # of inputs        : 5
        Total # of product terms : 3
        List of special equations: 
            Clock  = (\UART_Bluetooth:Net_9\) => Global
            Clock Enable: True
        Main Equation            : 3 pterms
        (
              !\UART_Bluetooth:BUART:rx_count_2\ * 
              !\UART_Bluetooth:BUART:rx_count_1\ * 
              !\UART_Bluetooth:BUART:pollcount_1\ * Net_809 * 
              \UART_Bluetooth:BUART:pollcount_0\
            + !\UART_Bluetooth:BUART:rx_count_2\ * 
              !\UART_Bluetooth:BUART:rx_count_1\ * 
              \UART_Bluetooth:BUART:pollcount_1\ * !Net_809
            + !\UART_Bluetooth:BUART:rx_count_2\ * 
              !\UART_Bluetooth:BUART:rx_count_1\ * 
              \UART_Bluetooth:BUART:pollcount_1\ * 
              !\UART_Bluetooth:BUART:pollcount_0\
        );
        Output = \UART_Bluetooth:BUART:pollcount_1\ (fanout=4)

    MacroCell: Name=\UART_Bluetooth:BUART:pollcount_0\, Mode=(D-Register)
        Total # of inputs        : 4
        Total # of product terms : 2
        List of special equations: 
            Clock  = (\UART_Bluetooth:Net_9\) => Global
            Clock Enable: True
        Main Equation            : 2 pterms
        (
              !\UART_Bluetooth:BUART:rx_count_2\ * 
              !\UART_Bluetooth:BUART:rx_count_1\ * !Net_809 * 
              \UART_Bluetooth:BUART:pollcount_0\
            + !\UART_Bluetooth:BUART:rx_count_2\ * 
              !\UART_Bluetooth:BUART:rx_count_1\ * Net_809 * 
              !\UART_Bluetooth:BUART:pollcount_0\
        );
        Output = \UART_Bluetooth:BUART:pollcount_0\ (fanout=5)

    MacroCell: Name=\UART_Bluetooth:BUART:rx_status_3\, Mode=(D-Register)
        Total # of inputs        : 8
        Total # of product terms : 2
        List of special equations: 
            Clock  = (\UART_Bluetooth:Net_9\) => Global
            Clock Enable: True
        Main Equation            : 2 pterms
        (
              !\UART_Bluetooth:BUART:tx_ctrl_mark_last\ * 
              !\UART_Bluetooth:BUART:rx_state_0\ * 
              \UART_Bluetooth:BUART:rx_bitclk_enable\ * 
              \UART_Bluetooth:BUART:rx_state_3\ * 
              \UART_Bluetooth:BUART:rx_state_2\ * 
              !\UART_Bluetooth:BUART:pollcount_1\ * !Net_809
            + !\UART_Bluetooth:BUART:tx_ctrl_mark_last\ * 
              !\UART_Bluetooth:BUART:rx_state_0\ * 
              \UART_Bluetooth:BUART:rx_bitclk_enable\ * 
              \UART_Bluetooth:BUART:rx_state_3\ * 
              \UART_Bluetooth:BUART:rx_state_2\ * 
              !\UART_Bluetooth:BUART:pollcount_1\ * 
              !\UART_Bluetooth:BUART:pollcount_0\
        );
        Output = \UART_Bluetooth:BUART:rx_status_3\ (fanout=1)

    MacroCell: Name=\UART_Bluetooth:BUART:rx_last\, Mode=(D-Register)
        Total # of inputs        : 1
        Total # of product terms : 1
        List of special equations: 
            Clock  = (\UART_Bluetooth:Net_9\) => Global
            Clock Enable: True
        Main Equation            : 1 pterm
        (
              Net_809
        );
        Output = \UART_Bluetooth:BUART:rx_last\ (fanout=1)
    </CYPRESSTAG>
    <CYPRESSTAG name="Datapath listing">

    ------------------------------------------------------------
    Datapath listing
    ------------------------------------------------------------

    datapathcell: Name =\PWM_Motor:PWMUDB:sP16:pwmdp:u0\
        PORT MAP (
            clock => Net_163 ,
            cs_addr_2 => \PWM_Motor:PWMUDB:tc_i\ ,
            cs_addr_1 => \PWM_Motor:PWMUDB:runmode_enable\ ,
            chain_out => \PWM_Motor:PWMUDB:sP16:pwmdp:carry\ );
        Properties:
        {
            a0_init = "00000000"
            a1_init = "00000000"
            ce0_sync = 1
            ce1_sync = 1
            cl0_sync = 1
            cl1_sync = 1
            cmsb_sync = 1
            co_msb_sync = 1
            cy_dpconfig = "0000000001000000000000001100000001000000010000000000000011000000000000001100000000000000110000000000000011000000000000001100000011111111000000001111111111111111101000000000000000000100000000000000000000011000"
            d0_init = "00000000"
            d1_init = "00000000"
            f0_blk_sync = 1
            f0_bus_sync = 1
            f1_blk_sync = 1
            f1_bus_sync = 1
            ff0_sync = 1
            ff1_sync = 1
            ov_msb_sync = 1
            so_sync = 1
            z0_sync = 1
            z1_sync = 1
        }
        Clock Polarity: Active High
        Clock Enable: True
        Next in chain : \PWM_Motor:PWMUDB:sP16:pwmdp:u1\

    datapathcell: Name =\PWM_Motor:PWMUDB:sP16:pwmdp:u1\
        PORT MAP (
            clock => Net_163 ,
            cs_addr_2 => \PWM_Motor:PWMUDB:tc_i\ ,
            cs_addr_1 => \PWM_Motor:PWMUDB:runmode_enable\ ,
            cl0_comb => \PWM_Motor:PWMUDB:cmp1_less\ ,
            z0_comb => \PWM_Motor:PWMUDB:tc_i\ ,
            cl1_comb => \PWM_Motor:PWMUDB:cmp2_less\ ,
            chain_in => \PWM_Motor:PWMUDB:sP16:pwmdp:carry\ );
        Properties:
        {
            a0_init = "00000000"
            a1_init = "00000000"
            ce0_sync = 1
            ce1_sync = 1
            cl0_sync = 1
            cl1_sync = 1
            cmsb_sync = 1
            co_msb_sync = 1
            cy_dpconfig = "0000000001000000000000001100000001000000010000000000000011000000000000001100000000000000110000000000000011000000000000001100000011111111000000001111111111111111101011110000000000000100000011110000000000011000"
            d0_init = "00000000"
            d1_init = "00000000"
            f0_blk_sync = 1
            f0_bus_sync = 1
            f1_blk_sync = 1
            f1_bus_sync = 1
            ff0_sync = 1
            ff1_sync = 1
            ov_msb_sync = 1
            so_sync = 1
            z0_sync = 1
            z1_sync = 1
        }
        Clock Polarity: Active High
        Clock Enable: True
        Previous in chain : \PWM_Motor:PWMUDB:sP16:pwmdp:u0\

    datapathcell: Name =\UART_USB:BUART:sTX:TxShifter:u0\
        PORT MAP (
            clock => \UART_USB:Net_9\ ,
            cs_addr_2 => \UART_USB:BUART:tx_state_1\ ,
            cs_addr_1 => \UART_USB:BUART:tx_state_0\ ,
            cs_addr_0 => \UART_USB:BUART:tx_bitclk_enable_pre\ ,
            so_comb => \UART_USB:BUART:tx_shift_out\ ,
            f0_bus_stat_comb => \UART_USB:BUART:tx_fifo_notfull\ ,
            f0_blk_stat_comb => \UART_USB:BUART:tx_fifo_empty\ );
        Properties:
        {
            a0_init = "00000000"
            a1_init = "00000000"
            ce0_sync = 1
            ce1_sync = 1
            cl0_sync = 1
            cl1_sync = 1
            cmsb_sync = 1
            co_msb_sync = 1
            cy_dpconfig = "0000000000000000000000000000000000000000000000000000000011000000000000000000000000000010010000000000000000000000000000000000000011111111000000001111111111111111000000000000000001000100111100000000000000001100"
            d0_init = "00000000"
            d1_init = "00000000"
            f0_blk_sync = 1
            f0_bus_sync = 1
            f1_blk_sync = 1
            f1_bus_sync = 1
            ff0_sync = 1
            ff1_sync = 1
            ov_msb_sync = 1
            so_sync = 1
            z0_sync = 1
            z1_sync = 1
        }
        Clock Polarity: Active High
        Clock Enable: True

    datapathcell: Name =\UART_USB:BUART:sTX:sCLOCK:TxBitClkGen\
        PORT MAP (
            clock => \UART_USB:Net_9\ ,
            cs_addr_0 => \UART_USB:BUART:counter_load_not\ ,
            ce0_reg => \UART_USB:BUART:tx_bitclk_enable_pre\ ,
            ce1_reg => \UART_USB:BUART:tx_counter_dp\ );
        Properties:
        {
            a0_init = "00000000"
            a1_init = "00000000"
            ce0_sync = 1
            ce1_sync = 1
            cl0_sync = 1
            cl1_sync = 1
            cmsb_sync = 1
            co_msb_sync = 1
            cy_dpconfig = "1010100001000000001000000100000000000000000000000000000000000000000000000000000000000000000000000000000000000000000000000000000011111111000000001111111100000111001000000100000000000101111100000000000000001000"
            d0_init = "00000000"
            d1_init = "00000000"
            f0_blk_sync = 1
            f0_bus_sync = 1
            f1_blk_sync = 1
            f1_bus_sync = 1
            ff0_sync = 1
            ff1_sync = 1
            ov_msb_sync = 1
            so_sync = 1
            z0_sync = 1
            z1_sync = 1
        }
        Clock Polarity: Active High
        Clock Enable: True

    datapathcell: Name =\UART_USB:BUART:sRX:RxShifter:u0\
        PORT MAP (
            clock => \UART_USB:Net_9\ ,
            cs_addr_2 => \UART_USB:BUART:tx_ctrl_mark_last\ ,
            cs_addr_1 => \UART_USB:BUART:rx_state_0\ ,
            cs_addr_0 => \UART_USB:BUART:rx_bitclk_enable\ ,
            route_si => \UART_USB:BUART:rx_postpoll\ ,
            f0_load => \UART_USB:BUART:rx_load_fifo\ ,
            f0_bus_stat_comb => \UART_USB:BUART:rx_fifonotempty\ ,
            f0_blk_stat_comb => \UART_USB:BUART:rx_fifofull\ );
        Properties:
        {
            a0_init = "00000000"
            a1_init = "00000000"
            ce0_sync = 1
            ce1_sync = 1
            cl0_sync = 1
            cl1_sync = 1
            cmsb_sync = 1
            co_msb_sync = 1
            cy_dpconfig = "0000000000000000000000000000000000000000000000000000001001000000000100000000000000010000001100000001000000000000000100100001000011111111000000001111111111111111101000000110001001000001111100000000000000001100"
            d0_init = "00000000"
            d1_init = "00000000"
            f0_blk_sync = 1
            f0_bus_sync = 1
            f1_blk_sync = 1
            f1_bus_sync = 1
            ff0_sync = 1
            ff1_sync = 1
            ov_msb_sync = 1
            so_sync = 1
            z0_sync = 1
            z1_sync = 1
        }
        Clock Polarity: Active High
        Clock Enable: True

    datapathcell: Name =\PWM_LED:PWMUDB:sP16:pwmdp:u0\
        PORT MAP (
            clock => Net_310 ,
            cs_addr_2 => \PWM_LED:PWMUDB:tc_i\ ,
            cs_addr_1 => \PWM_LED:PWMUDB:runmode_enable\ ,
            chain_out => \PWM_LED:PWMUDB:sP16:pwmdp:carry\ );
        Properties:
        {
            a0_init = "00000000"
            a1_init = "00000000"
            ce0_sync = 1
            ce1_sync = 1
            cl0_sync = 1
            cl1_sync = 1
            cmsb_sync = 1
            co_msb_sync = 1
            cy_dpconfig = "0000000001000000000000001100000001000000010000000000000011000000000000001100000000000000110000000000000011000000000000001100000011111111000000001111111111111111101000000000000000000100000000000000000000011000"
            d0_init = "00000000"
            d1_init = "00000000"
            f0_blk_sync = 1
            f0_bus_sync = 1
            f1_blk_sync = 1
            f1_bus_sync = 1
            ff0_sync = 1
            ff1_sync = 1
            ov_msb_sync = 1
            so_sync = 1
            z0_sync = 1
            z1_sync = 1
        }
        Clock Polarity: Active High
        Clock Enable: True
        Next in chain : \PWM_LED:PWMUDB:sP16:pwmdp:u1\

    datapathcell: Name =\PWM_LED:PWMUDB:sP16:pwmdp:u1\
        PORT MAP (
            clock => Net_310 ,
            cs_addr_2 => \PWM_LED:PWMUDB:tc_i\ ,
            cs_addr_1 => \PWM_LED:PWMUDB:runmode_enable\ ,
            cl0_comb => \PWM_LED:PWMUDB:cmp1_less\ ,
            z0_comb => \PWM_LED:PWMUDB:tc_i\ ,
            chain_in => \PWM_LED:PWMUDB:sP16:pwmdp:carry\ );
        Properties:
        {
            a0_init = "00000000"
            a1_init = "00000000"
            ce0_sync = 1
            ce1_sync = 1
            cl0_sync = 1
            cl1_sync = 1
            cmsb_sync = 1
            co_msb_sync = 1
            cy_dpconfig = "0000000001000000000000001100000001000000010000000000000011000000000000001100000000000000110000000000000011000000000000001100000011111111000000001111111111111111101011110000000000000100000011110000000000011000"
            d0_init = "00000000"
            d1_init = "00000000"
            f0_blk_sync = 1
            f0_bus_sync = 1
            f1_blk_sync = 1
            f1_bus_sync = 1
            ff0_sync = 1
            ff1_sync = 1
            ov_msb_sync = 1
            so_sync = 1
            z0_sync = 1
            z1_sync = 1
        }
        Clock Polarity: Active High
        Clock Enable: True
        Previous in chain : \PWM_LED:PWMUDB:sP16:pwmdp:u0\

    datapathcell: Name =\PWM_LED_BRIGHTNESS:PWMUDB:sP8:pwmdp:u0\
        PORT MAP (
            clock => Net_310 ,
            cs_addr_2 => \PWM_LED_BRIGHTNESS:PWMUDB:tc_i\ ,
            cs_addr_1 => \PWM_LED_BRIGHTNESS:PWMUDB:runmode_enable\ ,
            cl0_comb => \PWM_LED_BRIGHTNESS:PWMUDB:cmp1_less\ ,
            z0_comb => \PWM_LED_BRIGHTNESS:PWMUDB:tc_i\ );
        Properties:
        {
            a0_init = "00000000"
            a1_init = "00000000"
            ce0_sync = 1
            ce1_sync = 1
            cl0_sync = 1
            cl1_sync = 1
            cmsb_sync = 1
            co_msb_sync = 1
            cy_dpconfig = "0000000001000000000000001100000001000000010000000000000011000000000000001100000000000000110000000000000011000000000000001100000011111111000000001111111111111111101000000000000000000100000000000000000000011000"
            d0_init = "00000000"
            d1_init = "00000000"
            f0_blk_sync = 1
            f0_bus_sync = 1
            f1_blk_sync = 1
            f1_bus_sync = 1
            ff0_sync = 1
            ff1_sync = 1
            ov_msb_sync = 1
            so_sync = 1
            z0_sync = 1
            z1_sync = 1
        }
        Clock Polarity: Active High
        Clock Enable: True

    datapathcell: Name =\UART_Bluetooth:BUART:sTX:TxShifter:u0\
        PORT MAP (
            clock => \UART_Bluetooth:Net_9\ ,
            cs_addr_2 => \UART_Bluetooth:BUART:tx_state_1\ ,
            cs_addr_1 => \UART_Bluetooth:BUART:tx_state_0\ ,
            cs_addr_0 => \UART_Bluetooth:BUART:tx_bitclk_enable_pre\ ,
            so_comb => \UART_Bluetooth:BUART:tx_shift_out\ ,
            f0_bus_stat_comb => \UART_Bluetooth:BUART:tx_fifo_notfull\ ,
            f0_blk_stat_comb => \UART_Bluetooth:BUART:tx_fifo_empty\ );
        Properties:
        {
            a0_init = "00000000"
            a1_init = "00000000"
            ce0_sync = 1
            ce1_sync = 1
            cl0_sync = 1
            cl1_sync = 1
            cmsb_sync = 1
            co_msb_sync = 1
            cy_dpconfig = "0000000000000000000000000000000000000000000000000000000011000000000000000000000000000010010000000000000000000000000000000000000011111111000000001111111111111111000000000000000001000100111100000000000000001100"
            d0_init = "00000000"
            d1_init = "00000000"
            f0_blk_sync = 1
            f0_bus_sync = 1
            f1_blk_sync = 1
            f1_bus_sync = 1
            ff0_sync = 1
            ff1_sync = 1
            ov_msb_sync = 1
            so_sync = 1
            z0_sync = 1
            z1_sync = 1
        }
        Clock Polarity: Active High
        Clock Enable: True

    datapathcell: Name =\UART_Bluetooth:BUART:sTX:sCLOCK:TxBitClkGen\
        PORT MAP (
            clock => \UART_Bluetooth:Net_9\ ,
            cs_addr_0 => \UART_Bluetooth:BUART:counter_load_not\ ,
            ce0_reg => \UART_Bluetooth:BUART:tx_bitclk_enable_pre\ ,
            ce1_reg => \UART_Bluetooth:BUART:tx_counter_dp\ );
        Properties:
        {
            a0_init = "00000000"
            a1_init = "00000000"
            ce0_sync = 1
            ce1_sync = 1
            cl0_sync = 1
            cl1_sync = 1
            cmsb_sync = 1
            co_msb_sync = 1
            cy_dpconfig = "1010100001000000001000000100000000000000000000000000000000000000000000000000000000000000000000000000000000000000000000000000000011111111000000001111111100000111001000000100000000000101111100000000000000001000"
            d0_init = "00000000"
            d1_init = "00000000"
            f0_blk_sync = 1
            f0_bus_sync = 1
            f1_blk_sync = 1
            f1_bus_sync = 1
            ff0_sync = 1
            ff1_sync = 1
            ov_msb_sync = 1
            so_sync = 1
            z0_sync = 1
            z1_sync = 1
        }
        Clock Polarity: Active High
        Clock Enable: True

    datapathcell: Name =\UART_Bluetooth:BUART:sRX:RxShifter:u0\
        PORT MAP (
            clock => \UART_Bluetooth:Net_9\ ,
            cs_addr_2 => \UART_Bluetooth:BUART:tx_ctrl_mark_last\ ,
            cs_addr_1 => \UART_Bluetooth:BUART:rx_state_0\ ,
            cs_addr_0 => \UART_Bluetooth:BUART:rx_bitclk_enable\ ,
            route_si => \UART_Bluetooth:BUART:rx_postpoll\ ,
            f0_load => \UART_Bluetooth:BUART:rx_load_fifo\ ,
            f0_bus_stat_comb => \UART_Bluetooth:BUART:rx_fifonotempty\ ,
            f0_blk_stat_comb => \UART_Bluetooth:BUART:rx_fifofull\ );
        Properties:
        {
            a0_init = "00000000"
            a1_init = "00000000"
            ce0_sync = 1
            ce1_sync = 1
            cl0_sync = 1
            cl1_sync = 1
            cmsb_sync = 1
            co_msb_sync = 1
            cy_dpconfig = "0000000000000000000000000000000000000000000000000000001001000000000100000000000000010000001100000001000000000000000100100001000011111111000000001111111111111111101000000110001001000001111100000000000000001100"
            d0_init = "00000000"
            d1_init = "00000000"
            f0_blk_sync = 1
            f0_bus_sync = 1
            f1_blk_sync = 1
            f1_bus_sync = 1
            ff0_sync = 1
            ff1_sync = 1
            ov_msb_sync = 1
            so_sync = 1
            z0_sync = 1
            z1_sync = 1
        }
        Clock Polarity: Active High
        Clock Enable: True
    </CYPRESSTAG>
    <CYPRESSTAG name="Status register listing">
    </CYPRESSTAG>
    <CYPRESSTAG name="StatusI register listing">

    ------------------------------------------------------------
    StatusI register listing
    ------------------------------------------------------------

    statusicell: Name =\UART_USB:BUART:sTX:TxSts\
        PORT MAP (
            clock => \UART_USB:Net_9\ ,
            status_3 => \UART_USB:BUART:tx_fifo_notfull\ ,
            status_2 => \UART_USB:BUART:tx_status_2\ ,
            status_1 => \UART_USB:BUART:tx_fifo_empty\ ,
            status_0 => \UART_USB:BUART:tx_status_0\ );
        Properties:
        {
            cy_force_order = 1
            cy_int_mask = "1111111"
            cy_md_select = "0000001"
        }
        Clock Polarity: Active High
        Clock Enable: True

    statusicell: Name =\UART_USB:BUART:sRX:RxSts\
        PORT MAP (
            clock => \UART_USB:Net_9\ ,
            status_5 => \UART_USB:BUART:rx_status_5\ ,
            status_4 => \UART_USB:BUART:rx_status_4\ ,
            status_3 => \UART_USB:BUART:rx_status_3\ ,
            interrupt => Net_547 );
        Properties:
        {
            cy_force_order = 1
            cy_int_mask = "1111111"
            cy_md_select = "1011111"
        }
        Clock Polarity: Active High
        Clock Enable: True

    statusicell: Name =\UART_Bluetooth:BUART:sTX:TxSts\
        PORT MAP (
            clock => \UART_Bluetooth:Net_9\ ,
            status_3 => \UART_Bluetooth:BUART:tx_fifo_notfull\ ,
            status_2 => \UART_Bluetooth:BUART:tx_status_2\ ,
            status_1 => \UART_Bluetooth:BUART:tx_fifo_empty\ ,
            status_0 => \UART_Bluetooth:BUART:tx_status_0\ );
        Properties:
        {
            cy_force_order = 1
            cy_int_mask = "1111111"
            cy_md_select = "0000001"
        }
        Clock Polarity: Active High
        Clock Enable: True

    statusicell: Name =\UART_Bluetooth:BUART:sRX:RxSts\
        PORT MAP (
            clock => \UART_Bluetooth:Net_9\ ,
            status_5 => \UART_Bluetooth:BUART:rx_status_5\ ,
            status_4 => \UART_Bluetooth:BUART:rx_status_4\ ,
            status_3 => \UART_Bluetooth:BUART:rx_status_3\ ,
            interrupt => Net_812 );
        Properties:
        {
            cy_force_order = 1
            cy_int_mask = "1111111"
            cy_md_select = "1011111"
        }
        Clock Polarity: Active High
        Clock Enable: True
    </CYPRESSTAG>
    <CYPRESSTAG name="Sync listing">
    </CYPRESSTAG>
    <CYPRESSTAG name="Control register listing">

    ------------------------------------------------------------
    Control register listing
    ------------------------------------------------------------

    controlcell: Name =\PWM_Motor:PWMUDB:genblk1:ctrlreg\
        PORT MAP (
            clock => Net_163 ,
            control_7 => \PWM_Motor:PWMUDB:control_7\ ,
            control_6 => \PWM_Motor:PWMUDB:control_6\ ,
            control_5 => \PWM_Motor:PWMUDB:control_5\ ,
            control_4 => \PWM_Motor:PWMUDB:control_4\ ,
            control_3 => \PWM_Motor:PWMUDB:control_3\ ,
            control_2 => \PWM_Motor:PWMUDB:control_2\ ,
            control_1 => \PWM_Motor:PWMUDB:control_1\ ,
            control_0 => \PWM_Motor:PWMUDB:control_0\ );
        Properties:
        {
            cy_ctrl_mode_0 = "11111111"
            cy_ctrl_mode_1 = "00000000"
            cy_ext_reset = 0
            cy_force_order = 1
            cy_init_value = "00000000"
        }
        Clock Polarity: Active High
        Clock Enable: True

    controlcell: Name =\PWM_LED:PWMUDB:genblk1:ctrlreg\
        PORT MAP (
            clock => Net_310 ,
            control_7 => \PWM_LED:PWMUDB:control_7\ ,
            control_6 => \PWM_LED:PWMUDB:control_6\ ,
            control_5 => \PWM_LED:PWMUDB:control_5\ ,
            control_4 => \PWM_LED:PWMUDB:control_4\ ,
            control_3 => \PWM_LED:PWMUDB:control_3\ ,
            control_2 => \PWM_LED:PWMUDB:control_2\ ,
            control_1 => \PWM_LED:PWMUDB:control_1\ ,
            control_0 => \PWM_LED:PWMUDB:control_0\ );
        Properties:
        {
            cy_ctrl_mode_0 = "11111111"
            cy_ctrl_mode_1 = "00000000"
            cy_ext_reset = 0
            cy_force_order = 1
            cy_init_value = "00000000"
        }
        Clock Polarity: Active High
        Clock Enable: True

    controlcell: Name =\PWM_LED_BRIGHTNESS:PWMUDB:genblk1:ctrlreg\
        PORT MAP (
            clock => Net_310 ,
            control_7 => \PWM_LED_BRIGHTNESS:PWMUDB:control_7\ ,
            control_6 => \PWM_LED_BRIGHTNESS:PWMUDB:control_6\ ,
            control_5 => \PWM_LED_BRIGHTNESS:PWMUDB:control_5\ ,
            control_4 => \PWM_LED_BRIGHTNESS:PWMUDB:control_4\ ,
            control_3 => \PWM_LED_BRIGHTNESS:PWMUDB:control_3\ ,
            control_2 => \PWM_LED_BRIGHTNESS:PWMUDB:control_2\ ,
            control_1 => \PWM_LED_BRIGHTNESS:PWMUDB:control_1\ ,
            control_0 => \PWM_LED_BRIGHTNESS:PWMUDB:control_0\ );
        Properties:
        {
            cy_ctrl_mode_0 = "11111111"
            cy_ctrl_mode_1 = "00000000"
            cy_ext_reset = 0
            cy_force_order = 1
            cy_init_value = "00000000"
        }
        Clock Polarity: Active High
        Clock Enable: True
    </CYPRESSTAG>
    <CYPRESSTAG name="Count7 listing">

    ------------------------------------------------------------
    Count7 listing
    ------------------------------------------------------------

    count7cell: Name =\UART_USB:BUART:sRX:RxBitCounter\
        PORT MAP (
            clock => \UART_USB:Net_9\ ,
            load => \UART_USB:BUART:rx_counter_load\ ,
            count_6 => MODIN5_6 ,
            count_5 => MODIN5_5 ,
            count_4 => MODIN5_4 ,
            count_3 => MODIN5_3 ,
            count_2 => \UART_USB:BUART:rx_count_2\ ,
            count_1 => \UART_USB:BUART:rx_count_1\ ,
            count_0 => \UART_USB:BUART:rx_count_0\ ,
            tc => \UART_USB:BUART:rx_count7_tc\ );
        Properties:
        {
            cy_alt_mode = 0
            cy_init_value = "0000000"
            cy_period = "1110010"
            cy_route_en = 1
            cy_route_ld = 1
        }
        Clock Polarity: Active High
        Clock Enable: True

    count7cell: Name =\UART_Bluetooth:BUART:sRX:RxBitCounter\
        PORT MAP (
            clock => \UART_Bluetooth:Net_9\ ,
            load => \UART_Bluetooth:BUART:rx_counter_load\ ,
            count_6 => \UART_Bluetooth:BUART:rx_count_6\ ,
            count_5 => \UART_Bluetooth:BUART:rx_count_5\ ,
            count_4 => \UART_Bluetooth:BUART:rx_count_4\ ,
            count_3 => \UART_Bluetooth:BUART:rx_count_3\ ,
            count_2 => \UART_Bluetooth:BUART:rx_count_2\ ,
            count_1 => \UART_Bluetooth:BUART:rx_count_1\ ,
            count_0 => \UART_Bluetooth:BUART:rx_count_0\ ,
            tc => \UART_Bluetooth:BUART:rx_count7_tc\ );
        Properties:
        {
            cy_alt_mode = 0
            cy_init_value = "0000000"
            cy_period = "1110010"
            cy_route_en = 1
            cy_route_ld = 1
        }
        Clock Polarity: Active High
        Clock Enable: True
    </CYPRESSTAG>
    <CYPRESSTAG name="DRQ listing">
    </CYPRESSTAG>
    <CYPRESSTAG name="Interrupt listing">

    ------------------------------------------------------------
    Interrupt listing
    ------------------------------------------------------------

    interrupt: Name =isr_Toggle_Sleep
        PORT MAP (
            interrupt => Net_133 );
        Properties:
        {
            int_type = "10"
            is_nmi = 0
        }

    interrupt: Name =\I2C_GY87:I2C_IRQ\
        PORT MAP (
            interrupt => \I2C_GY87:Net_697\ );
        Properties:
        {
            int_type = "00"
            is_nmi = 0
        }

    interrupt: Name =\UART_USB:RXInternalInterrupt\
        PORT MAP (
            interrupt => Net_547 );
        Properties:
        {
            int_type = "10"
            is_nmi = 0
        }

    interrupt: Name =isr_Sample_GY87
        PORT MAP (
            interrupt => Net_621 );
        Properties:
        {
            int_type = "10"
            is_nmi = 0
        }

    interrupt: Name =isr_Eval_Motor_Encoder
        PORT MAP (
            interrupt => Net_750 );
        Properties:
        {
            int_type = "10"
            is_nmi = 0
        }

    interrupt: Name =isr_Inc_Motor_Encoder_R
        PORT MAP (
            interrupt => Net_791 );
        Properties:
        {
            int_type = "10"
            is_nmi = 0
        }

    interrupt: Name =isr_Inc_Motor_Encoder_L
        PORT MAP (
            interrupt => Net_802 );
        Properties:
        {
            int_type = "10"
            is_nmi = 0
        }

    interrupt: Name =\UART_Bluetooth:RXInternalInterrupt\
        PORT MAP (
            interrupt => Net_812 );
        Properties:
        {
            int_type = "10"
            is_nmi = 0
        }

    interrupt: Name =isr_UART_Eval
        PORT MAP (
            interrupt => Net_818 );
        Properties:
        {
            int_type = "10"
            is_nmi = 0
        }

    interrupt: Name =isr_UART_Send
        PORT MAP (
            interrupt => Net_830 );
        Properties:
        {
            int_type = "10"
            is_nmi = 0
        }
    </CYPRESSTAG>
</CYPRESSTAG>
<CYPRESSTAG name="Technology mapping summary" expanded>

------------------------------------------------------------
Technology mapping summary
------------------------------------------------------------

Resource Type                 : Used : Free :  Max :  % Used
============================================================
Digital Clocks                :    7 :    1 :    8 : 87.50 %
Analog Clocks                 :    0 :    4 :    4 :  0.00 %
CapSense Buffers              :    0 :    2 :    2 :  0.00 %
Digital Filter Block          :    0 :    1 :    1 :  0.00 %
Interrupts                    :   10 :   22 :   32 : 31.25 %
IO                            :   21 :   27 :   48 : 43.75 %
Segment LCD                   :    0 :    1 :    1 :  0.00 %
CAN 2.0b                      :    0 :    1 :    1 :  0.00 %
I2C                           :    1 :    0 :    1 : 100.00 %
USB                           :    0 :    1 :    1 :  0.00 %
DMA Channels                  :    0 :   24 :   24 :  0.00 %
Timer                         :    4 :    0 :    4 : 100.00 %
UDB                           :      :      :      :        
  Macrocells                  :   59 :  133 :  192 : 30.73 %
  Unique P-terms              :   98 :  286 :  384 : 25.52 %
  Total P-terms               :  116 :      :      :        
  Datapath Cells              :   11 :   13 :   24 : 45.83 %
  Status Cells                :    6 :   18 :   24 : 25.00 %
    StatusI Registers         :    4 :      :      :        
    Routed Count7 Load/Enable :    2 :      :      :        
  Control Cells               :    5 :   19 :   24 : 20.83 %
    Control Registers         :    3 :      :      :        
    Count7 Cells              :    2 :      :      :        
Opamp                         :    0 :    4 :    4 :  0.00 %
Comparator                    :    0 :    4 :    4 :  0.00 %
Delta-Sigma ADC               :    0 :    1 :    1 :  0.00 %
LPF                           :    0 :    2 :    2 :  0.00 %
SAR ADC                       :    0 :    2 :    2 :  0.00 %
Analog (SC/CT) Blocks         :    0 :    4 :    4 :  0.00 %
DAC                           :      :      :      :        
  VIDAC                       :    0 :    4 :    4 :  0.00 %
</CYPRESSTAG>
Technology Mapping: Elapsed time ==> 0s.213ms
Tech Mapping phase: Elapsed time ==> 0s.289ms
</CYPRESSTAG>
<CYPRESSTAG name="Analog Placement">
Initial Analog Placement Results:
IO_4@[IOP=(1)][IoId=(4)] : Pin_DRDY(0) (fixed)
IO_5@[IOP=(1)][IoId=(5)] : Pin_INTA(0) (fixed)
IO_1@[IOP=(2)][IoId=(1)] : Pin_LED(0) (fixed)
IO_3@[IOP=(3)][IoId=(3)] : Pin_Motor_EN_L(0) (fixed)
IO_0@[IOP=(15)][IoId=(0)] : Pin_Motor_EN_R(0) (fixed)
[IOP=(12)][IoId=(4)] : Pin_Motor_Encoder_L(0) (fixed)
IO_4@[IOP=(12)][IoId=(4)] : Pin_Motor_Encoder_L_SIOREF_0 (fixed)
[IOP=(12)][IoId=(2)] : Pin_Motor_Encoder_R(0) (fixed)
IO_2@[IOP=(12)][IoId=(2)] : Pin_Motor_Encoder_R_SIOREF_0 (fixed)
IO_4@[IOP=(3)][IoId=(4)] : Pin_Motor_In_1(0) (fixed)
IO_5@[IOP=(3)][IoId=(5)] : Pin_Motor_In_2(0) (fixed)
IO_6@[IOP=(3)][IoId=(6)] : Pin_Motor_In_3(0) (fixed)
IO_7@[IOP=(3)][IoId=(7)] : Pin_Motor_In_4(0) (fixed)
IO_0@[IOP=(12)][IoId=(0)] : Pin_SCL(0) (fixed)
IO_1@[IOP=(12)][IoId=(1)] : Pin_SDA(0) (fixed)
IO_2@[IOP=(2)][IoId=(2)] : Pin_SW1(0) (fixed)
IO_6@[IOP=(2)][IoId=(6)] : Rx_Blu(0) (fixed)
IO_6@[IOP=(12)][IoId=(6)] : Rx_USB(0) (fixed)
IO_7@[IOP=(2)][IoId=(7)] : Tx_Blu(0) (fixed)
IO_7@[IOP=(12)][IoId=(7)] : Tx_USB(0) (fixed)
Analog Placement phase: Elapsed time ==> 0s.021ms
</CYPRESSTAG>
<CYPRESSTAG name="Analog Routing">
Analog Routing phase: Elapsed time ==> 0s.000ms
</CYPRESSTAG>
<CYPRESSTAG name="Analog Code Generation">
============ Analog Final Answer Routes ============
Dump of CyAnalogRoutingResultsDB
Map of net to items {
}
Map of item to net {
}
Mux Info {
}
Dump of CyP35AnalogRoutingResultsDB
IsVddaHalfUsedForComp = False
IsVddaHalfUsedForSar0 = False
IsVddaHalfUsedForSar1 = False
Analog Code Generation phase: Elapsed time ==> 0s.282ms
</CYPRESSTAG>
<CYPRESSTAG name="Digital Placement">
<CYPRESSTAG name="Detailed placement messages">
I2076: Total run-time: 1.5 sec.

</CYPRESSTAG>
<CYPRESSTAG name="PLD Packing">
<CYPRESSTAG name="PLD Packing Summary" expanded>

------------------------------------------------------------
PLD Packing Summary
------------------------------------------------------------
            Resource Type : Used : Free :  Max :  % Used
    ====================================================
                     PLDs :   26 :   22 :   48 :  54.17%

<CYPRESSTAG name="PLD Statistics">

        PLD Resource Type :     Average/LAB
    =======================================
                   Inputs :            6.96
                   Pterms :            4.31
               Macrocells :            2.27
</CYPRESSTAG>
<CYPRESSTAG name="Packed PLD Contents">
Packed PLD Contents not displayed at this verbose level.</CYPRESSTAG>
</CYPRESSTAG>
PLD Packing: Elapsed time ==> 0s.005ms
</CYPRESSTAG>
<CYPRESSTAG name="Partitioning">
<CYPRESSTAG name="Initial Partitioning Summary">
Initial Partitioning Summary not displayed at this verbose level.</CYPRESSTAG>
<CYPRESSTAG name="Final Partitioning Summary">
Final Partitioning Summary not displayed at this verbose level.</CYPRESSTAG>
Partitioning: Elapsed time ==> 0s.100ms
</CYPRESSTAG>
<CYPRESSTAG name="Final Placement Summary">

------------------------------------------------------------
Final Placement Summary
------------------------------------------------------------

       Resource Type :      Count : Avg Inputs : Avg Outputs
    ========================================================
                 UDB :         14 :       9.71 :       4.21
<CYPRESSTAG name="Final Placement Details">
<CYPRESSTAG name="Component Details">

------------------------------------------------------------
Component Placement Details
------------------------------------------------------------
UDB [UDB=(0,0)] is empty.
UDB [UDB=(0,1)] contents:
LAB@[UDB=(0,1)][LB=0] #macrocells=2, #inputs=3, #pterms=2
{
    [McSlotId=0]: (empty)
    [McSlotId=1]: (empty)
    [McSlotId=2]:     MacroCell: Name=\UART_USB:BUART:rx_status_5\, Mode=(Combinatorial) @ [UDB=(0,1)][LB=0][MC=2]
        Total # of inputs        : 2
        Total # of product terms : 1
            Clock Enable: True
        Main Equation            : 1 pterm
        (
              \UART_USB:BUART:rx_fifonotempty\ * 
              \UART_USB:BUART:rx_state_stop1_reg\
        );
        Output = \UART_USB:BUART:rx_status_5\ (fanout=1)
        Properties               : 
        {
        }

    [McSlotId=3]:     MacroCell: Name=Net_548, Mode=(Combinatorial) @ [UDB=(0,1)][LB=0][MC=3]
        Total # of inputs        : 1
        Total # of product terms : 1
            Clock Enable: True
        Main Equation            : 1 pterm
        (
              !\UART_USB:BUART:txn\
        );
        Output = Net_548 (fanout=1)
        Properties               : 
        {
        }
}

LAB@[UDB=(0,1)][LB=1] #macrocells=1, #inputs=0, #pterms=0
{
    [McSlotId=0]:     MacroCell: Name=\UART_Bluetooth:BUART:tx_ctrl_mark_last\, Mode=(T-Register) @ [UDB=(0,1)][LB=1][MC=0]
        Total # of inputs        : 0
        Total # of product terms : 0
        List of special equations: 
            Clock  = (\UART_Bluetooth:Net_9\) => Global
            Clock Enable: True
        Main Equation            : 0 pterms
        (
            0
        );
        Output = \UART_Bluetooth:BUART:tx_ctrl_mark_last\ (fanout=8)
        Properties               : 
        {
        }

    [McSlotId=1]: (empty)
    [McSlotId=2]: (empty)
    [McSlotId=3]: (empty)
}

statusicell: Name =\UART_USB:BUART:sRX:RxSts\
    PORT MAP (
        clock => \UART_USB:Net_9\ ,
        status_5 => \UART_USB:BUART:rx_status_5\ ,
        status_4 => \UART_USB:BUART:rx_status_4\ ,
        status_3 => \UART_USB:BUART:rx_status_3\ ,
        interrupt => Net_547 );
    Properties:
    {
        cy_force_order = 1
        cy_int_mask = "1111111"
        cy_md_select = "1011111"
    }
    Clock Polarity: Active High
    Clock Enable: True

UDB [UDB=(0,2)] contents:
LAB@[UDB=(0,2)][LB=0] #macrocells=1, #inputs=4, #pterms=2
{
    [McSlotId=0]:     MacroCell: Name=\UART_Bluetooth:BUART:pollcount_0\, Mode=(D-Register) @ [UDB=(0,2)][LB=0][MC=0]
        Total # of inputs        : 4
        Total # of product terms : 2
        List of special equations: 
            Clock  = (\UART_Bluetooth:Net_9\) => Global
            Clock Enable: True
        Main Equation            : 2 pterms
        (
              !\UART_Bluetooth:BUART:rx_count_2\ * 
              !\UART_Bluetooth:BUART:rx_count_1\ * !Net_809 * 
              \UART_Bluetooth:BUART:pollcount_0\
            + !\UART_Bluetooth:BUART:rx_count_2\ * 
              !\UART_Bluetooth:BUART:rx_count_1\ * Net_809 * 
              !\UART_Bluetooth:BUART:pollcount_0\
        );
        Output = \UART_Bluetooth:BUART:pollcount_0\ (fanout=5)
        Properties               : 
        {
        }

    [McSlotId=1]: (empty)
    [McSlotId=2]: (empty)
    [McSlotId=3]: (empty)
}

LAB@[UDB=(0,2)][LB=1] #macrocells=3, #inputs=5, #pterms=3
{
    [McSlotId=0]:     MacroCell: Name=\PWM_LED_BRIGHTNESS:PWMUDB:runmode_enable\, Mode=(D-Register) @ [UDB=(0,2)][LB=1][MC=0]
        Total # of inputs        : 2
        Total # of product terms : 1
        List of special equations: 
            Clock  = (Net_310) => Global
            Clock Enable: True
        Main Equation            : 1 pterm
        (
              Net_538 * \PWM_LED_BRIGHTNESS:PWMUDB:control_7\
        );
        Output = \PWM_LED_BRIGHTNESS:PWMUDB:runmode_enable\ (fanout=2)
        Properties               : 
        {
        }

    [McSlotId=1]:     MacroCell: Name=\PWM_LED:PWMUDB:runmode_enable\, Mode=(D-Register) @ [UDB=(0,2)][LB=1][MC=1]
        Total # of inputs        : 1
        Total # of product terms : 1
        List of special equations: 
            Clock  = (Net_310) => Global
            Clock Enable: True
        Main Equation            : 1 pterm
        (
              \PWM_LED:PWMUDB:control_7\
        );
        Output = \PWM_LED:PWMUDB:runmode_enable\ (fanout=3)
        Properties               : 
        {
        }

    [McSlotId=2]:     MacroCell: Name=Net_538, Mode=(D-Register) @ [UDB=(0,2)][LB=1][MC=2]
        Total # of inputs        : 2
        Total # of product terms : 1
        List of special equations: 
            Clock  = (Net_310) => Global
            Clock Enable: True
        Main Equation            : 1 pterm
        (
              \PWM_LED:PWMUDB:runmode_enable\ * \PWM_LED:PWMUDB:cmp1_less\
        );
        Output = Net_538 (fanout=1)
        Properties               : 
        {
        }

    [McSlotId=3]: (empty)
}

datapathcell: Name =\PWM_LED:PWMUDB:sP16:pwmdp:u1\
    PORT MAP (
        clock => Net_310 ,
        cs_addr_2 => \PWM_LED:PWMUDB:tc_i\ ,
        cs_addr_1 => \PWM_LED:PWMUDB:runmode_enable\ ,
        cl0_comb => \PWM_LED:PWMUDB:cmp1_less\ ,
        z0_comb => \PWM_LED:PWMUDB:tc_i\ ,
        chain_in => \PWM_LED:PWMUDB:sP16:pwmdp:carry\ );
    Properties:
    {
        a0_init = "00000000"
        a1_init = "00000000"
        ce0_sync = 1
        ce1_sync = 1
        cl0_sync = 1
        cl1_sync = 1
        cmsb_sync = 1
        co_msb_sync = 1
        cy_dpconfig = "0000000001000000000000001100000001000000010000000000000011000000000000001100000000000000110000000000000011000000000000001100000011111111000000001111111111111111101011110000000000000100000011110000000000011000"
        d0_init = "00000000"
        d1_init = "00000000"
        f0_blk_sync = 1
        f0_bus_sync = 1
        f1_blk_sync = 1
        f1_bus_sync = 1
        ff0_sync = 1
        ff1_sync = 1
        ov_msb_sync = 1
        so_sync = 1
        z0_sync = 1
        z1_sync = 1
    }
    Clock Polarity: Active High
    Clock Enable: True
    Previous in chain : \PWM_LED:PWMUDB:sP16:pwmdp:u0\

controlcell: Name =\PWM_LED:PWMUDB:genblk1:ctrlreg\
    PORT MAP (
        clock => Net_310 ,
        control_7 => \PWM_LED:PWMUDB:control_7\ ,
        control_6 => \PWM_LED:PWMUDB:control_6\ ,
        control_5 => \PWM_LED:PWMUDB:control_5\ ,
        control_4 => \PWM_LED:PWMUDB:control_4\ ,
        control_3 => \PWM_LED:PWMUDB:control_3\ ,
        control_2 => \PWM_LED:PWMUDB:control_2\ ,
        control_1 => \PWM_LED:PWMUDB:control_1\ ,
        control_0 => \PWM_LED:PWMUDB:control_0\ );
    Properties:
    {
        cy_ctrl_mode_0 = "11111111"
        cy_ctrl_mode_1 = "00000000"
        cy_ext_reset = 0
        cy_force_order = 1
        cy_init_value = "00000000"
    }
    Clock Polarity: Active High
    Clock Enable: True

UDB [UDB=(0,3)] contents:
LAB@[UDB=(0,3)][LB=0] #macrocells=3, #inputs=4, #pterms=3
{
    [McSlotId=0]:     MacroCell: Name=Net_133, Mode=(Combinatorial) @ [UDB=(0,3)][LB=0][MC=0]
        Total # of inputs        : 1
        Total # of product terms : 1
            Clock Enable: True
        Main Equation            : 1 pterm
        (
              !Net_131
        );
        Output = Net_133 (fanout=1)
        Properties               : 
        {
        }

    [McSlotId=1]:     MacroCell: Name=Net_537, Mode=(D-Register) @ [UDB=(0,3)][LB=0][MC=1]
        Total # of inputs        : 2
        Total # of product terms : 1
        List of special equations: 
            Clock  = (Net_310) => Global
            Clock Enable: True
        Main Equation            : 1 pterm
        (
              \PWM_LED_BRIGHTNESS:PWMUDB:runmode_enable\ * 
              \PWM_LED_BRIGHTNESS:PWMUDB:cmp1_less\
        );
        Output = Net_537 (fanout=1)
        Properties               : 
        {
        }

    [McSlotId=2]: (empty)
    [McSlotId=3]:     MacroCell: Name=Net_802, Mode=(Combinatorial) @ [UDB=(0,3)][LB=0][MC=3]
        Total # of inputs        : 1
        Total # of product terms : 1
            Clock Enable: True
        Main Equation            : 1 pterm
        (
              !Net_787
        );
        Output = Net_802 (fanout=1)
        Properties               : 
        {
        }
}

LAB@[UDB=(0,3)][LB=1] #macrocells=3, #inputs=10, #pterms=7
{
    [McSlotId=0]:     MacroCell: Name=\UART_Bluetooth:BUART:rx_postpoll\, Mode=(Combinatorial) @ [UDB=(0,3)][LB=1][MC=0]
        Total # of inputs        : 3
        Total # of product terms : 2
            Clock Enable: True
        Main Equation            : 2 pterms
        (
              \UART_Bluetooth:BUART:pollcount_1\
            + Net_809 * \UART_Bluetooth:BUART:pollcount_0\
        );
        Output = \UART_Bluetooth:BUART:rx_postpoll\ (fanout=1)
        Properties               : 
        {
        }

    [McSlotId=1]:     MacroCell: Name=\UART_Bluetooth:BUART:rx_status_3\, Mode=(D-Register) @ [UDB=(0,3)][LB=1][MC=1]
        Total # of inputs        : 8
        Total # of product terms : 2
        List of special equations: 
            Clock  = (\UART_Bluetooth:Net_9\) => Global
            Clock Enable: True
        Main Equation            : 2 pterms
        (
              !\UART_Bluetooth:BUART:tx_ctrl_mark_last\ * 
              !\UART_Bluetooth:BUART:rx_state_0\ * 
              \UART_Bluetooth:BUART:rx_bitclk_enable\ * 
              \UART_Bluetooth:BUART:rx_state_3\ * 
              \UART_Bluetooth:BUART:rx_state_2\ * 
              !\UART_Bluetooth:BUART:pollcount_1\ * !Net_809
            + !\UART_Bluetooth:BUART:tx_ctrl_mark_last\ * 
              !\UART_Bluetooth:BUART:rx_state_0\ * 
              \UART_Bluetooth:BUART:rx_bitclk_enable\ * 
              \UART_Bluetooth:BUART:rx_state_3\ * 
              \UART_Bluetooth:BUART:rx_state_2\ * 
              !\UART_Bluetooth:BUART:pollcount_1\ * 
              !\UART_Bluetooth:BUART:pollcount_0\
        );
        Output = \UART_Bluetooth:BUART:rx_status_3\ (fanout=1)
        Properties               : 
        {
        }

    [McSlotId=2]: (empty)
    [McSlotId=3]:     MacroCell: Name=\UART_Bluetooth:BUART:pollcount_1\, Mode=(D-Register) @ [UDB=(0,3)][LB=1][MC=3]
        Total # of inputs        : 5
        Total # of product terms : 3
        List of special equations: 
            Clock  = (\UART_Bluetooth:Net_9\) => Global
            Clock Enable: True
        Main Equation            : 3 pterms
        (
              !\UART_Bluetooth:BUART:rx_count_2\ * 
              !\UART_Bluetooth:BUART:rx_count_1\ * 
              !\UART_Bluetooth:BUART:pollcount_1\ * Net_809 * 
              \UART_Bluetooth:BUART:pollcount_0\
            + !\UART_Bluetooth:BUART:rx_count_2\ * 
              !\UART_Bluetooth:BUART:rx_count_1\ * 
              \UART_Bluetooth:BUART:pollcount_1\ * !Net_809
            + !\UART_Bluetooth:BUART:rx_count_2\ * 
              !\UART_Bluetooth:BUART:rx_count_1\ * 
              \UART_Bluetooth:BUART:pollcount_1\ * 
              !\UART_Bluetooth:BUART:pollcount_0\
        );
        Output = \UART_Bluetooth:BUART:pollcount_1\ (fanout=4)
        Properties               : 
        {
        }
}

datapathcell: Name =\PWM_LED_BRIGHTNESS:PWMUDB:sP8:pwmdp:u0\
    PORT MAP (
        clock => Net_310 ,
        cs_addr_2 => \PWM_LED_BRIGHTNESS:PWMUDB:tc_i\ ,
        cs_addr_1 => \PWM_LED_BRIGHTNESS:PWMUDB:runmode_enable\ ,
        cl0_comb => \PWM_LED_BRIGHTNESS:PWMUDB:cmp1_less\ ,
        z0_comb => \PWM_LED_BRIGHTNESS:PWMUDB:tc_i\ );
    Properties:
    {
        a0_init = "00000000"
        a1_init = "00000000"
        ce0_sync = 1
        ce1_sync = 1
        cl0_sync = 1
        cl1_sync = 1
        cmsb_sync = 1
        co_msb_sync = 1
        cy_dpconfig = "0000000001000000000000001100000001000000010000000000000011000000000000001100000000000000110000000000000011000000000000001100000011111111000000001111111111111111101000000000000000000100000000000000000000011000"
        d0_init = "00000000"
        d1_init = "00000000"
        f0_blk_sync = 1
        f0_bus_sync = 1
        f1_blk_sync = 1
        f1_bus_sync = 1
        ff0_sync = 1
        ff1_sync = 1
        ov_msb_sync = 1
        so_sync = 1
        z0_sync = 1
        z1_sync = 1
    }
    Clock Polarity: Active High
    Clock Enable: True

controlcell: Name =\PWM_LED_BRIGHTNESS:PWMUDB:genblk1:ctrlreg\
    PORT MAP (
        clock => Net_310 ,
        control_7 => \PWM_LED_BRIGHTNESS:PWMUDB:control_7\ ,
        control_6 => \PWM_LED_BRIGHTNESS:PWMUDB:control_6\ ,
        control_5 => \PWM_LED_BRIGHTNESS:PWMUDB:control_5\ ,
        control_4 => \PWM_LED_BRIGHTNESS:PWMUDB:control_4\ ,
        control_3 => \PWM_LED_BRIGHTNESS:PWMUDB:control_3\ ,
        control_2 => \PWM_LED_BRIGHTNESS:PWMUDB:control_2\ ,
        control_1 => \PWM_LED_BRIGHTNESS:PWMUDB:control_1\ ,
        control_0 => \PWM_LED_BRIGHTNESS:PWMUDB:control_0\ );
    Properties:
    {
        cy_ctrl_mode_0 = "11111111"
        cy_ctrl_mode_1 = "00000000"
        cy_ext_reset = 0
        cy_force_order = 1
        cy_init_value = "00000000"
    }
    Clock Polarity: Active High
    Clock Enable: True

UDB [UDB=(0,4)] contents:
LAB@[UDB=(0,4)][LB=0] #macrocells=3, #inputs=11, #pterms=7
{
    [McSlotId=0]:     MacroCell: Name=\UART_Bluetooth:BUART:rx_state_2\, Mode=(T-Register) @ [UDB=(0,4)][LB=0][MC=0]
        Total # of inputs        : 10
        Total # of product terms : 5
        List of special equations: 
            Clock  = (\UART_Bluetooth:Net_9\) => Global
            Clock Enable: True
        Main Equation            : 5 pterms
        (
              !\UART_Bluetooth:BUART:tx_ctrl_mark_last\ * 
              !\UART_Bluetooth:BUART:rx_state_0\ * 
              \UART_Bluetooth:BUART:rx_bitclk_enable\ * 
              \UART_Bluetooth:BUART:rx_state_3\
            + !\UART_Bluetooth:BUART:tx_ctrl_mark_last\ * 
              !\UART_Bluetooth:BUART:rx_state_0\ * 
              \UART_Bluetooth:BUART:rx_bitclk_enable\ * 
              \UART_Bluetooth:BUART:rx_state_2\
            + !\UART_Bluetooth:BUART:tx_ctrl_mark_last\ * 
              !\UART_Bluetooth:BUART:rx_state_0\ * 
              !\UART_Bluetooth:BUART:rx_state_3\ * 
              !\UART_Bluetooth:BUART:rx_state_2\ * !Net_809 * 
              \UART_Bluetooth:BUART:rx_last\
            + !\UART_Bluetooth:BUART:tx_ctrl_mark_last\ * 
              \UART_Bluetooth:BUART:rx_state_0\ * 
              !\UART_Bluetooth:BUART:rx_state_3\ * 
              !\UART_Bluetooth:BUART:rx_state_2\ * 
              !\UART_Bluetooth:BUART:rx_count_6\ * 
              !\UART_Bluetooth:BUART:rx_count_5\
            + !\UART_Bluetooth:BUART:tx_ctrl_mark_last\ * 
              \UART_Bluetooth:BUART:rx_state_0\ * 
              !\UART_Bluetooth:BUART:rx_state_3\ * 
              !\UART_Bluetooth:BUART:rx_state_2\ * 
              !\UART_Bluetooth:BUART:rx_count_6\ * 
              !\UART_Bluetooth:BUART:rx_count_4\
        );
        Output = \UART_Bluetooth:BUART:rx_state_2\ (fanout=7)
        Properties               : 
        {
        }

    [McSlotId=1]:     MacroCell: Name=Net_813, Mode=(Combinatorial) @ [UDB=(0,4)][LB=0][MC=1]
        Total # of inputs        : 1
        Total # of product terms : 1
            Clock Enable: True
        Main Equation            : 1 pterm
        (
              !\UART_Bluetooth:BUART:txn\
        );
        Output = Net_813 (fanout=1)
        Properties               : 
        {
        }

    [McSlotId=2]:     MacroCell: Name=\UART_Bluetooth:BUART:rx_last\, Mode=(D-Register) @ [UDB=(0,4)][LB=0][MC=2]
        Total # of inputs        : 1
        Total # of product terms : 1
        List of special equations: 
            Clock  = (\UART_Bluetooth:Net_9\) => Global
            Clock Enable: True
        Main Equation            : 1 pterm
        (
              Net_809
        );
        Output = \UART_Bluetooth:BUART:rx_last\ (fanout=1)
        Properties               : 
        {
        }

    [McSlotId=3]: (empty)
}

LAB@[UDB=(0,4)][LB=1] #macrocells=1, #inputs=11, #pterms=4
{
    [McSlotId=0]:     MacroCell: Name=\UART_Bluetooth:BUART:rx_state_0\, Mode=(T-Register) @ [UDB=(0,4)][LB=1][MC=0]
        Total # of inputs        : 11
        Total # of product terms : 4
        List of special equations: 
            Clock  = (\UART_Bluetooth:Net_9\) => Global
            Clock Enable: True
        Main Equation            : 4 pterms
        (
              !\UART_Bluetooth:BUART:tx_ctrl_mark_last\ * 
              !\UART_Bluetooth:BUART:rx_state_0\ * 
              \UART_Bluetooth:BUART:rx_bitclk_enable\ * 
              !\UART_Bluetooth:BUART:rx_state_3\ * 
              \UART_Bluetooth:BUART:rx_state_2\ * 
              !\UART_Bluetooth:BUART:pollcount_1\ * !Net_809
            + !\UART_Bluetooth:BUART:tx_ctrl_mark_last\ * 
              !\UART_Bluetooth:BUART:rx_state_0\ * 
              \UART_Bluetooth:BUART:rx_bitclk_enable\ * 
              !\UART_Bluetooth:BUART:rx_state_3\ * 
              \UART_Bluetooth:BUART:rx_state_2\ * 
              !\UART_Bluetooth:BUART:pollcount_1\ * 
              !\UART_Bluetooth:BUART:pollcount_0\
            + !\UART_Bluetooth:BUART:tx_ctrl_mark_last\ * 
              \UART_Bluetooth:BUART:rx_state_0\ * 
              !\UART_Bluetooth:BUART:rx_state_3\ * 
              !\UART_Bluetooth:BUART:rx_state_2\ * 
              !\UART_Bluetooth:BUART:rx_count_6\ * 
              !\UART_Bluetooth:BUART:rx_count_5\
            + !\UART_Bluetooth:BUART:tx_ctrl_mark_last\ * 
              \UART_Bluetooth:BUART:rx_state_0\ * 
              !\UART_Bluetooth:BUART:rx_state_3\ * 
              !\UART_Bluetooth:BUART:rx_state_2\ * 
              !\UART_Bluetooth:BUART:rx_count_6\ * 
              !\UART_Bluetooth:BUART:rx_count_4\
        );
        Output = \UART_Bluetooth:BUART:rx_state_0\ (fanout=8)
        Properties               : 
        {
        }

    [McSlotId=1]: (empty)
    [McSlotId=2]: (empty)
    [McSlotId=3]: (empty)
}

UDB [UDB=(0,5)] contents:
LAB@[UDB=(0,5)][LB=0] #macrocells=3, #inputs=7, #pterms=6
{
    [McSlotId=0]:     MacroCell: Name=\UART_Bluetooth:BUART:tx_status_0\, Mode=(Combinatorial) @ [UDB=(0,5)][LB=0][MC=0]
        Total # of inputs        : 5
        Total # of product terms : 1
            Clock Enable: True
        Main Equation            : 1 pterm
        (
              !\UART_Bluetooth:BUART:tx_state_1\ * 
              !\UART_Bluetooth:BUART:tx_state_0\ * 
              \UART_Bluetooth:BUART:tx_bitclk_enable_pre\ * 
              \UART_Bluetooth:BUART:tx_fifo_empty\ * 
              \UART_Bluetooth:BUART:tx_state_2\
        );
        Output = \UART_Bluetooth:BUART:tx_status_0\ (fanout=1)
        Properties               : 
        {
        }

    [McSlotId=1]: (empty)
    [McSlotId=2]:     MacroCell: Name=\UART_Bluetooth:BUART:tx_status_2\, Mode=(Combinatorial) @ [UDB=(0,5)][LB=0][MC=2]
        Total # of inputs        : 1
        Total # of product terms : 1
            Clock Enable: True
        Main Equation            : 1 pterm
        (
              !\UART_Bluetooth:BUART:tx_fifo_notfull\
        );
        Output = \UART_Bluetooth:BUART:tx_status_2\ (fanout=1)
        Properties               : 
        {
        }

    [McSlotId=3]:     MacroCell: Name=\UART_Bluetooth:BUART:tx_state_0\, Mode=(T-Register) @ [UDB=(0,5)][LB=0][MC=3]
        Total # of inputs        : 6
        Total # of product terms : 4
        List of special equations: 
            Clock  = (\UART_Bluetooth:Net_9\) => Global
            Clock Enable: True
        Main Equation            : 4 pterms
        (
              !\UART_Bluetooth:BUART:tx_state_1\ * 
              !\UART_Bluetooth:BUART:tx_state_0\ * 
              \UART_Bluetooth:BUART:tx_bitclk_enable_pre\ * 
              !\UART_Bluetooth:BUART:tx_fifo_empty\
            + !\UART_Bluetooth:BUART:tx_state_1\ * 
              !\UART_Bluetooth:BUART:tx_state_0\ * 
              !\UART_Bluetooth:BUART:tx_fifo_empty\ * 
              !\UART_Bluetooth:BUART:tx_state_2\
            + \UART_Bluetooth:BUART:tx_state_1\ * 
              \UART_Bluetooth:BUART:tx_state_0\ * 
              \UART_Bluetooth:BUART:tx_bitclk_enable_pre\ * 
              \UART_Bluetooth:BUART:tx_fifo_empty\ * 
              \UART_Bluetooth:BUART:tx_state_2\
            + \UART_Bluetooth:BUART:tx_state_0\ * 
              !\UART_Bluetooth:BUART:tx_state_2\ * 
              \UART_Bluetooth:BUART:tx_bitclk\
        );
        Output = \UART_Bluetooth:BUART:tx_state_0\ (fanout=8)
        Properties               : 
        {
        }
}

LAB@[UDB=(0,5)][LB=1] #macrocells=1, #inputs=7, #pterms=5
{
    [McSlotId=0]:     MacroCell: Name=\UART_Bluetooth:BUART:txn\, Mode=(D-Register) @ [UDB=(0,5)][LB=1][MC=0]
        Total # of inputs        : 7
        Total # of product terms : 5
        List of special equations: 
            Clock  = (\UART_Bluetooth:Net_9\) => Global
            Clock Enable: True
        Main Equation            : 5 pterms
        (
              \UART_Bluetooth:BUART:txn\ * \UART_Bluetooth:BUART:tx_state_1\ * 
              !\UART_Bluetooth:BUART:tx_bitclk\
            + \UART_Bluetooth:BUART:txn\ * \UART_Bluetooth:BUART:tx_state_2\
            + !\UART_Bluetooth:BUART:tx_state_1\ * 
              \UART_Bluetooth:BUART:tx_state_0\ * 
              !\UART_Bluetooth:BUART:tx_shift_out\ * 
              !\UART_Bluetooth:BUART:tx_state_2\
            + !\UART_Bluetooth:BUART:tx_state_1\ * 
              \UART_Bluetooth:BUART:tx_state_0\ * 
              !\UART_Bluetooth:BUART:tx_state_2\ * 
              !\UART_Bluetooth:BUART:tx_bitclk\
            + \UART_Bluetooth:BUART:tx_state_1\ * 
              !\UART_Bluetooth:BUART:tx_state_0\ * 
              !\UART_Bluetooth:BUART:tx_shift_out\ * 
              !\UART_Bluetooth:BUART:tx_state_2\ * 
              !\UART_Bluetooth:BUART:tx_counter_dp\ * 
              \UART_Bluetooth:BUART:tx_bitclk\
        );
        Output = \UART_Bluetooth:BUART:txn\ (fanout=2)
        Properties               : 
        {
        }

    [McSlotId=1]: (empty)
    [McSlotId=2]: (empty)
    [McSlotId=3]: (empty)
}

datapathcell: Name =\UART_Bluetooth:BUART:sTX:TxShifter:u0\
    PORT MAP (
        clock => \UART_Bluetooth:Net_9\ ,
        cs_addr_2 => \UART_Bluetooth:BUART:tx_state_1\ ,
        cs_addr_1 => \UART_Bluetooth:BUART:tx_state_0\ ,
        cs_addr_0 => \UART_Bluetooth:BUART:tx_bitclk_enable_pre\ ,
        so_comb => \UART_Bluetooth:BUART:tx_shift_out\ ,
        f0_bus_stat_comb => \UART_Bluetooth:BUART:tx_fifo_notfull\ ,
        f0_blk_stat_comb => \UART_Bluetooth:BUART:tx_fifo_empty\ );
    Properties:
    {
        a0_init = "00000000"
        a1_init = "00000000"
        ce0_sync = 1
        ce1_sync = 1
        cl0_sync = 1
        cl1_sync = 1
        cmsb_sync = 1
        co_msb_sync = 1
        cy_dpconfig = "0000000000000000000000000000000000000000000000000000000011000000000000000000000000000010010000000000000000000000000000000000000011111111000000001111111111111111000000000000000001000100111100000000000000001100"
        d0_init = "00000000"
        d1_init = "00000000"
        f0_blk_sync = 1
        f0_bus_sync = 1
        f1_blk_sync = 1
        f1_bus_sync = 1
        ff0_sync = 1
        ff1_sync = 1
        ov_msb_sync = 1
        so_sync = 1
        z0_sync = 1
        z1_sync = 1
    }
    Clock Polarity: Active High
    Clock Enable: True

statusicell: Name =\UART_Bluetooth:BUART:sTX:TxSts\
    PORT MAP (
        clock => \UART_Bluetooth:Net_9\ ,
        status_3 => \UART_Bluetooth:BUART:tx_fifo_notfull\ ,
        status_2 => \UART_Bluetooth:BUART:tx_status_2\ ,
        status_1 => \UART_Bluetooth:BUART:tx_fifo_empty\ ,
        status_0 => \UART_Bluetooth:BUART:tx_status_0\ );
    Properties:
    {
        cy_force_order = 1
        cy_int_mask = "1111111"
        cy_md_select = "0000001"
    }
    Clock Polarity: Active High
    Clock Enable: True

UDB [UDB=(1,0)] contents:
LAB@[UDB=(1,0)][LB=0] #macrocells=4, #inputs=11, #pterms=8
{
    [McSlotId=0]:     MacroCell: Name=\UART_USB:BUART:rx_state_0\, Mode=(T-Register) @ [UDB=(1,0)][LB=0][MC=0]
        Total # of inputs        : 11
        Total # of product terms : 4
        List of special equations: 
            Clock  = (\UART_USB:Net_9\) => Global
            Clock Enable: True
        Main Equation            : 4 pterms
        (
              !\UART_USB:BUART:tx_ctrl_mark_last\ * 
              !\UART_USB:BUART:rx_state_0\ * 
              \UART_USB:BUART:rx_bitclk_enable\ * 
              !\UART_USB:BUART:rx_state_3\ * \UART_USB:BUART:rx_state_2\ * 
              !Net_544 * !MODIN2_1
            + !\UART_USB:BUART:tx_ctrl_mark_last\ * 
              !\UART_USB:BUART:rx_state_0\ * 
              \UART_USB:BUART:rx_bitclk_enable\ * 
              !\UART_USB:BUART:rx_state_3\ * \UART_USB:BUART:rx_state_2\ * 
              !MODIN2_1 * !MODIN2_0
            + !\UART_USB:BUART:tx_ctrl_mark_last\ * 
              \UART_USB:BUART:rx_state_0\ * !\UART_USB:BUART:rx_state_3\ * 
              !\UART_USB:BUART:rx_state_2\ * !MODIN5_6 * !MODIN5_5
            + !\UART_USB:BUART:tx_ctrl_mark_last\ * 
              \UART_USB:BUART:rx_state_0\ * !\UART_USB:BUART:rx_state_3\ * 
              !\UART_USB:BUART:rx_state_2\ * !MODIN5_6 * !MODIN5_4
        );
        Output = \UART_USB:BUART:rx_state_0\ (fanout=8)
        Properties               : 
        {
        }

    [McSlotId=1]:     MacroCell: Name=\UART_USB:BUART:rx_counter_load\, Mode=(Combinatorial) @ [UDB=(1,0)][LB=0][MC=1]
        Total # of inputs        : 4
        Total # of product terms : 1
            Clock Enable: True
        Main Equation            : 1 pterm
        (
              !\UART_USB:BUART:tx_ctrl_mark_last\ * 
              !\UART_USB:BUART:rx_state_0\ * !\UART_USB:BUART:rx_state_3\ * 
              !\UART_USB:BUART:rx_state_2\
        );
        Output = \UART_USB:BUART:rx_counter_load\ (fanout=2)
        Properties               : 
        {
        }

    [McSlotId=2]:     MacroCell: Name=\UART_USB:BUART:rx_state_3\, Mode=(T-Register) @ [UDB=(1,0)][LB=0][MC=2]
        Total # of inputs        : 8
        Total # of product terms : 3
        List of special equations: 
            Clock  = (\UART_USB:Net_9\) => Global
            Clock Enable: True
        Main Equation            : 3 pterms
        (
              !\UART_USB:BUART:tx_ctrl_mark_last\ * 
              !\UART_USB:BUART:rx_state_0\ * 
              \UART_USB:BUART:rx_bitclk_enable\ * \UART_USB:BUART:rx_state_3\ * 
              \UART_USB:BUART:rx_state_2\
            + !\UART_USB:BUART:tx_ctrl_mark_last\ * 
              \UART_USB:BUART:rx_state_0\ * !\UART_USB:BUART:rx_state_3\ * 
              !\UART_USB:BUART:rx_state_2\ * !MODIN5_6 * !MODIN5_5
            + !\UART_USB:BUART:tx_ctrl_mark_last\ * 
              \UART_USB:BUART:rx_state_0\ * !\UART_USB:BUART:rx_state_3\ * 
              !\UART_USB:BUART:rx_state_2\ * !MODIN5_6 * !MODIN5_4
        );
        Output = \UART_USB:BUART:rx_state_3\ (fanout=7)
        Properties               : 
        {
        }

    [McSlotId=3]:     MacroCell: Name=\UART_USB:BUART:rx_postpoll\, Mode=(Combinatorial) @ [UDB=(1,0)][LB=0][MC=3]
        Total # of inputs        : 3
        Total # of product terms : 2
            Clock Enable: True
        Main Equation            : 2 pterms
        (
              Net_544 * MODIN2_0
            + MODIN2_1
        );
        Output = \UART_USB:BUART:rx_postpoll\ (fanout=1)
        Properties               : 
        {
        }
}

LAB@[UDB=(1,0)][LB=1] #macrocells=4, #inputs=12, #pterms=8
{
    [McSlotId=0]:     MacroCell: Name=\UART_USB:BUART:rx_state_2\, Mode=(T-Register) @ [UDB=(1,0)][LB=1][MC=0]
        Total # of inputs        : 10
        Total # of product terms : 5
        List of special equations: 
            Clock  = (\UART_USB:Net_9\) => Global
            Clock Enable: True
        Main Equation            : 5 pterms
        (
              !\UART_USB:BUART:tx_ctrl_mark_last\ * 
              !\UART_USB:BUART:rx_state_0\ * 
              \UART_USB:BUART:rx_bitclk_enable\ * \UART_USB:BUART:rx_state_3\
            + !\UART_USB:BUART:tx_ctrl_mark_last\ * 
              !\UART_USB:BUART:rx_state_0\ * 
              \UART_USB:BUART:rx_bitclk_enable\ * \UART_USB:BUART:rx_state_2\
            + !\UART_USB:BUART:tx_ctrl_mark_last\ * 
              !\UART_USB:BUART:rx_state_0\ * !\UART_USB:BUART:rx_state_3\ * 
              !\UART_USB:BUART:rx_state_2\ * !Net_544 * 
              \UART_USB:BUART:rx_last\
            + !\UART_USB:BUART:tx_ctrl_mark_last\ * 
              \UART_USB:BUART:rx_state_0\ * !\UART_USB:BUART:rx_state_3\ * 
              !\UART_USB:BUART:rx_state_2\ * !MODIN5_6 * !MODIN5_5
            + !\UART_USB:BUART:tx_ctrl_mark_last\ * 
              \UART_USB:BUART:rx_state_0\ * !\UART_USB:BUART:rx_state_3\ * 
              !\UART_USB:BUART:rx_state_2\ * !MODIN5_6 * !MODIN5_4
        );
        Output = \UART_USB:BUART:rx_state_2\ (fanout=7)
        Properties               : 
        {
        }

    [McSlotId=1]:     MacroCell: Name=\UART_USB:BUART:rx_load_fifo\, Mode=(D-Register) @ [UDB=(1,0)][LB=1][MC=1]
        Total # of inputs        : 8
        Total # of product terms : 3
        List of special equations: 
            Clock  = (\UART_USB:Net_9\) => Global
            Clock Enable: True
        Main Equation            : 3 pterms
        (
              !\UART_USB:BUART:tx_ctrl_mark_last\ * 
              !\UART_USB:BUART:rx_state_0\ * 
              \UART_USB:BUART:rx_bitclk_enable\ * \UART_USB:BUART:rx_state_3\ * 
              !\UART_USB:BUART:rx_state_2\
            + !\UART_USB:BUART:tx_ctrl_mark_last\ * 
              \UART_USB:BUART:rx_state_0\ * !\UART_USB:BUART:rx_state_3\ * 
              !\UART_USB:BUART:rx_state_2\ * !MODIN5_6 * !MODIN5_5
            + !\UART_USB:BUART:tx_ctrl_mark_last\ * 
              \UART_USB:BUART:rx_state_0\ * !\UART_USB:BUART:rx_state_3\ * 
              !\UART_USB:BUART:rx_state_2\ * !MODIN5_6 * !MODIN5_4
        );
        Output = \UART_USB:BUART:rx_load_fifo\ (fanout=2)
        Properties               : 
        {
        }

    [McSlotId=2]:     MacroCell: Name=\UART_USB:BUART:rx_last\, Mode=(D-Register) @ [UDB=(1,0)][LB=1][MC=2]
        Total # of inputs        : 1
        Total # of product terms : 1
        List of special equations: 
            Clock  = (\UART_USB:Net_9\) => Global
            Clock Enable: True
        Main Equation            : 1 pterm
        (
              Net_544
        );
        Output = \UART_USB:BUART:rx_last\ (fanout=1)
        Properties               : 
        {
        }

    [McSlotId=3]:     MacroCell: Name=\UART_USB:BUART:rx_status_4\, Mode=(Combinatorial) @ [UDB=(1,0)][LB=1][MC=3]
        Total # of inputs        : 2
        Total # of product terms : 1
            Clock Enable: True
        Main Equation            : 1 pterm
        (
              \UART_USB:BUART:rx_load_fifo\ * \UART_USB:BUART:rx_fifofull\
        );
        Output = \UART_USB:BUART:rx_status_4\ (fanout=1)
        Properties               : 
        {
        }
}

datapathcell: Name =\UART_USB:BUART:sRX:RxShifter:u0\
    PORT MAP (
        clock => \UART_USB:Net_9\ ,
        cs_addr_2 => \UART_USB:BUART:tx_ctrl_mark_last\ ,
        cs_addr_1 => \UART_USB:BUART:rx_state_0\ ,
        cs_addr_0 => \UART_USB:BUART:rx_bitclk_enable\ ,
        route_si => \UART_USB:BUART:rx_postpoll\ ,
        f0_load => \UART_USB:BUART:rx_load_fifo\ ,
        f0_bus_stat_comb => \UART_USB:BUART:rx_fifonotempty\ ,
        f0_blk_stat_comb => \UART_USB:BUART:rx_fifofull\ );
    Properties:
    {
        a0_init = "00000000"
        a1_init = "00000000"
        ce0_sync = 1
        ce1_sync = 1
        cl0_sync = 1
        cl1_sync = 1
        cmsb_sync = 1
        co_msb_sync = 1
        cy_dpconfig = "0000000000000000000000000000000000000000000000000000001001000000000100000000000000010000001100000001000000000000000100100001000011111111000000001111111111111111101000000110001001000001111100000000000000001100"
        d0_init = "00000000"
        d1_init = "00000000"
        f0_blk_sync = 1
        f0_bus_sync = 1
        f1_blk_sync = 1
        f1_bus_sync = 1
        ff0_sync = 1
        ff1_sync = 1
        ov_msb_sync = 1
        so_sync = 1
        z0_sync = 1
        z1_sync = 1
    }
    Clock Polarity: Active High
    Clock Enable: True

count7cell: Name =\UART_USB:BUART:sRX:RxBitCounter\
    PORT MAP (
        clock => \UART_USB:Net_9\ ,
        load => \UART_USB:BUART:rx_counter_load\ ,
        count_6 => MODIN5_6 ,
        count_5 => MODIN5_5 ,
        count_4 => MODIN5_4 ,
        count_3 => MODIN5_3 ,
        count_2 => \UART_USB:BUART:rx_count_2\ ,
        count_1 => \UART_USB:BUART:rx_count_1\ ,
        count_0 => \UART_USB:BUART:rx_count_0\ ,
        tc => \UART_USB:BUART:rx_count7_tc\ );
    Properties:
    {
        cy_alt_mode = 0
        cy_init_value = "0000000"
        cy_period = "1110010"
        cy_route_en = 1
        cy_route_ld = 1
    }
    Clock Polarity: Active High
    Clock Enable: True

UDB [UDB=(1,1)] contents:
LAB@[UDB=(1,1)][LB=0] #macrocells=4, #inputs=8, #pterms=3
{
    [McSlotId=0]:     MacroCell: Name=\UART_USB:BUART:rx_state_stop1_reg\, Mode=(D-Register) @ [UDB=(1,1)][LB=0][MC=0]
        Total # of inputs        : 4
        Total # of product terms : 1
        List of special equations: 
            Clock  = (\UART_USB:Net_9\) => Global
            Clock Enable: True
        Main Equation            : 1 pterm
        !(
              !\UART_USB:BUART:tx_ctrl_mark_last\ * 
              !\UART_USB:BUART:rx_state_0\ * \UART_USB:BUART:rx_state_3\ * 
              \UART_USB:BUART:rx_state_2\
        );
        Output = \UART_USB:BUART:rx_state_stop1_reg\ (fanout=1)
        Properties               : 
        {
        }

    [McSlotId=1]:     MacroCell: Name=\UART_USB:BUART:tx_status_2\, Mode=(Combinatorial) @ [UDB=(1,1)][LB=0][MC=1]
        Total # of inputs        : 1
        Total # of product terms : 1
            Clock Enable: True
        Main Equation            : 1 pterm
        (
              !\UART_USB:BUART:tx_fifo_notfull\
        );
        Output = \UART_USB:BUART:tx_status_2\ (fanout=1)
        Properties               : 
        {
        }

    [McSlotId=2]:     MacroCell: Name=\UART_USB:BUART:tx_ctrl_mark_last\, Mode=(T-Register) @ [UDB=(1,1)][LB=0][MC=2]
        Total # of inputs        : 0
        Total # of product terms : 0
        List of special equations: 
            Clock  = (\UART_USB:Net_9\) => Global
            Clock Enable: True
        Main Equation            : 0 pterms
        (
            0
        );
        Output = \UART_USB:BUART:tx_ctrl_mark_last\ (fanout=8)
        Properties               : 
        {
        }

    [McSlotId=3]:     MacroCell: Name=\UART_USB:BUART:rx_bitclk_enable\, Mode=(D-Register) @ [UDB=(1,1)][LB=0][MC=3]
        Total # of inputs        : 3
        Total # of product terms : 1
        List of special equations: 
            Clock  = (\UART_USB:Net_9\) => Global
            Clock Enable: True
        Main Equation            : 1 pterm
        (
              !\UART_USB:BUART:rx_count_2\ * !\UART_USB:BUART:rx_count_1\ * 
              !\UART_USB:BUART:rx_count_0\
        );
        Output = \UART_USB:BUART:rx_bitclk_enable\ (fanout=6)
        Properties               : 
        {
        }
}

LAB@[UDB=(1,1)][LB=1] #macrocells=3, #inputs=10, #pterms=7
{
    [McSlotId=0]:     MacroCell: Name=MODIN2_1, Mode=(D-Register) @ [UDB=(1,1)][LB=1][MC=0]
        Total # of inputs        : 5
        Total # of product terms : 3
        List of special equations: 
            Clock  = (\UART_USB:Net_9\) => Global
            Clock Enable: True
        Main Equation            : 3 pterms
        (
              !\UART_USB:BUART:rx_count_2\ * !\UART_USB:BUART:rx_count_1\ * 
              !Net_544 * MODIN2_1
            + !\UART_USB:BUART:rx_count_2\ * !\UART_USB:BUART:rx_count_1\ * 
              Net_544 * !MODIN2_1 * MODIN2_0
            + !\UART_USB:BUART:rx_count_2\ * !\UART_USB:BUART:rx_count_1\ * 
              MODIN2_1 * !MODIN2_0
        );
        Output = MODIN2_1 (fanout=4)
        Properties               : 
        {
        }

    [McSlotId=1]:     MacroCell: Name=\UART_USB:BUART:rx_status_3\, Mode=(D-Register) @ [UDB=(1,1)][LB=1][MC=1]
        Total # of inputs        : 8
        Total # of product terms : 2
        List of special equations: 
            Clock  = (\UART_USB:Net_9\) => Global
            Clock Enable: True
        Main Equation            : 2 pterms
        (
              !\UART_USB:BUART:tx_ctrl_mark_last\ * 
              !\UART_USB:BUART:rx_state_0\ * 
              \UART_USB:BUART:rx_bitclk_enable\ * \UART_USB:BUART:rx_state_3\ * 
              \UART_USB:BUART:rx_state_2\ * !Net_544 * !MODIN2_1
            + !\UART_USB:BUART:tx_ctrl_mark_last\ * 
              !\UART_USB:BUART:rx_state_0\ * 
              \UART_USB:BUART:rx_bitclk_enable\ * \UART_USB:BUART:rx_state_3\ * 
              \UART_USB:BUART:rx_state_2\ * !MODIN2_1 * !MODIN2_0
        );
        Output = \UART_USB:BUART:rx_status_3\ (fanout=1)
        Properties               : 
        {
        }

    [McSlotId=2]:     MacroCell: Name=MODIN2_0, Mode=(D-Register) @ [UDB=(1,1)][LB=1][MC=2]
        Total # of inputs        : 4
        Total # of product terms : 2
        List of special equations: 
            Clock  = (\UART_USB:Net_9\) => Global
            Clock Enable: True
        Main Equation            : 2 pterms
        (
              !\UART_USB:BUART:rx_count_2\ * !\UART_USB:BUART:rx_count_1\ * 
              !Net_544 * MODIN2_0
            + !\UART_USB:BUART:rx_count_2\ * !\UART_USB:BUART:rx_count_1\ * 
              Net_544 * !MODIN2_0
        );
        Output = MODIN2_0 (fanout=5)
        Properties               : 
        {
        }

    [McSlotId=3]: (empty)
}

datapathcell: Name =\UART_USB:BUART:sTX:TxShifter:u0\
    PORT MAP (
        clock => \UART_USB:Net_9\ ,
        cs_addr_2 => \UART_USB:BUART:tx_state_1\ ,
        cs_addr_1 => \UART_USB:BUART:tx_state_0\ ,
        cs_addr_0 => \UART_USB:BUART:tx_bitclk_enable_pre\ ,
        so_comb => \UART_USB:BUART:tx_shift_out\ ,
        f0_bus_stat_comb => \UART_USB:BUART:tx_fifo_notfull\ ,
        f0_blk_stat_comb => \UART_USB:BUART:tx_fifo_empty\ );
    Properties:
    {
        a0_init = "00000000"
        a1_init = "00000000"
        ce0_sync = 1
        ce1_sync = 1
        cl0_sync = 1
        cl1_sync = 1
        cmsb_sync = 1
        co_msb_sync = 1
        cy_dpconfig = "0000000000000000000000000000000000000000000000000000000011000000000000000000000000000010010000000000000000000000000000000000000011111111000000001111111111111111000000000000000001000100111100000000000000001100"
        d0_init = "00000000"
        d1_init = "00000000"
        f0_blk_sync = 1
        f0_bus_sync = 1
        f1_blk_sync = 1
        f1_bus_sync = 1
        ff0_sync = 1
        ff1_sync = 1
        ov_msb_sync = 1
        so_sync = 1
        z0_sync = 1
        z1_sync = 1
    }
    Clock Polarity: Active High
    Clock Enable: True

statusicell: Name =\UART_USB:BUART:sTX:TxSts\
    PORT MAP (
        clock => \UART_USB:Net_9\ ,
        status_3 => \UART_USB:BUART:tx_fifo_notfull\ ,
        status_2 => \UART_USB:BUART:tx_status_2\ ,
        status_1 => \UART_USB:BUART:tx_fifo_empty\ ,
        status_0 => \UART_USB:BUART:tx_status_0\ );
    Properties:
    {
        cy_force_order = 1
        cy_int_mask = "1111111"
        cy_md_select = "0000001"
    }
    Clock Polarity: Active High
    Clock Enable: True

UDB [UDB=(1,2)] contents:
LAB@[UDB=(1,2)][LB=0] #macrocells=2, #inputs=9, #pterms=6
{
    [McSlotId=0]:     MacroCell: Name=\UART_USB:BUART:txn\, Mode=(D-Register) @ [UDB=(1,2)][LB=0][MC=0]
        Total # of inputs        : 7
        Total # of product terms : 5
        List of special equations: 
            Clock  = (\UART_USB:Net_9\) => Global
            Clock Enable: True
        Main Equation            : 5 pterms
        (
              \UART_USB:BUART:txn\ * \UART_USB:BUART:tx_state_1\ * 
              !\UART_USB:BUART:tx_bitclk\
            + \UART_USB:BUART:txn\ * \UART_USB:BUART:tx_state_2\
            + !\UART_USB:BUART:tx_state_1\ * \UART_USB:BUART:tx_state_0\ * 
              !\UART_USB:BUART:tx_shift_out\ * !\UART_USB:BUART:tx_state_2\
            + !\UART_USB:BUART:tx_state_1\ * \UART_USB:BUART:tx_state_0\ * 
              !\UART_USB:BUART:tx_state_2\ * !\UART_USB:BUART:tx_bitclk\
            + \UART_USB:BUART:tx_state_1\ * !\UART_USB:BUART:tx_state_0\ * 
              !\UART_USB:BUART:tx_shift_out\ * !\UART_USB:BUART:tx_state_2\ * 
              !\UART_USB:BUART:tx_counter_dp\ * \UART_USB:BUART:tx_bitclk\
        );
        Output = \UART_USB:BUART:txn\ (fanout=2)
        Properties               : 
        {
        }

    [McSlotId=1]: (empty)
    [McSlotId=2]:     MacroCell: Name=\UART_Bluetooth:BUART:rx_status_5\, Mode=(Combinatorial) @ [UDB=(1,2)][LB=0][MC=2]
        Total # of inputs        : 2
        Total # of product terms : 1
            Clock Enable: True
        Main Equation            : 1 pterm
        (
              \UART_Bluetooth:BUART:rx_fifonotempty\ * 
              \UART_Bluetooth:BUART:rx_state_stop1_reg\
        );
        Output = \UART_Bluetooth:BUART:rx_status_5\ (fanout=1)
        Properties               : 
        {
        }

    [McSlotId=3]: (empty)
}

LAB@[UDB=(1,2)][LB=1] #macrocells=2, #inputs=8, #pterms=4
{
    [McSlotId=0]: (empty)
    [McSlotId=1]:     MacroCell: Name=\UART_Bluetooth:BUART:rx_load_fifo\, Mode=(D-Register) @ [UDB=(1,2)][LB=1][MC=1]
        Total # of inputs        : 8
        Total # of product terms : 3
        List of special equations: 
            Clock  = (\UART_Bluetooth:Net_9\) => Global
            Clock Enable: True
        Main Equation            : 3 pterms
        (
              !\UART_Bluetooth:BUART:tx_ctrl_mark_last\ * 
              !\UART_Bluetooth:BUART:rx_state_0\ * 
              \UART_Bluetooth:BUART:rx_bitclk_enable\ * 
              \UART_Bluetooth:BUART:rx_state_3\ * 
              !\UART_Bluetooth:BUART:rx_state_2\
            + !\UART_Bluetooth:BUART:tx_ctrl_mark_last\ * 
              \UART_Bluetooth:BUART:rx_state_0\ * 
              !\UART_Bluetooth:BUART:rx_state_3\ * 
              !\UART_Bluetooth:BUART:rx_state_2\ * 
              !\UART_Bluetooth:BUART:rx_count_6\ * 
              !\UART_Bluetooth:BUART:rx_count_5\
            + !\UART_Bluetooth:BUART:tx_ctrl_mark_last\ * 
              \UART_Bluetooth:BUART:rx_state_0\ * 
              !\UART_Bluetooth:BUART:rx_state_3\ * 
              !\UART_Bluetooth:BUART:rx_state_2\ * 
              !\UART_Bluetooth:BUART:rx_count_6\ * 
              !\UART_Bluetooth:BUART:rx_count_4\
        );
        Output = \UART_Bluetooth:BUART:rx_load_fifo\ (fanout=2)
        Properties               : 
        {
        }

    [McSlotId=2]:     MacroCell: Name=\UART_Bluetooth:BUART:rx_state_stop1_reg\, Mode=(D-Register) @ [UDB=(1,2)][LB=1][MC=2]
        Total # of inputs        : 4
        Total # of product terms : 1
        List of special equations: 
            Clock  = (\UART_Bluetooth:Net_9\) => Global
            Clock Enable: True
        Main Equation            : 1 pterm
        !(
              !\UART_Bluetooth:BUART:tx_ctrl_mark_last\ * 
              !\UART_Bluetooth:BUART:rx_state_0\ * 
              \UART_Bluetooth:BUART:rx_state_3\ * 
              \UART_Bluetooth:BUART:rx_state_2\
        );
        Output = \UART_Bluetooth:BUART:rx_state_stop1_reg\ (fanout=1)
        Properties               : 
        {
        }

    [McSlotId=3]: (empty)
}

datapathcell: Name =\PWM_LED:PWMUDB:sP16:pwmdp:u0\
    PORT MAP (
        clock => Net_310 ,
        cs_addr_2 => \PWM_LED:PWMUDB:tc_i\ ,
        cs_addr_1 => \PWM_LED:PWMUDB:runmode_enable\ ,
        chain_out => \PWM_LED:PWMUDB:sP16:pwmdp:carry\ );
    Properties:
    {
        a0_init = "00000000"
        a1_init = "00000000"
        ce0_sync = 1
        ce1_sync = 1
        cl0_sync = 1
        cl1_sync = 1
        cmsb_sync = 1
        co_msb_sync = 1
        cy_dpconfig = "0000000001000000000000001100000001000000010000000000000011000000000000001100000000000000110000000000000011000000000000001100000011111111000000001111111111111111101000000000000000000100000000000000000000011000"
        d0_init = "00000000"
        d1_init = "00000000"
        f0_blk_sync = 1
        f0_bus_sync = 1
        f1_blk_sync = 1
        f1_bus_sync = 1
        ff0_sync = 1
        ff1_sync = 1
        ov_msb_sync = 1
        so_sync = 1
        z0_sync = 1
        z1_sync = 1
    }
    Clock Polarity: Active High
    Clock Enable: True
    Next in chain : \PWM_LED:PWMUDB:sP16:pwmdp:u1\

count7cell: Name =\UART_Bluetooth:BUART:sRX:RxBitCounter\
    PORT MAP (
        clock => \UART_Bluetooth:Net_9\ ,
        load => \UART_Bluetooth:BUART:rx_counter_load\ ,
        count_6 => \UART_Bluetooth:BUART:rx_count_6\ ,
        count_5 => \UART_Bluetooth:BUART:rx_count_5\ ,
        count_4 => \UART_Bluetooth:BUART:rx_count_4\ ,
        count_3 => \UART_Bluetooth:BUART:rx_count_3\ ,
        count_2 => \UART_Bluetooth:BUART:rx_count_2\ ,
        count_1 => \UART_Bluetooth:BUART:rx_count_1\ ,
        count_0 => \UART_Bluetooth:BUART:rx_count_0\ ,
        tc => \UART_Bluetooth:BUART:rx_count7_tc\ );
    Properties:
    {
        cy_alt_mode = 0
        cy_init_value = "0000000"
        cy_period = "1110010"
        cy_route_en = 1
        cy_route_ld = 1
    }
    Clock Polarity: Active High
    Clock Enable: True

UDB [UDB=(1,3)] contents:
LAB@[UDB=(1,3)][LB=0] #macrocells=3, #inputs=11, #pterms=5
{
    [McSlotId=0]:     MacroCell: Name=\UART_Bluetooth:BUART:rx_status_4\, Mode=(Combinatorial) @ [UDB=(1,3)][LB=0][MC=0]
        Total # of inputs        : 2
        Total # of product terms : 1
            Clock Enable: True
        Main Equation            : 1 pterm
        (
              \UART_Bluetooth:BUART:rx_load_fifo\ * 
              \UART_Bluetooth:BUART:rx_fifofull\
        );
        Output = \UART_Bluetooth:BUART:rx_status_4\ (fanout=1)
        Properties               : 
        {
        }

    [McSlotId=1]:     MacroCell: Name=\UART_Bluetooth:BUART:rx_state_3\, Mode=(T-Register) @ [UDB=(1,3)][LB=0][MC=1]
        Total # of inputs        : 8
        Total # of product terms : 3
        List of special equations: 
            Clock  = (\UART_Bluetooth:Net_9\) => Global
            Clock Enable: True
        Main Equation            : 3 pterms
        (
              !\UART_Bluetooth:BUART:tx_ctrl_mark_last\ * 
              !\UART_Bluetooth:BUART:rx_state_0\ * 
              \UART_Bluetooth:BUART:rx_bitclk_enable\ * 
              \UART_Bluetooth:BUART:rx_state_3\ * 
              \UART_Bluetooth:BUART:rx_state_2\
            + !\UART_Bluetooth:BUART:tx_ctrl_mark_last\ * 
              \UART_Bluetooth:BUART:rx_state_0\ * 
              !\UART_Bluetooth:BUART:rx_state_3\ * 
              !\UART_Bluetooth:BUART:rx_state_2\ * 
              !\UART_Bluetooth:BUART:rx_count_6\ * 
              !\UART_Bluetooth:BUART:rx_count_5\
            + !\UART_Bluetooth:BUART:tx_ctrl_mark_last\ * 
              \UART_Bluetooth:BUART:rx_state_0\ * 
              !\UART_Bluetooth:BUART:rx_state_3\ * 
              !\UART_Bluetooth:BUART:rx_state_2\ * 
              !\UART_Bluetooth:BUART:rx_count_6\ * 
              !\UART_Bluetooth:BUART:rx_count_4\
        );
        Output = \UART_Bluetooth:BUART:rx_state_3\ (fanout=7)
        Properties               : 
        {
        }

    [McSlotId=2]: (empty)
    [McSlotId=3]:     MacroCell: Name=Net_791, Mode=(Combinatorial) @ [UDB=(1,3)][LB=0][MC=3]
        Total # of inputs        : 1
        Total # of product terms : 1
            Clock Enable: True
        Main Equation            : 1 pterm
        (
              !Net_793
        );
        Output = Net_791 (fanout=1)
        Properties               : 
        {
        }
}

datapathcell: Name =\UART_Bluetooth:BUART:sRX:RxShifter:u0\
    PORT MAP (
        clock => \UART_Bluetooth:Net_9\ ,
        cs_addr_2 => \UART_Bluetooth:BUART:tx_ctrl_mark_last\ ,
        cs_addr_1 => \UART_Bluetooth:BUART:rx_state_0\ ,
        cs_addr_0 => \UART_Bluetooth:BUART:rx_bitclk_enable\ ,
        route_si => \UART_Bluetooth:BUART:rx_postpoll\ ,
        f0_load => \UART_Bluetooth:BUART:rx_load_fifo\ ,
        f0_bus_stat_comb => \UART_Bluetooth:BUART:rx_fifonotempty\ ,
        f0_blk_stat_comb => \UART_Bluetooth:BUART:rx_fifofull\ );
    Properties:
    {
        a0_init = "00000000"
        a1_init = "00000000"
        ce0_sync = 1
        ce1_sync = 1
        cl0_sync = 1
        cl1_sync = 1
        cmsb_sync = 1
        co_msb_sync = 1
        cy_dpconfig = "0000000000000000000000000000000000000000000000000000001001000000000100000000000000010000001100000001000000000000000100100001000011111111000000001111111111111111101000000110001001000001111100000000000000001100"
        d0_init = "00000000"
        d1_init = "00000000"
        f0_blk_sync = 1
        f0_bus_sync = 1
        f1_blk_sync = 1
        f1_bus_sync = 1
        ff0_sync = 1
        ff1_sync = 1
        ov_msb_sync = 1
        so_sync = 1
        z0_sync = 1
        z1_sync = 1
    }
    Clock Polarity: Active High
    Clock Enable: True

statusicell: Name =\UART_Bluetooth:BUART:sRX:RxSts\
    PORT MAP (
        clock => \UART_Bluetooth:Net_9\ ,
        status_5 => \UART_Bluetooth:BUART:rx_status_5\ ,
        status_4 => \UART_Bluetooth:BUART:rx_status_4\ ,
        status_3 => \UART_Bluetooth:BUART:rx_status_3\ ,
        interrupt => Net_812 );
    Properties:
    {
        cy_force_order = 1
        cy_int_mask = "1111111"
        cy_md_select = "1011111"
    }
    Clock Polarity: Active High
    Clock Enable: True

UDB [UDB=(1,4)] contents:
LAB@[UDB=(1,4)][LB=0] #macrocells=1, #inputs=6, #pterms=4
{
    [McSlotId=0]:     MacroCell: Name=\UART_USB:BUART:tx_state_2\, Mode=(T-Register) @ [UDB=(1,4)][LB=0][MC=0]
        Total # of inputs        : 6
        Total # of product terms : 4
        List of special equations: 
            Clock  = (\UART_USB:Net_9\) => Global
            Clock Enable: True
        Main Equation            : 4 pterms
        (
              !\UART_USB:BUART:tx_state_1\ * !\UART_USB:BUART:tx_state_0\ * 
              \UART_USB:BUART:tx_bitclk_enable_pre\ * 
              \UART_USB:BUART:tx_state_2\
            + \UART_USB:BUART:tx_state_1\ * \UART_USB:BUART:tx_state_0\ * 
              \UART_USB:BUART:tx_bitclk_enable_pre\ * 
              \UART_USB:BUART:tx_state_2\
            + \UART_USB:BUART:tx_state_1\ * \UART_USB:BUART:tx_state_0\ * 
              !\UART_USB:BUART:tx_state_2\ * \UART_USB:BUART:tx_bitclk\
            + \UART_USB:BUART:tx_state_1\ * !\UART_USB:BUART:tx_state_2\ * 
              \UART_USB:BUART:tx_counter_dp\ * \UART_USB:BUART:tx_bitclk\
        );
        Output = \UART_USB:BUART:tx_state_2\ (fanout=7)
        Properties               : 
        {
        }

    [McSlotId=1]: (empty)
    [McSlotId=2]: (empty)
    [McSlotId=3]: (empty)
}

LAB@[UDB=(1,4)][LB=1] #macrocells=3, #inputs=10, #pterms=6
{
    [McSlotId=0]:     MacroCell: Name=\UART_Bluetooth:BUART:rx_counter_load\, Mode=(Combinatorial) @ [UDB=(1,4)][LB=1][MC=0]
        Total # of inputs        : 4
        Total # of product terms : 1
            Clock Enable: True
        Main Equation            : 1 pterm
        (
              !\UART_Bluetooth:BUART:tx_ctrl_mark_last\ * 
              !\UART_Bluetooth:BUART:rx_state_0\ * 
              !\UART_Bluetooth:BUART:rx_state_3\ * 
              !\UART_Bluetooth:BUART:rx_state_2\
        );
        Output = \UART_Bluetooth:BUART:rx_counter_load\ (fanout=2)
        Properties               : 
        {
        }

    [McSlotId=1]: (empty)
    [McSlotId=2]:     MacroCell: Name=\UART_USB:BUART:counter_load_not\, Mode=(Combinatorial) @ [UDB=(1,4)][LB=1][MC=2]
        Total # of inputs        : 4
        Total # of product terms : 2
            Clock Enable: True
        Main Equation            : 2 pterms
        !(
              !\UART_USB:BUART:tx_state_1\ * !\UART_USB:BUART:tx_state_0\ * 
              \UART_USB:BUART:tx_bitclk_enable_pre\
            + !\UART_USB:BUART:tx_state_1\ * !\UART_USB:BUART:tx_state_0\ * 
              !\UART_USB:BUART:tx_state_2\
        );
        Output = \UART_USB:BUART:counter_load_not\ (fanout=1)
        Properties               : 
        {
        }

    [McSlotId=3]:     MacroCell: Name=\UART_USB:BUART:tx_state_1\, Mode=(T-Register) @ [UDB=(1,4)][LB=1][MC=3]
        Total # of inputs        : 6
        Total # of product terms : 3
        List of special equations: 
            Clock  = (\UART_USB:Net_9\) => Global
            Clock Enable: True
        Main Equation            : 3 pterms
        (
              \UART_USB:BUART:tx_state_1\ * \UART_USB:BUART:tx_state_0\ * 
              \UART_USB:BUART:tx_bitclk_enable_pre\ * 
              \UART_USB:BUART:tx_state_2\
            + \UART_USB:BUART:tx_state_1\ * !\UART_USB:BUART:tx_state_2\ * 
              \UART_USB:BUART:tx_counter_dp\ * \UART_USB:BUART:tx_bitclk\
            + \UART_USB:BUART:tx_state_0\ * !\UART_USB:BUART:tx_state_2\ * 
              \UART_USB:BUART:tx_bitclk\
        );
        Output = \UART_USB:BUART:tx_state_1\ (fanout=8)
        Properties               : 
        {
        }
}

datapathcell: Name =\UART_USB:BUART:sTX:sCLOCK:TxBitClkGen\
    PORT MAP (
        clock => \UART_USB:Net_9\ ,
        cs_addr_0 => \UART_USB:BUART:counter_load_not\ ,
        ce0_reg => \UART_USB:BUART:tx_bitclk_enable_pre\ ,
        ce1_reg => \UART_USB:BUART:tx_counter_dp\ );
    Properties:
    {
        a0_init = "00000000"
        a1_init = "00000000"
        ce0_sync = 1
        ce1_sync = 1
        cl0_sync = 1
        cl1_sync = 1
        cmsb_sync = 1
        co_msb_sync = 1
        cy_dpconfig = "1010100001000000001000000100000000000000000000000000000000000000000000000000000000000000000000000000000000000000000000000000000011111111000000001111111100000111001000000100000000000101111100000000000000001000"
        d0_init = "00000000"
        d1_init = "00000000"
        f0_blk_sync = 1
        f0_bus_sync = 1
        f1_blk_sync = 1
        f1_bus_sync = 1
        ff0_sync = 1
        ff1_sync = 1
        ov_msb_sync = 1
        so_sync = 1
        z0_sync = 1
        z1_sync = 1
    }
    Clock Polarity: Active High
    Clock Enable: True

UDB [UDB=(1,5)] contents:
LAB@[UDB=(1,5)][LB=0] #macrocells=3, #inputs=6, #pterms=8
{
    [McSlotId=0]:     MacroCell: Name=\UART_Bluetooth:BUART:tx_state_2\, Mode=(T-Register) @ [UDB=(1,5)][LB=0][MC=0]
        Total # of inputs        : 6
        Total # of product terms : 4
        List of special equations: 
            Clock  = (\UART_Bluetooth:Net_9\) => Global
            Clock Enable: True
        Main Equation            : 4 pterms
        (
              !\UART_Bluetooth:BUART:tx_state_1\ * 
              !\UART_Bluetooth:BUART:tx_state_0\ * 
              \UART_Bluetooth:BUART:tx_bitclk_enable_pre\ * 
              \UART_Bluetooth:BUART:tx_state_2\
            + \UART_Bluetooth:BUART:tx_state_1\ * 
              \UART_Bluetooth:BUART:tx_state_0\ * 
              \UART_Bluetooth:BUART:tx_bitclk_enable_pre\ * 
              \UART_Bluetooth:BUART:tx_state_2\
            + \UART_Bluetooth:BUART:tx_state_1\ * 
              \UART_Bluetooth:BUART:tx_state_0\ * 
              !\UART_Bluetooth:BUART:tx_state_2\ * 
              \UART_Bluetooth:BUART:tx_bitclk\
            + \UART_Bluetooth:BUART:tx_state_1\ * 
              !\UART_Bluetooth:BUART:tx_state_2\ * 
              \UART_Bluetooth:BUART:tx_counter_dp\ * 
              \UART_Bluetooth:BUART:tx_bitclk\
        );
        Output = \UART_Bluetooth:BUART:tx_state_2\ (fanout=7)
        Properties               : 
        {
        }

    [McSlotId=1]:     MacroCell: Name=\UART_Bluetooth:BUART:tx_bitclk\, Mode=(D-Register) @ [UDB=(1,5)][LB=0][MC=1]
        Total # of inputs        : 4
        Total # of product terms : 2
        List of special equations: 
            Clock  = (\UART_Bluetooth:Net_9\) => Global
            Clock Enable: True
        Main Equation            : 2 pterms
        !(
              !\UART_Bluetooth:BUART:tx_state_1\ * 
              !\UART_Bluetooth:BUART:tx_state_0\ * 
              \UART_Bluetooth:BUART:tx_state_2\
            + !\UART_Bluetooth:BUART:tx_bitclk_enable_pre\
        );
        Output = \UART_Bluetooth:BUART:tx_bitclk\ (fanout=4)
        Properties               : 
        {
        }

    [McSlotId=2]:     MacroCell: Name=\UART_Bluetooth:BUART:counter_load_not\, Mode=(Combinatorial) @ [UDB=(1,5)][LB=0][MC=2]
        Total # of inputs        : 4
        Total # of product terms : 2
            Clock Enable: True
        Main Equation            : 2 pterms
        !(
              !\UART_Bluetooth:BUART:tx_state_1\ * 
              !\UART_Bluetooth:BUART:tx_state_0\ * 
              \UART_Bluetooth:BUART:tx_bitclk_enable_pre\
            + !\UART_Bluetooth:BUART:tx_state_1\ * 
              !\UART_Bluetooth:BUART:tx_state_0\ * 
              !\UART_Bluetooth:BUART:tx_state_2\
        );
        Output = \UART_Bluetooth:BUART:counter_load_not\ (fanout=1)
        Properties               : 
        {
        }

    [McSlotId=3]: (empty)
}

LAB@[UDB=(1,5)][LB=1] #macrocells=2, #inputs=9, #pterms=4
{
    [McSlotId=0]:     MacroCell: Name=\UART_Bluetooth:BUART:tx_state_1\, Mode=(T-Register) @ [UDB=(1,5)][LB=1][MC=0]
        Total # of inputs        : 6
        Total # of product terms : 3
        List of special equations: 
            Clock  = (\UART_Bluetooth:Net_9\) => Global
            Clock Enable: True
        Main Equation            : 3 pterms
        (
              \UART_Bluetooth:BUART:tx_state_1\ * 
              \UART_Bluetooth:BUART:tx_state_0\ * 
              \UART_Bluetooth:BUART:tx_bitclk_enable_pre\ * 
              \UART_Bluetooth:BUART:tx_state_2\
            + \UART_Bluetooth:BUART:tx_state_1\ * 
              !\UART_Bluetooth:BUART:tx_state_2\ * 
              \UART_Bluetooth:BUART:tx_counter_dp\ * 
              \UART_Bluetooth:BUART:tx_bitclk\
            + \UART_Bluetooth:BUART:tx_state_0\ * 
              !\UART_Bluetooth:BUART:tx_state_2\ * 
              \UART_Bluetooth:BUART:tx_bitclk\
        );
        Output = \UART_Bluetooth:BUART:tx_state_1\ (fanout=8)
        Properties               : 
        {
        }

    [McSlotId=1]:     MacroCell: Name=\UART_Bluetooth:BUART:rx_bitclk_enable\, Mode=(D-Register) @ [UDB=(1,5)][LB=1][MC=1]
        Total # of inputs        : 3
        Total # of product terms : 1
        List of special equations: 
            Clock  = (\UART_Bluetooth:Net_9\) => Global
            Clock Enable: True
        Main Equation            : 1 pterm
        (
              !\UART_Bluetooth:BUART:rx_count_2\ * 
              !\UART_Bluetooth:BUART:rx_count_1\ * 
              !\UART_Bluetooth:BUART:rx_count_0\
        );
        Output = \UART_Bluetooth:BUART:rx_bitclk_enable\ (fanout=6)
        Properties               : 
        {
        }

    [McSlotId=2]: (empty)
    [McSlotId=3]: (empty)
}

datapathcell: Name =\UART_Bluetooth:BUART:sTX:sCLOCK:TxBitClkGen\
    PORT MAP (
        clock => \UART_Bluetooth:Net_9\ ,
        cs_addr_0 => \UART_Bluetooth:BUART:counter_load_not\ ,
        ce0_reg => \UART_Bluetooth:BUART:tx_bitclk_enable_pre\ ,
        ce1_reg => \UART_Bluetooth:BUART:tx_counter_dp\ );
    Properties:
    {
        a0_init = "00000000"
        a1_init = "00000000"
        ce0_sync = 1
        ce1_sync = 1
        cl0_sync = 1
        cl1_sync = 1
        cmsb_sync = 1
        co_msb_sync = 1
        cy_dpconfig = "1010100001000000001000000100000000000000000000000000000000000000000000000000000000000000000000000000000000000000000000000000000011111111000000001111111100000111001000000100000000000101111100000000000000001000"
        d0_init = "00000000"
        d1_init = "00000000"
        f0_blk_sync = 1
        f0_bus_sync = 1
        f1_blk_sync = 1
        f1_bus_sync = 1
        ff0_sync = 1
        ff1_sync = 1
        ov_msb_sync = 1
        so_sync = 1
        z0_sync = 1
        z1_sync = 1
    }
    Clock Polarity: Active High
    Clock Enable: True

UDB [UDB=(2,0)] contents:
LAB@[UDB=(2,0)][LB=0] #macrocells=1, #inputs=6, #pterms=4
{
    [McSlotId=0]: (empty)
    [McSlotId=1]: (empty)
    [McSlotId=2]:     MacroCell: Name=\UART_USB:BUART:tx_state_0\, Mode=(T-Register) @ [UDB=(2,0)][LB=0][MC=2]
        Total # of inputs        : 6
        Total # of product terms : 4
        List of special equations: 
            Clock  = (\UART_USB:Net_9\) => Global
            Clock Enable: True
        Main Equation            : 4 pterms
        (
              !\UART_USB:BUART:tx_state_1\ * !\UART_USB:BUART:tx_state_0\ * 
              \UART_USB:BUART:tx_bitclk_enable_pre\ * 
              !\UART_USB:BUART:tx_fifo_empty\
            + !\UART_USB:BUART:tx_state_1\ * !\UART_USB:BUART:tx_state_0\ * 
              !\UART_USB:BUART:tx_fifo_empty\ * !\UART_USB:BUART:tx_state_2\
            + \UART_USB:BUART:tx_state_1\ * \UART_USB:BUART:tx_state_0\ * 
              \UART_USB:BUART:tx_bitclk_enable_pre\ * 
              \UART_USB:BUART:tx_fifo_empty\ * \UART_USB:BUART:tx_state_2\
            + \UART_USB:BUART:tx_state_0\ * !\UART_USB:BUART:tx_state_2\ * 
              \UART_USB:BUART:tx_bitclk\
        );
        Output = \UART_USB:BUART:tx_state_0\ (fanout=8)
        Properties               : 
        {
        }

    [McSlotId=3]: (empty)
}

LAB@[UDB=(2,0)][LB=1] #macrocells=1, #inputs=5, #pterms=1
{
    [McSlotId=0]: (empty)
    [McSlotId=1]:     MacroCell: Name=\UART_USB:BUART:tx_status_0\, Mode=(Combinatorial) @ [UDB=(2,0)][LB=1][MC=1]
        Total # of inputs        : 5
        Total # of product terms : 1
            Clock Enable: True
        Main Equation            : 1 pterm
        (
              !\UART_USB:BUART:tx_state_1\ * !\UART_USB:BUART:tx_state_0\ * 
              \UART_USB:BUART:tx_bitclk_enable_pre\ * 
              \UART_USB:BUART:tx_fifo_empty\ * \UART_USB:BUART:tx_state_2\
        );
        Output = \UART_USB:BUART:tx_status_0\ (fanout=1)
        Properties               : 
        {
        }

    [McSlotId=2]: (empty)
    [McSlotId=3]: (empty)
}

datapathcell: Name =\PWM_Motor:PWMUDB:sP16:pwmdp:u0\
    PORT MAP (
        clock => Net_163 ,
        cs_addr_2 => \PWM_Motor:PWMUDB:tc_i\ ,
        cs_addr_1 => \PWM_Motor:PWMUDB:runmode_enable\ ,
        chain_out => \PWM_Motor:PWMUDB:sP16:pwmdp:carry\ );
    Properties:
    {
        a0_init = "00000000"
        a1_init = "00000000"
        ce0_sync = 1
        ce1_sync = 1
        cl0_sync = 1
        cl1_sync = 1
        cmsb_sync = 1
        co_msb_sync = 1
        cy_dpconfig = "0000000001000000000000001100000001000000010000000000000011000000000000001100000000000000110000000000000011000000000000001100000011111111000000001111111111111111101000000000000000000100000000000000000000011000"
        d0_init = "00000000"
        d1_init = "00000000"
        f0_blk_sync = 1
        f0_bus_sync = 1
        f1_blk_sync = 1
        f1_bus_sync = 1
        ff0_sync = 1
        ff1_sync = 1
        ov_msb_sync = 1
        so_sync = 1
        z0_sync = 1
        z1_sync = 1
    }
    Clock Polarity: Active High
    Clock Enable: True
    Next in chain : \PWM_Motor:PWMUDB:sP16:pwmdp:u1\

UDB [UDB=(2,1)] is empty.
UDB [UDB=(2,2)] is empty.
UDB [UDB=(2,3)] is empty.
UDB [UDB=(2,4)] is empty.
UDB [UDB=(2,5)] contents:
LAB@[UDB=(2,5)][LB=0] #macrocells=1, #inputs=0, #pterms=0
{
    [McSlotId=0]: (empty)
    [McSlotId=1]: (empty)
    [McSlotId=2]:     MacroCell: Name=__ONE__, Mode=(Combinatorial) @ [UDB=(2,5)][LB=0][MC=2]
        Total # of inputs        : 0
        Total # of product terms : 0
            Clock Enable: True
        Main Equation            : 0 pterms
        !(
            0
        );
        Output = __ONE__ (fanout=4)
        Properties               : 
        {
        }

    [McSlotId=3]: (empty)
}

UDB [UDB=(3,0)] contents:
LAB@[UDB=(3,0)][LB=0] #macrocells=3, #inputs=4, #pterms=3
{
    [McSlotId=0]:     MacroCell: Name=\PWM_Motor:PWMUDB:runmode_enable\, Mode=(D-Register) @ [UDB=(3,0)][LB=0][MC=0]
        Total # of inputs        : 1
        Total # of product terms : 1
        List of special equations: 
            Clock  = (Net_163) => Global
            Clock Enable: True
        Main Equation            : 1 pterm
        (
              \PWM_Motor:PWMUDB:control_7\
        );
        Output = \PWM_Motor:PWMUDB:runmode_enable\ (fanout=4)
        Properties               : 
        {
        }

    [McSlotId=1]:     MacroCell: Name=Net_180, Mode=(D-Register) @ [UDB=(3,0)][LB=0][MC=1]
        Total # of inputs        : 2
        Total # of product terms : 1
        List of special equations: 
            Clock  = (Net_163) => Global
            Clock Enable: True
        Main Equation            : 1 pterm
        (
              \PWM_Motor:PWMUDB:runmode_enable\ * 
              \PWM_Motor:PWMUDB:cmp1_less\
        );
        Output = Net_180 (fanout=1)
        Properties               : 
        {
        }

    [McSlotId=2]:     MacroCell: Name=Net_194, Mode=(D-Register) @ [UDB=(3,0)][LB=0][MC=2]
        Total # of inputs        : 2
        Total # of product terms : 1
        List of special equations: 
            Clock  = (Net_163) => Global
            Clock Enable: True
        Main Equation            : 1 pterm
        (
              \PWM_Motor:PWMUDB:runmode_enable\ * 
              \PWM_Motor:PWMUDB:cmp2_less\
        );
        Output = Net_194 (fanout=1)
        Properties               : 
        {
        }

    [McSlotId=3]: (empty)
}

LAB@[UDB=(3,0)][LB=1] #macrocells=1, #inputs=4, #pterms=2
{
    [McSlotId=0]: (empty)
    [McSlotId=1]:     MacroCell: Name=\UART_USB:BUART:tx_bitclk\, Mode=(D-Register) @ [UDB=(3,0)][LB=1][MC=1]
        Total # of inputs        : 4
        Total # of product terms : 2
        List of special equations: 
            Clock  = (\UART_USB:Net_9\) => Global
            Clock Enable: True
        Main Equation            : 2 pterms
        !(
              !\UART_USB:BUART:tx_state_1\ * !\UART_USB:BUART:tx_state_0\ * 
              \UART_USB:BUART:tx_state_2\
            + !\UART_USB:BUART:tx_bitclk_enable_pre\
        );
        Output = \UART_USB:BUART:tx_bitclk\ (fanout=4)
        Properties               : 
        {
        }

    [McSlotId=2]: (empty)
    [McSlotId=3]: (empty)
}

datapathcell: Name =\PWM_Motor:PWMUDB:sP16:pwmdp:u1\
    PORT MAP (
        clock => Net_163 ,
        cs_addr_2 => \PWM_Motor:PWMUDB:tc_i\ ,
        cs_addr_1 => \PWM_Motor:PWMUDB:runmode_enable\ ,
        cl0_comb => \PWM_Motor:PWMUDB:cmp1_less\ ,
        z0_comb => \PWM_Motor:PWMUDB:tc_i\ ,
        cl1_comb => \PWM_Motor:PWMUDB:cmp2_less\ ,
        chain_in => \PWM_Motor:PWMUDB:sP16:pwmdp:carry\ );
    Properties:
    {
        a0_init = "00000000"
        a1_init = "00000000"
        ce0_sync = 1
        ce1_sync = 1
        cl0_sync = 1
        cl1_sync = 1
        cmsb_sync = 1
        co_msb_sync = 1
        cy_dpconfig = "0000000001000000000000001100000001000000010000000000000011000000000000001100000000000000110000000000000011000000000000001100000011111111000000001111111111111111101011110000000000000100000011110000000000011000"
        d0_init = "00000000"
        d1_init = "00000000"
        f0_blk_sync = 1
        f0_bus_sync = 1
        f1_blk_sync = 1
        f1_bus_sync = 1
        ff0_sync = 1
        ff1_sync = 1
        ov_msb_sync = 1
        so_sync = 1
        z0_sync = 1
        z1_sync = 1
    }
    Clock Polarity: Active High
    Clock Enable: True
    Previous in chain : \PWM_Motor:PWMUDB:sP16:pwmdp:u0\

controlcell: Name =\PWM_Motor:PWMUDB:genblk1:ctrlreg\
    PORT MAP (
        clock => Net_163 ,
        control_7 => \PWM_Motor:PWMUDB:control_7\ ,
        control_6 => \PWM_Motor:PWMUDB:control_6\ ,
        control_5 => \PWM_Motor:PWMUDB:control_5\ ,
        control_4 => \PWM_Motor:PWMUDB:control_4\ ,
        control_3 => \PWM_Motor:PWMUDB:control_3\ ,
        control_2 => \PWM_Motor:PWMUDB:control_2\ ,
        control_1 => \PWM_Motor:PWMUDB:control_1\ ,
        control_0 => \PWM_Motor:PWMUDB:control_0\ );
    Properties:
    {
        cy_ctrl_mode_0 = "11111111"
        cy_ctrl_mode_1 = "00000000"
        cy_ext_reset = 0
        cy_force_order = 1
        cy_init_value = "00000000"
    }
    Clock Polarity: Active High
    Clock Enable: True

UDB [UDB=(3,1)] is empty.
UDB [UDB=(3,2)] is empty.
UDB [UDB=(3,3)] is empty.
UDB [UDB=(3,4)] is empty.
UDB [UDB=(3,5)] is empty.
Intr container @ [IntrContainer=(0)]: 
  Intr@ [IntrContainer=(0)][IntrId=(0)] 
    interrupt: Name =\UART_Bluetooth:RXInternalInterrupt\
        PORT MAP (
            interrupt => Net_812 );
        Properties:
        {
            int_type = "10"
            is_nmi = 0
        }
  Intr@ [IntrContainer=(0)][IntrId=(1)] 
    interrupt: Name =\UART_USB:RXInternalInterrupt\
        PORT MAP (
            interrupt => Net_547 );
        Properties:
        {
            int_type = "10"
            is_nmi = 0
        }
  Intr@ [IntrContainer=(0)][IntrId=(2)] 
    interrupt: Name =isr_Inc_Motor_Encoder_L
        PORT MAP (
            interrupt => Net_802 );
        Properties:
        {
            int_type = "10"
            is_nmi = 0
        }
  Intr@ [IntrContainer=(0)][IntrId=(3)] 
    interrupt: Name =isr_Inc_Motor_Encoder_R
        PORT MAP (
            interrupt => Net_791 );
        Properties:
        {
            int_type = "10"
            is_nmi = 0
        }
  Intr@ [IntrContainer=(0)][IntrId=(4)] 
    interrupt: Name =isr_Toggle_Sleep
        PORT MAP (
            interrupt => Net_133 );
        Properties:
        {
            int_type = "10"
            is_nmi = 0
        }
  Intr@ [IntrContainer=(0)][IntrId=(15)] 
    interrupt: Name =\I2C_GY87:I2C_IRQ\
        PORT MAP (
            interrupt => \I2C_GY87:Net_697\ );
        Properties:
        {
            int_type = "00"
            is_nmi = 0
        }
  Intr@ [IntrContainer=(0)][IntrId=(17)] 
    interrupt: Name =isr_Sample_GY87
        PORT MAP (
            interrupt => Net_621 );
        Properties:
        {
            int_type = "10"
            is_nmi = 0
        }
  Intr@ [IntrContainer=(0)][IntrId=(18)] 
    interrupt: Name =isr_Eval_Motor_Encoder
        PORT MAP (
            interrupt => Net_750 );
        Properties:
        {
            int_type = "10"
            is_nmi = 0
        }
  Intr@ [IntrContainer=(0)][IntrId=(19)] 
    interrupt: Name =isr_UART_Eval
        PORT MAP (
            interrupt => Net_818 );
        Properties:
        {
            int_type = "10"
            is_nmi = 0
        }
  Intr@ [IntrContainer=(0)][IntrId=(20)] 
    interrupt: Name =isr_UART_Send
        PORT MAP (
            interrupt => Net_830 );
        Properties:
        {
            int_type = "10"
            is_nmi = 0
        }
Drq container @ [DrqContainer=(0)]: empty
Port 0 contains the following IO cells:
Port 1 contains the following IO cells:
[IoId=4]: 
Pin : Name = Pin_DRDY(0)
    Attributes:
        In Group/Port: True
        In Sync Option: NOSYNC
        Out Sync Option: AUTO
        Interrupt generated: False
        Interrupt mode: NONE
        Drive mode: HI_Z_DIGITAL
        VTrip: CMOS
        Slew: FAST
        Input Sync needed: False
        Output Sync needed: False
        SC shield enabled: False
        POR State: ANY
        LCD Mode: COMMON
        Register Mode: RegComb
        CaSense Mode: NEITHER
        Treat as pin: True
        Is OE Registered: False
        Uses Analog: False
        Can contain Digital: True
        Is SIO: False
        SIO Output Buf: NONREGULATED
        SIO Input Buf: SINGLE_ENDED
        SIO HiFreq: LOW
        SIO Hyst: DISABLED
        SIO Vtrip: MULTIPLIER_0_5
        SIO Multiplier Index: 0
        SIO RefSel: VCC_IO
        Required Capabilities: DIGITAL
        Initial Value: 0
        IO Voltage: 0
    PORT MAP (
        pa_out => Pin_DRDY(0)__PA ,
        pad => Pin_DRDY(0)_PAD );
    Properties:
    {
    }

[IoId=5]: 
Pin : Name = Pin_INTA(0)
    Attributes:
        In Group/Port: True
        In Sync Option: NOSYNC
        Out Sync Option: AUTO
        Interrupt generated: False
        Interrupt mode: NONE
        Drive mode: HI_Z_DIGITAL
        VTrip: CMOS
        Slew: FAST
        Input Sync needed: False
        Output Sync needed: False
        SC shield enabled: False
        POR State: ANY
        LCD Mode: COMMON
        Register Mode: RegComb
        CaSense Mode: NEITHER
        Treat as pin: True
        Is OE Registered: False
        Uses Analog: False
        Can contain Digital: True
        Is SIO: False
        SIO Output Buf: NONREGULATED
        SIO Input Buf: SINGLE_ENDED
        SIO HiFreq: LOW
        SIO Hyst: DISABLED
        SIO Vtrip: MULTIPLIER_0_5
        SIO Multiplier Index: 0
        SIO RefSel: VCC_IO
        Required Capabilities: DIGITAL
        Initial Value: 0
        IO Voltage: 0
    PORT MAP (
        pa_out => Pin_INTA(0)__PA ,
        pad => Pin_INTA(0)_PAD );
    Properties:
    {
    }

Port 2 contains the following IO cells:
[IoId=1]: 
Pin : Name = Pin_LED(0)
    Attributes:
        In Group/Port: True
        In Sync Option: AUTO
        Out Sync Option: NOSYNC
        Interrupt generated: False
        Interrupt mode: NONE
        Drive mode: CMOS_OUT
        VTrip: EITHER
        Slew: FAST
        Input Sync needed: False
        Output Sync needed: False
        SC shield enabled: False
        POR State: ANY
        LCD Mode: COMMON
        Register Mode: RegComb
        CaSense Mode: NEITHER
        Treat as pin: True
        Is OE Registered: False
        Uses Analog: False
        Can contain Digital: True
        Is SIO: False
        SIO Output Buf: NONREGULATED
        SIO Input Buf: SINGLE_ENDED
        SIO HiFreq: LOW
        SIO Hyst: DISABLED
        SIO Vtrip: MULTIPLIER_0_5
        SIO Multiplier Index: 0
        SIO RefSel: VCC_IO
        Required Capabilities: DIGITAL, ROUTABLE
        Initial Value: 0
        IO Voltage: 0
    PORT MAP (
        pa_out => Pin_LED(0)__PA ,
        pin_input => Net_537 ,
        pad => Pin_LED(0)_PAD );
    Properties:
    {
    }

[IoId=2]: 
Pin : Name = Pin_SW1(0)
    Attributes:
        In Group/Port: True
        In Sync Option: NOSYNC
        Out Sync Option: AUTO
        Interrupt generated: False
        Interrupt mode: NONE
        Drive mode: RES_PULL_UP_DOWN
        VTrip: CMOS
        Slew: FAST
        Input Sync needed: False
        Output Sync needed: False
        SC shield enabled: False
        POR State: ANY
        LCD Mode: COMMON
        Register Mode: RegComb
        CaSense Mode: NEITHER
        Treat as pin: True
        Is OE Registered: False
        Uses Analog: False
        Can contain Digital: True
        Is SIO: False
        SIO Output Buf: NONREGULATED
        SIO Input Buf: SINGLE_ENDED
        SIO HiFreq: LOW
        SIO Hyst: DISABLED
        SIO Vtrip: MULTIPLIER_0_5
        SIO Multiplier Index: 0
        SIO RefSel: VCC_IO
        Required Capabilities: DIGITAL, ROUTABLE
        Initial Value: 1
        IO Voltage: 0
    PORT MAP (
        pa_out => Pin_SW1(0)__PA ,
        fb => Net_131 ,
        pad => Pin_SW1(0)_PAD );
    Properties:
    {
    }

[IoId=6]: 
Pin : Name = Rx_Blu(0)
    Attributes:
        In Group/Port: True
        In Sync Option: SYNC
        Out Sync Option: AUTO
        Interrupt generated: False
        Interrupt mode: NONE
        Drive mode: HI_Z_DIGITAL
        VTrip: CMOS
        Slew: FAST
        Input Sync needed: True
        Output Sync needed: False
        SC shield enabled: False
        POR State: ANY
        LCD Mode: COMMON
        Register Mode: RegComb
        CaSense Mode: NEITHER
        Treat as pin: True
        Is OE Registered: False
        Uses Analog: False
        Can contain Digital: True
        Is SIO: False
        SIO Output Buf: NONREGULATED
        SIO Input Buf: SINGLE_ENDED
        SIO HiFreq: LOW
        SIO Hyst: DISABLED
        SIO Vtrip: MULTIPLIER_0_5
        SIO Multiplier Index: 0
        SIO RefSel: VCC_IO
        Required Capabilities: DIGITAL, ROUTABLE
        Initial Value: 0
        IO Voltage: 0
    PORT MAP (
        pa_out => Rx_Blu(0)__PA ,
        fb => Net_809 ,
        pad => Rx_Blu(0)_PAD );
    Properties:
    {
    }

[IoId=7]: 
Pin : Name = Tx_Blu(0)
    Attributes:
        In Group/Port: True
        In Sync Option: AUTO
        Out Sync Option: NOSYNC
        Interrupt generated: False
        Interrupt mode: NONE
        Drive mode: CMOS_OUT
        VTrip: EITHER
        Slew: FAST
        Input Sync needed: False
        Output Sync needed: False
        SC shield enabled: False
        POR State: ANY
        LCD Mode: COMMON
        Register Mode: RegComb
        CaSense Mode: NEITHER
        Treat as pin: True
        Is OE Registered: False
        Uses Analog: False
        Can contain Digital: True
        Is SIO: False
        SIO Output Buf: NONREGULATED
        SIO Input Buf: SINGLE_ENDED
        SIO HiFreq: LOW
        SIO Hyst: DISABLED
        SIO Vtrip: MULTIPLIER_0_5
        SIO Multiplier Index: 0
        SIO RefSel: VCC_IO
        Required Capabilities: DIGITAL, ROUTABLE
        Initial Value: 1
        IO Voltage: 0
    PORT MAP (
        pa_out => Tx_Blu(0)__PA ,
        pin_input => Net_813 ,
        pad => Tx_Blu(0)_PAD );
    Properties:
    {
    }

Port 3 contains the following IO cells:
[IoId=3]: 
Pin : Name = Pin_Motor_EN_L(0)
    Attributes:
        In Group/Port: True
        In Sync Option: AUTO
        Out Sync Option: NOSYNC
        Interrupt generated: False
        Interrupt mode: NONE
        Drive mode: CMOS_OUT
        VTrip: EITHER
        Slew: FAST
        Input Sync needed: False
        Output Sync needed: False
        SC shield enabled: False
        POR State: ANY
        LCD Mode: COMMON
        Register Mode: RegComb
        CaSense Mode: NEITHER
        Treat as pin: True
        Is OE Registered: False
        Uses Analog: False
        Can contain Digital: True
        Is SIO: False
        SIO Output Buf: NONREGULATED
        SIO Input Buf: SINGLE_ENDED
        SIO HiFreq: LOW
        SIO Hyst: DISABLED
        SIO Vtrip: MULTIPLIER_0_5
        SIO Multiplier Index: 0
        SIO RefSel: VCC_IO
        Required Capabilities: DIGITAL, ROUTABLE
        Initial Value: 0
        IO Voltage: 0
    PORT MAP (
        pa_out => Pin_Motor_EN_L(0)__PA ,
        pin_input => Net_180 ,
        pad => Pin_Motor_EN_L(0)_PAD );
    Properties:
    {
    }

[IoId=4]: 
Pin : Name = Pin_Motor_In_1(0)
    Attributes:
        In Group/Port: True
        In Sync Option: AUTO
        Out Sync Option: NOSYNC
        Interrupt generated: False
        Interrupt mode: NONE
        Drive mode: CMOS_OUT
        VTrip: EITHER
        Slew: FAST
        Input Sync needed: False
        Output Sync needed: False
        SC shield enabled: False
        POR State: ANY
        LCD Mode: COMMON
        Register Mode: RegComb
        CaSense Mode: NEITHER
        Treat as pin: True
        Is OE Registered: False
        Uses Analog: False
        Can contain Digital: True
        Is SIO: False
        SIO Output Buf: NONREGULATED
        SIO Input Buf: SINGLE_ENDED
        SIO HiFreq: LOW
        SIO Hyst: DISABLED
        SIO Vtrip: MULTIPLIER_0_5
        SIO Multiplier Index: 0
        SIO RefSel: VCC_IO
        Required Capabilities: DIGITAL
        Initial Value: 0
        IO Voltage: 0
    PORT MAP (
        pa_out => Pin_Motor_In_1(0)__PA ,
        pad => Pin_Motor_In_1(0)_PAD );
    Properties:
    {
    }

[IoId=5]: 
Pin : Name = Pin_Motor_In_2(0)
    Attributes:
        In Group/Port: True
        In Sync Option: AUTO
        Out Sync Option: NOSYNC
        Interrupt generated: False
        Interrupt mode: NONE
        Drive mode: CMOS_OUT
        VTrip: EITHER
        Slew: FAST
        Input Sync needed: False
        Output Sync needed: False
        SC shield enabled: False
        POR State: ANY
        LCD Mode: COMMON
        Register Mode: RegComb
        CaSense Mode: NEITHER
        Treat as pin: True
        Is OE Registered: False
        Uses Analog: False
        Can contain Digital: True
        Is SIO: False
        SIO Output Buf: NONREGULATED
        SIO Input Buf: SINGLE_ENDED
        SIO HiFreq: LOW
        SIO Hyst: DISABLED
        SIO Vtrip: MULTIPLIER_0_5
        SIO Multiplier Index: 0
        SIO RefSel: VCC_IO
        Required Capabilities: DIGITAL
        Initial Value: 0
        IO Voltage: 0
    PORT MAP (
        pa_out => Pin_Motor_In_2(0)__PA ,
        pad => Pin_Motor_In_2(0)_PAD );
    Properties:
    {
    }

[IoId=6]: 
Pin : Name = Pin_Motor_In_3(0)
    Attributes:
        In Group/Port: True
        In Sync Option: AUTO
        Out Sync Option: NOSYNC
        Interrupt generated: False
        Interrupt mode: NONE
        Drive mode: CMOS_OUT
        VTrip: EITHER
        Slew: FAST
        Input Sync needed: False
        Output Sync needed: False
        SC shield enabled: False
        POR State: ANY
        LCD Mode: COMMON
        Register Mode: RegComb
        CaSense Mode: NEITHER
        Treat as pin: True
        Is OE Registered: False
        Uses Analog: False
        Can contain Digital: True
        Is SIO: False
        SIO Output Buf: NONREGULATED
        SIO Input Buf: SINGLE_ENDED
        SIO HiFreq: LOW
        SIO Hyst: DISABLED
        SIO Vtrip: MULTIPLIER_0_5
        SIO Multiplier Index: 0
        SIO RefSel: VCC_IO
        Required Capabilities: DIGITAL
        Initial Value: 0
        IO Voltage: 0
    PORT MAP (
        pa_out => Pin_Motor_In_3(0)__PA ,
        pad => Pin_Motor_In_3(0)_PAD );
    Properties:
    {
    }

[IoId=7]: 
Pin : Name = Pin_Motor_In_4(0)
    Attributes:
        In Group/Port: True
        In Sync Option: AUTO
        Out Sync Option: NOSYNC
        Interrupt generated: False
        Interrupt mode: NONE
        Drive mode: CMOS_OUT
        VTrip: EITHER
        Slew: FAST
        Input Sync needed: False
        Output Sync needed: False
        SC shield enabled: False
        POR State: ANY
        LCD Mode: COMMON
        Register Mode: RegComb
        CaSense Mode: NEITHER
        Treat as pin: True
        Is OE Registered: False
        Uses Analog: False
        Can contain Digital: True
        Is SIO: False
        SIO Output Buf: NONREGULATED
        SIO Input Buf: SINGLE_ENDED
        SIO HiFreq: LOW
        SIO Hyst: DISABLED
        SIO Vtrip: MULTIPLIER_0_5
        SIO Multiplier Index: 0
        SIO RefSel: VCC_IO
        Required Capabilities: DIGITAL
        Initial Value: 0
        IO Voltage: 0
    PORT MAP (
        pa_out => Pin_Motor_In_4(0)__PA ,
        pad => Pin_Motor_In_4(0)_PAD );
    Properties:
    {
    }

Port 12 contains the following IO cells:
[IoId=0]: 
Pin : Name = Pin_SCL(0)
    Attributes:
        In Group/Port: True
        In Sync Option: SYNC
        Out Sync Option: NOSYNC
        Interrupt generated: False
        Interrupt mode: NONE
        Drive mode: OPEN_DRAIN_LO
        VTrip: CMOS
        Slew: FAST
        Input Sync needed: True
        Output Sync needed: False
        SC shield enabled: False
        POR State: ANY
        LCD Mode: COMMON
        Register Mode: RegComb
        CaSense Mode: NEITHER
        Treat as pin: True
        Is OE Registered: False
        Uses Analog: False
        Can contain Digital: True
        Is SIO: False
        SIO Output Buf: NONREGULATED
        SIO Input Buf: SINGLE_ENDED
        SIO HiFreq: LOW
        SIO Hyst: DISABLED
        SIO Vtrip: MULTIPLIER_0_5
        SIO Multiplier Index: 0
        SIO RefSel: VCC_IO
        Required Capabilities: DIGITAL, ROUTABLE
        Initial Value: 1
        IO Voltage: 0
    PORT MAP (
        pa_out => Pin_SCL(0)__PA ,
        fb => \I2C_GY87:Net_1109_0\ ,
        pin_input => \I2C_GY87:Net_643_0\ ,
        pad => Pin_SCL(0)_PAD );
    Properties:
    {
    }

[IoId=1]: 
Pin : Name = Pin_SDA(0)
    Attributes:
        In Group/Port: True
        In Sync Option: SYNC
        Out Sync Option: NOSYNC
        Interrupt generated: False
        Interrupt mode: NONE
        Drive mode: OPEN_DRAIN_LO
        VTrip: CMOS
        Slew: FAST
        Input Sync needed: True
        Output Sync needed: False
        SC shield enabled: False
        POR State: ANY
        LCD Mode: COMMON
        Register Mode: RegComb
        CaSense Mode: NEITHER
        Treat as pin: True
        Is OE Registered: False
        Uses Analog: False
        Can contain Digital: True
        Is SIO: False
        SIO Output Buf: NONREGULATED
        SIO Input Buf: SINGLE_ENDED
        SIO HiFreq: LOW
        SIO Hyst: DISABLED
        SIO Vtrip: MULTIPLIER_0_5
        SIO Multiplier Index: 0
        SIO RefSel: VCC_IO
        Required Capabilities: DIGITAL, ROUTABLE
        Initial Value: 1
        IO Voltage: 0
    PORT MAP (
        pa_out => Pin_SDA(0)__PA ,
        fb => \I2C_GY87:Net_1109_1\ ,
        pin_input => \I2C_GY87:sda_x_wire\ ,
        pad => Pin_SDA(0)_PAD );
    Properties:
    {
    }

[IoId=2]: 
Pin : Name = Pin_Motor_Encoder_R(0)
    Attributes:
        In Group/Port: True
        In Sync Option: NOSYNC
        Out Sync Option: AUTO
        Interrupt generated: False
        Interrupt mode: NONE
        Drive mode: RES_PULL_UP_DOWN
        VTrip: CMOS
        Slew: FAST
        Input Sync needed: False
        Output Sync needed: False
        SC shield enabled: False
        POR State: ANY
        LCD Mode: COMMON
        Register Mode: RegComb
        CaSense Mode: NEITHER
        Treat as pin: True
        Is OE Registered: False
        Uses Analog: False
        Can contain Digital: True
        Is SIO: True
        SIO Output Buf: NONREGULATED
        SIO Input Buf: DIFFERENTIAL
        SIO HiFreq: HIGH
        SIO Hyst: ENABLED
        SIO Vtrip: MULTIPLIER_0_4_OR_1
        SIO Multiplier Index: 0
        SIO RefSel: VCC_IO
        Required Capabilities: DIGITAL, ROUTABLE, SIO
        Initial Value: 1
        IO Voltage: 0
    PORT MAP (
        pa_out => Pin_Motor_Encoder_R(0)__PA ,
        fb => Net_793 ,
        pad => Pin_Motor_Encoder_R(0)_PAD );
    Properties:
    {
    }

[IoId=4]: 
Pin : Name = Pin_Motor_Encoder_L(0)
    Attributes:
        In Group/Port: True
        In Sync Option: NOSYNC
        Out Sync Option: AUTO
        Interrupt generated: False
        Interrupt mode: NONE
        Drive mode: RES_PULL_UP_DOWN
        VTrip: CMOS
        Slew: FAST
        Input Sync needed: False
        Output Sync needed: False
        SC shield enabled: False
        POR State: ANY
        LCD Mode: COMMON
        Register Mode: RegComb
        CaSense Mode: NEITHER
        Treat as pin: True
        Is OE Registered: False
        Uses Analog: False
        Can contain Digital: True
        Is SIO: True
        SIO Output Buf: NONREGULATED
        SIO Input Buf: DIFFERENTIAL
        SIO HiFreq: HIGH
        SIO Hyst: ENABLED
        SIO Vtrip: MULTIPLIER_0_4_OR_1
        SIO Multiplier Index: 0
        SIO RefSel: VCC_IO
        Required Capabilities: DIGITAL, ROUTABLE, SIO
        Initial Value: 1
        IO Voltage: 0
    PORT MAP (
        pa_out => Pin_Motor_Encoder_L(0)__PA ,
        fb => Net_787 ,
        pad => Pin_Motor_Encoder_L(0)_PAD );
    Properties:
    {
    }

[IoId=6]: 
Pin : Name = Rx_USB(0)
    Attributes:
        In Group/Port: True
        In Sync Option: SYNC
        Out Sync Option: AUTO
        Interrupt generated: False
        Interrupt mode: NONE
        Drive mode: HI_Z_DIGITAL
        VTrip: CMOS
        Slew: FAST
        Input Sync needed: True
        Output Sync needed: False
        SC shield enabled: False
        POR State: ANY
        LCD Mode: COMMON
        Register Mode: RegComb
        CaSense Mode: NEITHER
        Treat as pin: True
        Is OE Registered: False
        Uses Analog: False
        Can contain Digital: True
        Is SIO: False
        SIO Output Buf: NONREGULATED
        SIO Input Buf: SINGLE_ENDED
        SIO HiFreq: LOW
        SIO Hyst: DISABLED
        SIO Vtrip: MULTIPLIER_0_5
        SIO Multiplier Index: 0
        SIO RefSel: VCC_IO
        Required Capabilities: DIGITAL, ROUTABLE
        Initial Value: 0
        IO Voltage: 0
    PORT MAP (
        pa_out => Rx_USB(0)__PA ,
        fb => Net_544 ,
        pad => Rx_USB(0)_PAD );
    Properties:
    {
    }

[IoId=7]: 
Pin : Name = Tx_USB(0)
    Attributes:
        In Group/Port: True
        In Sync Option: AUTO
        Out Sync Option: NOSYNC
        Interrupt generated: False
        Interrupt mode: NONE
        Drive mode: CMOS_OUT
        VTrip: EITHER
        Slew: FAST
        Input Sync needed: False
        Output Sync needed: False
        SC shield enabled: False
        POR State: ANY
        LCD Mode: COMMON
        Register Mode: RegComb
        CaSense Mode: NEITHER
        Treat as pin: True
        Is OE Registered: False
        Uses Analog: False
        Can contain Digital: True
        Is SIO: False
        SIO Output Buf: NONREGULATED
        SIO Input Buf: SINGLE_ENDED
        SIO HiFreq: LOW
        SIO Hyst: DISABLED
        SIO Vtrip: MULTIPLIER_0_5
        SIO Multiplier Index: 0
        SIO RefSel: VCC_IO
        Required Capabilities: DIGITAL, ROUTABLE
        Initial Value: 1
        IO Voltage: 0
    PORT MAP (
        pa_out => Tx_USB(0)__PA ,
        pin_input => Net_548 ,
        pad => Tx_USB(0)_PAD );
    Properties:
    {
    }

Port 15 contains the following IO cells:
[IoId=0]: 
Pin : Name = Pin_Motor_EN_R(0)
    Attributes:
        In Group/Port: True
        In Sync Option: AUTO
        Out Sync Option: NOSYNC
        Interrupt generated: False
        Interrupt mode: NONE
        Drive mode: CMOS_OUT
        VTrip: EITHER
        Slew: FAST
        Input Sync needed: False
        Output Sync needed: False
        SC shield enabled: False
        POR State: ANY
        LCD Mode: COMMON
        Register Mode: RegComb
        CaSense Mode: NEITHER
        Treat as pin: True
        Is OE Registered: False
        Uses Analog: False
        Can contain Digital: True
        Is SIO: False
        SIO Output Buf: NONREGULATED
        SIO Input Buf: SINGLE_ENDED
        SIO HiFreq: LOW
        SIO Hyst: DISABLED
        SIO Vtrip: MULTIPLIER_0_5
        SIO Multiplier Index: 0
        SIO RefSel: VCC_IO
        Required Capabilities: DIGITAL, ROUTABLE
        Initial Value: 0
        IO Voltage: 0
    PORT MAP (
        pa_out => Pin_Motor_EN_R(0)__PA ,
        pin_input => Net_194 ,
        pad => Pin_Motor_EN_R(0)_PAD );
    Properties:
    {
    }

ARM group 0: empty
CAN group 0: empty
Cache group 0: empty
CapSense group 0: empty
Clock group 0: 
    Clock Block @ F(Clock,0): 
    clockblockcell: Name =ClockBlock
        PORT MAP (
            imo => ClockBlock_IMO ,
            pllout => ClockBlock_PLL_OUT ,
            ilo => ClockBlock_ILO ,
            clk_100k => ClockBlock_100k ,
            clk_1k => ClockBlock_1k ,
            clk_32k => ClockBlock_32k ,
            xtal => ClockBlock_XTAL ,
            clk_32k_xtal => ClockBlock_XTAL_32KHZ ,
            clk_sync => ClockBlock_MASTER_CLK ,
            clk_bus_glb => ClockBlock_BUS_CLK ,
            clk_bus => ClockBlock_BUS_CLK_local ,
            dclk_glb_0 => Net_163 ,
            dclk_0 => Net_163_local ,
            dclk_glb_1 => \UART_USB:Net_9\ ,
            dclk_1 => \UART_USB:Net_9_local\ ,
            dclk_glb_2 => \UART_Bluetooth:Net_9\ ,
            dclk_2 => \UART_Bluetooth:Net_9_local\ ,
            dclk_glb_3 => Net_751 ,
            dclk_3 => Net_751_local ,
            dclk_glb_4 => Net_822 ,
            dclk_4 => Net_822_local ,
            dclk_glb_5 => Net_10 ,
            dclk_5 => Net_10_local ,
            dclk_glb_6 => Net_310 ,
            dclk_6 => Net_310_local );
        Properties:
        {
        }
Comparator group 0: empty
DFB group 0: empty
DSM group 0: empty
Decimator group 0: empty
EMIF group 0: empty
I2C group 0: 
    I2C Block @ F(I2C,0): 
    i2ccell: Name =\I2C_GY87:I2C_FF\
        PORT MAP (
            clock => ClockBlock_BUS_CLK ,
            scl_in => \I2C_GY87:Net_1109_0\ ,
            sda_in => \I2C_GY87:Net_1109_1\ ,
            scl_out => \I2C_GY87:Net_643_0\ ,
            sda_out => \I2C_GY87:sda_x_wire\ ,
            interrupt => \I2C_GY87:Net_697\ );
        Properties:
        {
            cy_registers = ""
            use_wakeup = 0
        }
LCD group 0: empty
LVD group 0: empty
PICU group 0: empty
PM group 0: empty
SC group 0: empty
SPC group 0: empty
Timer group 0: 
    Timer Block @ F(Timer,0): 
    timercell: Name =\Timer_GY87_Sample:TimerHW\
        PORT MAP (
            clock => Net_10 ,
            enable => __ONE__ ,
            tc => \Timer_GY87_Sample:Net_51\ ,
            cmp => \Timer_GY87_Sample:Net_261\ ,
            irq => Net_621 );
        Properties:
        {
            cy_registers = ""
        }
    Timer Block @ F(Timer,1): 
    timercell: Name =\Timer_Motor_Encoder_Eval:TimerHW\
        PORT MAP (
            clock => Net_751 ,
            enable => __ONE__ ,
            tc => \Timer_Motor_Encoder_Eval:Net_51\ ,
            cmp => \Timer_Motor_Encoder_Eval:Net_261\ ,
            irq => Net_750 );
        Properties:
        {
            cy_registers = ""
        }
    Timer Block @ F(Timer,2): 
    timercell: Name =\Timer_UART_Eval:TimerHW\
        PORT MAP (
            clock => Net_822 ,
            enable => __ONE__ ,
            tc => \Timer_UART_Eval:Net_51\ ,
            cmp => \Timer_UART_Eval:Net_261\ ,
            irq => Net_818 );
        Properties:
        {
            cy_registers = ""
        }
    Timer Block @ F(Timer,3): 
    timercell: Name =\Timer_UART_Send:TimerHW\
        PORT MAP (
            clock => Net_822 ,
            enable => __ONE__ ,
            tc => \Timer_UART_Send:Net_51\ ,
            cmp => \Timer_UART_Send:Net_261\ ,
            irq => Net_830 );
        Properties:
        {
            cy_registers = ""
        }
USB group 0: empty
VIDAC group 0: empty
OpAmp group 0: empty
CsAbuf group 0: empty
Vref group 0: empty
LPF group 0: empty
SAR group 0: empty
ANAIF group 0: empty
PHUB group 0: empty
</CYPRESSTAG>
<CYPRESSTAG name="Port Configuration Details">

------------------------------------------------------------
Port Configuration report
------------------------------------------------------------
     |     |       | Interrupt |                  |                        | 
Port | Pin | Fixed |      Type |       Drive Mode |                   Name | Connections
-----+-----+-------+-----------+------------------+------------------------+-----------------------------------------------------
   1 |   4 |     * |      NONE |     HI_Z_DIGITAL |            Pin_DRDY(0) | 
     |   5 |     * |      NONE |     HI_Z_DIGITAL |            Pin_INTA(0) | 
-----+-----+-------+-----------+------------------+------------------------+-----------------------------------------------------
   2 |   1 |     * |      NONE |         CMOS_OUT |             Pin_LED(0) | In(Net_537)
     |   2 |     * |      NONE | RES_PULL_UP_DOWN |             Pin_SW1(0) | FB(Net_131)
     |   6 |     * |      NONE |     HI_Z_DIGITAL |              Rx_Blu(0) | FB(Net_809)
     |   7 |     * |      NONE |         CMOS_OUT |              Tx_Blu(0) | In(Net_813)
-----+-----+-------+-----------+------------------+------------------------+-----------------------------------------------------
   3 |   3 |     * |      NONE |         CMOS_OUT |      Pin_Motor_EN_L(0) | In(Net_180)
     |   4 |     * |      NONE |         CMOS_OUT |      Pin_Motor_In_1(0) | 
     |   5 |     * |      NONE |         CMOS_OUT |      Pin_Motor_In_2(0) | 
     |   6 |     * |      NONE |         CMOS_OUT |      Pin_Motor_In_3(0) | 
     |   7 |     * |      NONE |         CMOS_OUT |      Pin_Motor_In_4(0) | 
-----+-----+-------+-----------+------------------+------------------------+-----------------------------------------------------
  12 |   0 |     * |      NONE |    OPEN_DRAIN_LO |             Pin_SCL(0) | FB(\I2C_GY87:Net_1109_0\), In(\I2C_GY87:Net_643_0\)
     |   1 |     * |      NONE |    OPEN_DRAIN_LO |             Pin_SDA(0) | FB(\I2C_GY87:Net_1109_1\), In(\I2C_GY87:sda_x_wire\)
     |   2 |     * |      NONE | RES_PULL_UP_DOWN | Pin_Motor_Encoder_R(0) | FB(Net_793)
     |   4 |     * |      NONE | RES_PULL_UP_DOWN | Pin_Motor_Encoder_L(0) | FB(Net_787)
     |   6 |     * |      NONE |     HI_Z_DIGITAL |              Rx_USB(0) | FB(Net_544)
     |   7 |     * |      NONE |         CMOS_OUT |              Tx_USB(0) | In(Net_548)
-----+-----+-------+-----------+------------------+------------------------+-----------------------------------------------------
  15 |   0 |     * |      NONE |         CMOS_OUT |      Pin_Motor_EN_R(0) | In(Net_194)
---------------------------------------------------------------------------------------------------------------------------------
</CYPRESSTAG>
</CYPRESSTAG>
</CYPRESSTAG>
Digital component placer commit/Report: Elapsed time ==> 0s.100ms
Digital Placement phase: Elapsed time ==> 2s.124ms
</CYPRESSTAG>
<CYPRESSTAG name="Digital Routing">
"E:\Programs\PSoC\PSoC Creator\4.4\PSoC Creator\bin/sjrouter.exe" --xml-path "E:\Programs\PSoC\PSoC Creator\4.4\PSoC Creator\dev\psoc5/psoc5lp/route_arch-rrg.cydata" --vh2-path "KartonBalance_r.vh2" --pcf-path "KartonBalance.pco" --des-name "KartonBalance" --dsf-path "KartonBalance.dsf" --sdc-path "KartonBalance.sdc" --lib-path "KartonBalance_r.lib"
Routing successful.
Digital Routing phase: Elapsed time ==> 2s.294ms
</CYPRESSTAG>
<CYPRESSTAG name="Bitstream Generation">
Bitstream Generation phase: Elapsed time ==> 0s.166ms
</CYPRESSTAG>
<CYPRESSTAG name="Bitstream Verification">
Bitstream Verification phase: Elapsed time ==> 0s.042ms
</CYPRESSTAG>
<CYPRESSTAG name="Static timing analysis">
Timing report is in KartonBalance_timing.html.
Static timing analysis phase: Elapsed time ==> 0s.589ms
</CYPRESSTAG>
<CYPRESSTAG name="Data reporting">
Data reporting phase: Elapsed time ==> 0s.000ms
</CYPRESSTAG>
<CYPRESSTAG name="Database update...">
Design database save phase: Elapsed time ==> 0s.238ms
</CYPRESSTAG>
cydsfit: Elapsed time ==> 6s.113ms
</CYPRESSTAG>
Fitter phase: Elapsed time ==> 6s.114ms
API generation phase: Elapsed time ==> 1s.971ms
Dependency generation phase: Elapsed time ==> 0s.037ms
Cleanup phase: Elapsed time ==> 0s.001ms
